{"data": {"in_reply_to_user_id": "258973851", "author_id": "1401048051909685256", "entities": {"mentions": [{"start": 0, "end": 15, "username": "samuel_garcias"}]}, "text": "@samuel_garcias Que te pasa? A\u00fan no han dicho resultados y t\u00fa ya ladrando", "created_at": "2021-06-07T04:49:51.000Z", "public_metrics": {"retweet_count": 0, "reply_count": 0, "like_count": 0, "quote_count": 0}, "referenced_tweets": [{"type": "replied_to", "id": "1401748701450625030"}], "source": "Twitter for Android", "id": "1401763311813742592"}, "includes": {"users": [{"verified": false, "name": "Maria Esther", "id": "1401048051909685256", "description": "", "created_at": "2021-06-05T05:27:48.000Z", "username": "LaEstherMaria", "public_metrics": {"followers_count": 62, "following_count": 107, "tweet_count": 421, "listed_count": 0}, "protected": false}]}, "matching_rules": [{"id": 1401763258269196295, "tag": "Samuel Garcia"}]}