{"data": {"in_reply_to_user_id": "1322571595458772997", "author_id": "2903275523", "entities": {"mentions": [{"start": 0, "end": 8, "username": "ZMyBerg"}, {"start": 9, "end": 25, "username": "LuzMariaGoreti3"}, {"start": 26, "end": 42, "username": "AdrianDeLaGarza"}]}, "text": "@ZMyBerg @LuzMariaGoreti3 @AdrianDeLaGarza Ah\u00ed hicieron el voto in\u00fatil.", "created_at": "2021-06-07T04:49:55.000Z", "public_metrics": {"retweet_count": 0, "reply_count": 0, "like_count": 0, "quote_count": 0}, "referenced_tweets": [{"type": "replied_to", "id": "1401743820899893249"}], "source": "Twitter for Android", "id": "1401763329861902338"}, "includes": {"users": [{"verified": false, "name": "Arturo Hadad", "id": "2903275523", "description": "Juro solemnemente que mis intenciones no son buenas... \ud83d\ude0f", "created_at": "2014-12-03T03:32:49.000Z", "username": "rturohadad", "public_metrics": {"followers_count": 9572, "following_count": 9987, "tweet_count": 28924, "listed_count": 11}, "location": "Ebriuer", "protected": false}]}, "matching_rules": [{"id": 1401763258269196294, "tag": "Adrian de la Garza"}]}