{"data": {"author_id": "2207484204", "text": "*Samuel Garcia al enterarse que gano la gobernatura de Nuevo Leon*\nel sami: https://t.co/auJDv8i8OG", "entities": {"urls": [{"start": 76, "end": 99, "url": "https://t.co/auJDv8i8OG", "expanded_url": "https://twitter.com/ethorodison/status/1401763477576982529/photo/1", "display_url": "pic.twitter.com/auJDv8i8OG"}], "annotations": [{"start": 1, "end": 13, "probability": 0.9973, "type": "Person", "normalized_text": "Samuel Garcia"}, {"start": 55, "end": 64, "probability": 0.3259, "type": "Person", "normalized_text": "Nuevo Leon"}]}, "attachments": {"media_keys": ["3_1401763423134830594"]}, "created_at": "2021-06-07T04:50:31.000Z", "public_metrics": {"retweet_count": 0, "reply_count": 0, "like_count": 0, "quote_count": 0}, "source": "Twitter Web App", "id": "1401763477576982529"}, "includes": {"users": [{"verified": false, "name": "eTHor mZ", "id": "2207484204", "description": "", "created_at": "2013-11-21T16:53:16.000Z", "username": "ethorodison", "public_metrics": {"followers_count": 250, "following_count": 3042, "tweet_count": 2132, "listed_count": 2}, "protected": false}]}, "matching_rules": [{"id": 1401763258269196295, "tag": "Samuel Garcia"}]}