{"data": {"author_id": "984920954328379392", "text": "VOTAR X SAMUEL GARCIA ERA PURO MAMEEEE DDDDD NO SE PASEN Q GAN\u00d3\u00bf???", "created_at": "2021-06-07T04:50:45.000Z", "public_metrics": {"retweet_count": 0, "reply_count": 0, "like_count": 0, "quote_count": 0}, "source": "Twitter for Android", "entities": {"annotations": [{"start": 8, "end": 20, "probability": 0.8581, "type": "Person", "normalized_text": "SAMUEL GARCIA"}]}, "id": "1401763536435658755"}, "includes": {"users": [{"verified": false, "name": "\u2650\ud83d\udc8b", "id": "984920954328379392", "description": "XIX\ud83c\udf77\nSagittarius sun/Virgo rising/Aries moon", "created_at": "2018-04-13T22:27:09.000Z", "username": "TFernandaRF27", "public_metrics": {"followers_count": 3544, "following_count": 2807, "tweet_count": 21302, "listed_count": 1}, "location": "Dante's Hell", "protected": false}]}, "matching_rules": [{"id": 1401763258269196295, "tag": "Samuel Garcia"}]}