{"data": {"author_id": "1262187589680992257", "entities": {"mentions": [{"start": 3, "end": 15, "username": "cesarulloag"}, {"start": 76, "end": 91, "username": "samuel_garcias"}], "annotations": [{"start": 37, "end": 46, "probability": 0.9164, "type": "Place", "normalized_text": "Nuevo Le\u00f3n"}]}, "text": "RT @cesarulloag: As\u00ed dormimos hoy en Nuevo Le\u00f3n:\n\nVentaja de 10 puntos para @samuel_garcias como gobernador.\n\nVentaja de 12 puntos para @co\u2026", "created_at": "2021-06-07T04:51:11.000Z", "public_metrics": {"retweet_count": 10, "reply_count": 0, "like_count": 0, "quote_count": 0}, "referenced_tweets": [{"type": "retweeted", "id": "1401762988781092865"}], "source": "Twitter for Android", "id": "1401763647551160320"}, "includes": {"users": [{"verified": false, "name": "Fredo S Mtz \u262f\ufe0e", "id": "1262187589680992257", "description": "Hasta que nos volvamos a encontrar.\n29/11/16\n18/5/21", "created_at": "2020-05-18T01:06:00.000Z", "username": "FredoSmtz", "public_metrics": {"followers_count": 94, "following_count": 763, "tweet_count": 2265, "listed_count": 0}, "location": "Monterrey, Nuevo Le\u00f3n", "protected": false}]}, "matching_rules": [{"id": 1401763258269196295, "tag": "Samuel Garcia"}]}