{"data": {"referenced_tweets": [{"type": "retweeted", "id": "1401762704818425858"}], "text": "RT @DanaeCG8: @samuel_garcias No seas ridiculo por favor, aun no termina el conteo y ya te est\u00e1s autoproclamado, y con todo lo que has hech\u2026", "public_metrics": {"retweet_count": 1, "reply_count": 0, "like_count": 0, "quote_count": 0}, "author_id": "1389687721799602180", "created_at": "2021-06-07T04:48:59.000Z", "entities": {"mentions": [{"start": 3, "end": 12, "username": "DanaeCG8"}, {"start": 14, "end": 29, "username": "samuel_garcias"}]}, "source": "Twitter for iPhone", "id": "1401763091982004227"}, "includes": {"users": [{"name": "GerardoNu\u00f1z", "verified": false, "protected": false, "created_at": "2021-05-04T21:06:02.000Z", "description": "", "public_metrics": {"followers_count": 79, "following_count": 97, "tweet_count": 1448, "listed_count": 0}, "username": "NunzGerardo", "id": "1389687721799602180"}]}, "matching_rules": [{"id": 1401761981820923904, "tag": "Samuel Garcia"}]}