{"data": {"entities": {"mentions": [{"start": 3, "end": 17, "username": "javialonsordz"}, {"start": 67, "end": 82, "username": "claraluzflores"}], "urls": [{"start": 83, "end": 106, "url": "https://t.co/vbXWIrDBkx", "expanded_url": "https://twitter.com/javialonsordz/status/1401678555789025280/photo/1", "display_url": "pic.twitter.com/vbXWIrDBkx"}]}, "source": "Twitter for iPhone", "created_at": "2021-06-06T23:14:18.000Z", "author_id": "74926228", "attachments": {"media_keys": ["3_1401678548625068035"]}, "text": "RT @javialonsordz: \ud83e\udd1d| \u00a1Te deseamos \u00e9xito en tus futuros proyectos! @claraluzflores https://t.co/vbXWIrDBkx", "id": "1401678866486378496", "referenced_tweets": [{"type": "retweeted", "id": "1401678555789025280"}], "public_metrics": {"retweet_count": 7, "reply_count": 0, "like_count": 0, "quote_count": 0}}, "includes": {"users": [{"public_metrics": {"followers_count": 7501, "following_count": 1081, "tweet_count": 161170, "listed_count": 28}, "name": "Yamita\ud83c\udf1f\u2665\u26bd", "id": "74926228", "username": "YamJolie", "verified": false, "created_at": "2009-09-17T03:51:07.000Z", "protected": false, "location": "Yamilandia", "description": "Chava-ruca.. Puedo ser tu t\u00eda...la joven...y sensual. Soy de Rayados. Integrante de la #LigaDeLaPandilla"}]}, "matching_rules": [{"id": 1401678016993017863, "tag": "Clara Luz"}]}