{"data": {"entities": {"mentions": [{"start": 151, "end": 166, "username": "claraluzflores"}, {"start": 171, "end": 187, "username": "PartidoMorenaMx"}]}, "source": "Twitter for iPhone", "created_at": "2021-06-06T23:14:45.000Z", "author_id": "134518223", "text": "Ya empezaron a mamar todos los candidatos a gobernador que van ganando. Puro pedo! Pero c\u00f3mo quiera aprovecho el presente tuit para mandarle un CHTM a @claraluzflores y a @PartidoMorenaMx", "id": "1401678978872655873", "public_metrics": {"retweet_count": 0, "reply_count": 0, "like_count": 0, "quote_count": 0}}, "includes": {"users": [{"public_metrics": {"followers_count": 1287, "following_count": 908, "tweet_count": 129435, "listed_count": 26}, "name": "LRVG | Alex", "id": "134518223", "username": "alexdarknight82", "verified": false, "created_at": "2010-04-18T17:08:34.000Z", "protected": false, "location": "\u00dcT: 25.68367,-100.47062", "description": "Regio, aficionado a los comics y videojuegos. Hago streams para @laretavg (https://t.co/MXNiEzyPB0)\n\nYT: https://t.co/j2jaz8Tqpj\nFb: https://t.co/KC7sH5NxYB"}]}, "matching_rules": [{"id": 1401678016993017863, "tag": "Clara Luz"}]}