{"data": {"entities": {"mentions": [{"start": 0, "end": 14, "username": "AlvarezMaynez"}, {"start": 15, "end": 30, "username": "samuel_garcias"}]}, "source": "Twitter for iPhone", "created_at": "2021-06-06T23:14:45.000Z", "author_id": "158991905", "text": "@AlvarezMaynez @samuel_garcias Pinches politiquillos que tenemos, tramposos y mentirosos a m\u00e1s no poder! Por eso estamos como estanos", "id": "1401678979346620419", "referenced_tweets": [{"type": "replied_to", "id": "1401676551276666880"}], "public_metrics": {"retweet_count": 0, "reply_count": 0, "like_count": 0, "quote_count": 0}, "in_reply_to_user_id": "201171691"}, "includes": {"users": [{"public_metrics": {"followers_count": 324, "following_count": 638, "tweet_count": 32016, "listed_count": 3}, "name": "Ra\u00fal Peniche", "id": "158991905", "username": "ruls10", "verified": false, "created_at": "2010-06-24T04:53:49.000Z", "protected": false, "location": "Mexico, D. F. ", "description": ""}]}, "matching_rules": [{"id": 1401678016993017864, "tag": "Samuel Garcia"}]}