{"data": {"entities": {"mentions": [{"start": 3, "end": 12, "username": "IvonneOP"}, {"start": 94, "end": 109, "username": "samuel_garcias"}], "annotations": [{"start": 41, "end": 50, "probability": 0.3145, "type": "Place", "normalized_text": "Nuevo Le\u00f3n"}, {"start": 112, "end": 128, "probability": 0.9988, "type": "Person", "normalized_text": "Mariana Rodr\u00edguez"}]}, "source": "Twitter for Android", "created_at": "2021-06-06T23:14:50.000Z", "author_id": "104247053", "text": "RT @IvonneOP: En una elecci\u00f3n hist\u00f3rica, Nuevo Le\u00f3n tendr\u00e1 gobernador ciudadano. \u00a1Felicidades @samuel_garcias y Mariana Rodr\u00edguez por una g\u2026", "id": "1401679001165389824", "context_annotations": [{"domain": {"id": "10", "name": "Person", "description": "Named people in the world like Nelson Mandela"}, "entity": {"id": "905172814444953600", "name": "Ivonne Ortega Pacheco", "description": "Ivonne Ortega Pacheco"}}, {"domain": {"id": "35", "name": "Politician", "description": "Politicians in the world, like Joe Biden"}, "entity": {"id": "905172814444953600", "name": "Ivonne Ortega Pacheco", "description": "Ivonne Ortega Pacheco"}}], "referenced_tweets": [{"type": "retweeted", "id": "1401678283528359937"}], "public_metrics": {"retweet_count": 4, "reply_count": 0, "like_count": 0, "quote_count": 0}}, "includes": {"users": [{"public_metrics": {"followers_count": 214, "following_count": 1225, "tweet_count": 1955, "listed_count": 0}, "name": "Poncho", "id": "104247053", "username": "ponchohinojosa", "verified": false, "created_at": "2010-01-12T19:17:37.000Z", "protected": false, "location": "\u00dcT: 19.254484,-99.5791", "description": ""}]}, "matching_rules": [{"id": 1401678016993017864, "tag": "Samuel Garcia"}]}