{"data": {"entities": {"mentions": [{"start": 0, "end": 15, "username": "Pajaropolitico"}, {"start": 16, "end": 32, "username": "AdrianDeLaGarza"}, {"start": 33, "end": 48, "username": "MovCiudadanoMX"}, {"start": 49, "end": 64, "username": "samuel_garcias"}], "annotations": [{"start": 80, "end": 89, "probability": 0.687, "type": "Person", "normalized_text": "Larrazabal"}]}, "source": "Twitter for iPhone", "created_at": "2021-06-06T23:14:59.000Z", "author_id": "885966567099564034", "text": "@Pajaropolitico @AdrianDeLaGarza @MovCiudadanoMX @samuel_garcias Acaba de salir Larrazabal que en sus encuestas de salida el gan\u00f3 por 4 puntos jajaj\n\nEsp\u00e9rense a las 11pm mejor", "id": "1401679040113790976", "referenced_tweets": [{"type": "replied_to", "id": "1401677237410140160"}], "public_metrics": {"retweet_count": 0, "reply_count": 0, "like_count": 0, "quote_count": 0}, "in_reply_to_user_id": "84613584"}, "includes": {"users": [{"public_metrics": {"followers_count": 2494, "following_count": 484, "tweet_count": 13782, "listed_count": 4}, "name": "FERMOR \u2741", "id": "885966567099564034", "username": "FERMOR_23", "verified": false, "created_at": "2017-07-14T20:57:44.000Z", "protected": false, "location": "Mexico", "description": "Vota el 6 de Junio \ud83e\udd1c X \ud83c\uddf2\ud83c\uddfd + Videojuegos/ Pel\u00edculas/ Anime/ TV & \u26bd\ufe0f \ud83d\udc05"}]}, "matching_rules": [{"id": 1401678016993017864, "tag": "Samuel Garcia"}, {"id": 1401678016993017861, "tag": "Adrian de la Garza"}]}