{"data": {"entities": {"mentions": [{"start": 3, "end": 17, "username": "javialonsordz"}, {"start": 67, "end": 82, "username": "claraluzflores"}], "urls": [{"start": 83, "end": 106, "url": "https://t.co/vbXWIrDBkx", "expanded_url": "https://twitter.com/javialonsordz/status/1401678555789025280/photo/1", "display_url": "pic.twitter.com/vbXWIrDBkx"}]}, "source": "Twitter for iPhone", "created_at": "2021-06-06T23:15:18.000Z", "author_id": "179774988", "attachments": {"media_keys": ["3_1401678548625068035"]}, "text": "RT @javialonsordz: \ud83e\udd1d| \u00a1Te deseamos \u00e9xito en tus futuros proyectos! @claraluzflores https://t.co/vbXWIrDBkx", "id": "1401679118110965764", "referenced_tweets": [{"type": "retweeted", "id": "1401678555789025280"}], "public_metrics": {"retweet_count": 13, "reply_count": 0, "like_count": 0, "quote_count": 0}}, "includes": {"users": [{"public_metrics": {"followers_count": 9846, "following_count": 820, "tweet_count": 179574, "listed_count": 24}, "name": "Cintia Gutierrez", "id": "179774988", "username": "CintiaFoox", "verified": false, "created_at": "2010-08-18T02:31:48.000Z", "protected": false, "location": "Monterrey, Nuevo Le\u00f3n", "description": "No regrets, just love."}]}, "matching_rules": [{"id": 1401678016993017863, "tag": "Clara Luz"}]}