{"data": {"entities": {"urls": [{"start": 23, "end": 46, "url": "https://t.co/PZHtQMEcVZ", "expanded_url": "https://twitter.com/absalon78/status/1401677929583714312", "display_url": "twitter.com/absalon78/stat\u2026"}]}, "source": "Twitter for iPhone", "created_at": "2021-06-06T23:15:20.000Z", "author_id": "1549703780", "text": "Este wey es un payaso. https://t.co/PZHtQMEcVZ", "id": "1401679127678275587", "referenced_tweets": [{"type": "quoted", "id": "1401677929583714312"}], "public_metrics": {"retweet_count": 0, "reply_count": 0, "like_count": 0, "quote_count": 0}}, "includes": {"users": [{"public_metrics": {"followers_count": 869, "following_count": 2439, "tweet_count": 68022, "listed_count": 4}, "name": "Karla Gzz", "id": "1549703780", "username": "iKarlgzz", "verified": false, "created_at": "2013-06-27T03:52:53.000Z", "protected": false, "location": "Monterrey, Nuevo Le\u00f3n", "description": "Law Student // @arsenal @rayados // Idealista. she/her :)"}]}, "matching_rules": [{"id": 1401678016993017864, "tag": "Samuel Garcia"}, {"id": 1401678016993017861, "tag": "Adrian de la Garza"}]}