{"data": {"entities": {"hashtags": [{"start": 21, "end": 38, "tag": "EncuestaDeSalida"}], "mentions": [{"start": 3, "end": 19, "username": "ElFinanciero_Mx"}, {"start": 74, "end": 90, "username": "AdrianDeLaGarza"}, {"start": 93, "end": 108, "username": "samuel_garcias"}], "annotations": [{"start": 112, "end": 121, "probability": 0.9367, "type": "Place", "normalized_text": "Nuevo Le\u00f3n"}]}, "source": "Twitter for Android", "created_at": "2021-06-06T23:16:04.000Z", "author_id": "1140286954539540481", "text": "RT @ElFinanciero_Mx: #EncuestaDeSalida: La contienda es muy cerrada entre @AdrianDeLaGarza y @samuel_garcias en Nuevo Le\u00f3n. #EleccionesMexi\u2026", "id": "1401679310776410113", "referenced_tweets": [{"type": "retweeted", "id": "1401678728229445638"}], "public_metrics": {"retweet_count": 9, "reply_count": 0, "like_count": 0, "quote_count": 0}}, "includes": {"users": [{"public_metrics": {"followers_count": 2525, "following_count": 3489, "tweet_count": 19996, "listed_count": 2}, "name": "S Kenny \ud83c\uddf5\ud83c\uddfc", "id": "1140286954539540481", "username": "JQNW_", "verified": false, "created_at": "2019-06-16T15:56:10.000Z", "protected": false, "location": "Palau", "description": "#SiguemeYTeSigo\n#SaveRalph\nSer de Izquierda no significa ser servidor y alabador del gobierno, 26 a\u00f1os de edad. No me manden \ud83d\udcf5 DM"}]}, "matching_rules": [{"id": 1401678016993017864, "tag": "Samuel Garcia"}, {"id": 1401678016993017861, "tag": "Adrian de la Garza"}]}