{"data": {"entities": {"mentions": [{"start": 0, "end": 14, "username": "ClaudioOchoaH"}, {"start": 15, "end": 31, "username": "AdrianDeLaGarza"}, {"start": 32, "end": 46, "username": "MassiveCaller"}, {"start": 63, "end": 78, "username": "samuel_garcias"}]}, "source": "Twitter for Android", "geo": {"place_id": "6f1840cee437e17a"}, "created_at": "2021-06-06T23:16:11.000Z", "author_id": "1045033040089681920", "text": "@ClaudioOchoaH @AdrianDeLaGarza @MassiveCaller le da ventaja a @samuel_garcias", "id": "1401679342468583425", "referenced_tweets": [{"type": "replied_to", "id": "1401675935687053312"}], "public_metrics": {"retweet_count": 0, "reply_count": 0, "like_count": 0, "quote_count": 0}, "in_reply_to_user_id": "129937603"}, "includes": {"users": [{"public_metrics": {"followers_count": 379, "following_count": 5001, "tweet_count": 27480, "listed_count": 3}, "name": "Visor Empresarial", "id": "1045033040089681920", "username": "VisorEmpresari2", "verified": false, "created_at": "2018-09-26T19:31:07.000Z", "protected": false, "location": "N\u00e1poles, Benito Ju\u00e1rez", "description": "Agencia de Informaci\u00f3n 360\u00b0.\nR. P. Videomaping, Dise\u00f1o Gr\u00e1fico y Monitoreo de medios de comunicaci\u00f3n."}]}, "matching_rules": [{"id": 1401678016993017864, "tag": "Samuel Garcia"}, {"id": 1401678016993017861, "tag": "Adrian de la Garza"}]}