{"data": {"entities": {"mentions": [{"start": 3, "end": 19, "username": "HugoCer15525848"}, {"start": 50, "end": 64, "username": "lopezobrador_"}, {"start": 66, "end": 80, "username": "mario_delgado"}, {"start": 82, "end": 97, "username": "claraluzflores"}, {"start": 99, "end": 114, "username": "abrahamendieta"}, {"start": 116, "end": 126, "username": "ChicShion"}], "annotations": [{"start": 42, "end": 47, "probability": 0.8306, "type": "Place", "normalized_text": "M\u00e9xico"}]}, "source": "Twitter for Android", "created_at": "2021-06-06T23:16:30.000Z", "author_id": "168728651", "text": "RT @HugoCer15525848: Fuera el PRIAN de mi M\u00e9xico \n@lopezobrador_ \n@mario_delgado \n@claraluzflores \n@abrahamendieta \n@ChicShion \n@YosoyPedre\u2026", "id": "1401679420272828423", "context_annotations": [{"domain": {"id": "10", "name": "Person", "description": "Named people in the world like Nelson Mandela"}, "entity": {"id": "905182543464472576", "name": "Andres Manuel Lopez Obrador", "description": "President of Mexico"}}, {"domain": {"id": "35", "name": "Politician", "description": "Politicians in the world, like Joe Biden"}, "entity": {"id": "905182543464472576", "name": "Andres Manuel Lopez Obrador", "description": "President of Mexico"}}, {"domain": {"id": "119", "name": "Holiday", "description": "Holidays like Christmas or Halloween"}, "entity": {"id": "1286645331686350848", "name": "Dia de la Independencia (Grito de Dolores) ", "description": "This entity includes conversations about Dia de la Independencia (Grito de Dolores) for all years."}}], "referenced_tweets": [{"type": "retweeted", "id": "1401671149885571074"}], "public_metrics": {"retweet_count": 9, "reply_count": 0, "like_count": 0, "quote_count": 0}}, "includes": {"users": [{"public_metrics": {"followers_count": 450, "following_count": 1322, "tweet_count": 55767, "listed_count": 9}, "name": "Alejandro Reyes", "id": "168728651", "username": "KingsMachin", "verified": false, "created_at": "2010-07-20T16:53:30.000Z", "protected": false, "location": "Quer\u00e9taro, ", "description": ""}]}, "matching_rules": [{"id": 1401678016993017863, "tag": "Clara Luz"}]}