{"data": {"entities": {"mentions": [{"start": 0, "end": 14, "username": "AlvarezMaynez"}, {"start": 15, "end": 30, "username": "samuel_garcias"}]}, "source": "Twitter for Android", "created_at": "2021-06-06T23:16:35.000Z", "author_id": "14429332", "text": "@AlvarezMaynez @samuel_garcias Todav\u00eda ni ha de empezar el conteo, rid\u00edculo", "id": "1401679443525996545", "referenced_tweets": [{"type": "replied_to", "id": "1401676551276666880"}], "public_metrics": {"retweet_count": 0, "reply_count": 0, "like_count": 0, "quote_count": 0}, "in_reply_to_user_id": "201171691"}, "includes": {"users": [{"public_metrics": {"followers_count": 146, "following_count": 202, "tweet_count": 7912, "listed_count": 5}, "name": "da monch", "id": "14429332", "username": "mmonge", "verified": false, "created_at": "2008-04-18T03:37:39.000Z", "protected": false, "description": "I copy/paste code for money"}]}, "matching_rules": [{"id": 1401678016993017864, "tag": "Samuel Garcia"}]}