{"data": {"entities": {"mentions": [{"start": 0, "end": 15, "username": "Pajaropolitico"}, {"start": 16, "end": 32, "username": "AdrianDeLaGarza"}, {"start": 33, "end": 48, "username": "MovCiudadanoMX"}, {"start": 49, "end": 64, "username": "samuel_garcias"}]}, "source": "Twitter for Android", "created_at": "2021-06-06T23:17:06.000Z", "author_id": "1042187564873076736", "text": "@Pajaropolitico @AdrianDeLaGarza @MovCiudadanoMX @samuel_garcias Perros hambrientos", "id": "1401679570676457474", "referenced_tweets": [{"type": "replied_to", "id": "1401677237410140160"}], "public_metrics": {"retweet_count": 0, "reply_count": 0, "like_count": 0, "quote_count": 0}, "in_reply_to_user_id": "84613584"}, "includes": {"users": [{"public_metrics": {"followers_count": 15, "following_count": 377, "tweet_count": 167, "listed_count": 0}, "name": "Fornica69", "id": "1042187564873076736", "username": "Fornica691", "verified": false, "created_at": "2018-09-18T23:04:13.000Z", "protected": false, "description": ""}]}, "matching_rules": [{"id": 1401678016993017864, "tag": "Samuel Garcia"}, {"id": 1401678016993017861, "tag": "Adrian de la Garza"}]}