{"data": {"entities": {"mentions": [{"start": 3, "end": 13, "username": "absalon78"}, {"start": 83, "end": 99, "username": "AdrianDeLaGarza"}]}, "source": "Twitter for Android", "created_at": "2021-06-06T23:17:06.000Z", "author_id": "1643587549", "text": "RT @absalon78: \u201c3 puntos arriba dicen las encuestas que tienen menor diferencia\u201d\n- @AdrianDeLaGarza", "id": "1401679573503328263", "referenced_tweets": [{"type": "retweeted", "id": "1401676392534843394"}], "public_metrics": {"retweet_count": 5, "reply_count": 0, "like_count": 0, "quote_count": 0}}, "includes": {"users": [{"public_metrics": {"followers_count": 1287, "following_count": 2399, "tweet_count": 16075, "listed_count": 4}, "name": "Raphy\ud83c\uddeb\ud83c\uddee", "id": "1643587549", "username": "elraphy1", "verified": false, "created_at": "2013-08-03T20:07:57.000Z", "protected": false, "location": "Monterrey M\u00e9xico", "description": "Mejor Team:Mi Familia\ud83d\udc68\u200d\ud83d\udc69\u200d\ud83d\udc67\u200d\ud83d\udc67\n#ArribaElMonterrey\ud83c\uddeb\ud83c\uddee\n@Rayados @Rayadas #FamiliaRayada\ud83c\uddeb\ud83c\uddee\ud83c\udf80 10Sur\ud83c\uddeb\ud83c\uddee | Opiniones personales"}]}, "matching_rules": [{"id": 1401678016993017861, "tag": "Adrian de la Garza"}]}