{"data": {"entities": {"mentions": [{"start": 3, "end": 19, "username": "AdrianDeLaGarza"}], "urls": [{"start": 49, "end": 72, "url": "https://t.co/F1Hlt5v7K3", "expanded_url": "https://twitter.com/AdrianDeLaGarza/status/1401679458277412866/photo/1", "display_url": "pic.twitter.com/F1Hlt5v7K3"}]}, "source": "Twitter Web App", "created_at": "2021-06-06T23:17:30.000Z", "author_id": "1374403746566868992", "attachments": {"media_keys": ["3_1401679211857944584"]}, "text": "RT @AdrianDeLaGarza: \u00a1TODO VA A ESTAR BIEN! \ud83d\udcaa\ud83c\udffc\ud83d\udc4a\ud83c\udffc https://t.co/F1Hlt5v7K3", "id": "1401679672824451073", "referenced_tweets": [{"type": "retweeted", "id": "1401679458277412866"}], "public_metrics": {"retweet_count": 17, "reply_count": 0, "like_count": 0, "quote_count": 0}}, "includes": {"users": [{"public_metrics": {"followers_count": 45, "following_count": 130, "tweet_count": 150, "listed_count": 0}, "name": "Hechos No Mandadas", "id": "1374403746566868992", "username": "HechosNoMndadas", "verified": false, "created_at": "2021-03-23T17:11:35.000Z", "protected": false, "location": "Monterrey", "description": "Pura gente de acci\u00f3n, y no de palabra.\nPura gente de Monterrey ajuuaaa.\nPura raza con huevos, no andamos lloriqueando.\n#CHTMC"}]}, "matching_rules": [{"id": 1401678016993017861, "tag": "Adrian de la Garza"}]}