{"data": {"entities": {"mentions": [{"start": 0, "end": 16, "username": "AdrianDeLaGarza"}, {"start": 17, "end": 30, "username": "Arturo_Rdz16"}], "annotations": [{"start": 54, "end": 59, "probability": 0.9897, "type": "Person", "normalized_text": "Adrian"}]}, "source": "Twitter for Android", "created_at": "2021-06-06T23:18:11.000Z", "author_id": "138679091", "text": "@AdrianDeLaGarza @Arturo_Rdz16 No te viste muy seguro Adrian.", "id": "1401679842400219145", "referenced_tweets": [{"type": "replied_to", "id": "1401679458277412866"}], "public_metrics": {"retweet_count": 0, "reply_count": 0, "like_count": 0, "quote_count": 0}, "in_reply_to_user_id": "2357040230"}, "includes": {"users": [{"public_metrics": {"followers_count": 334, "following_count": 1503, "tweet_count": 9672, "listed_count": 4}, "name": "Yair", "id": "138679091", "username": "WYair10", "verified": false, "created_at": "2010-04-30T07:30:20.000Z", "protected": false, "location": "Monterrey, Nuevo Leon", "description": "Un simple mortal...!!! Tigre de coraz\u00f3n."}]}, "matching_rules": [{"id": 1401678016993017861, "tag": "Adrian de la Garza"}]}