{"data": {"entities": {"mentions": [{"start": 0, "end": 16, "username": "AdrianDeLaGarza"}], "annotations": [{"start": 75, "end": 80, "probability": 0.9853, "type": "Person", "normalized_text": "Felipe"}]}, "source": "Twitter for Android", "created_at": "2021-06-06T23:18:30.000Z", "author_id": "132211253", "text": "@AdrianDeLaGarza Espero que si no resultas ganador, no se la robas como a  Felipe!!!", "id": "1401679922373005318", "referenced_tweets": [{"type": "replied_to", "id": "1401679458277412866"}], "public_metrics": {"retweet_count": 0, "reply_count": 0, "like_count": 0, "quote_count": 0}, "in_reply_to_user_id": "2357040230"}, "includes": {"users": [{"public_metrics": {"followers_count": 202, "following_count": 856, "tweet_count": 6259, "listed_count": 4}, "name": "Carlos 7amayo", "id": "132211253", "username": "cetamayo", "verified": false, "created_at": "2010-04-12T16:03:27.000Z", "protected": false, "description": "Asesor Fiscal y Fan de Equipo de la Decada 7igres, y de la comida de gordos y seguidor de Jesus y Maria"}]}, "matching_rules": [{"id": 1401678016993017861, "tag": "Adrian de la Garza"}]}