{"data": {"entities": {"mentions": [{"start": 0, "end": 13, "username": "KatuArkonada"}, {"start": 14, "end": 26, "username": "mariocampos"}], "annotations": [{"start": 27, "end": 32, "probability": 0.6332, "type": "Person", "normalized_text": "ADRIAN"}, {"start": 40, "end": 44, "probability": 0.3485, "type": "Person", "normalized_text": "garza"}]}, "source": "Twitter for iPhone", "created_at": "2021-06-06T23:18:35.000Z", "author_id": "174348701", "text": "@KatuArkonada @mariocampos ADRIAN de la garza", "id": "1401679946741956617", "referenced_tweets": [{"type": "replied_to", "id": "1401679440086720512"}], "public_metrics": {"retweet_count": 0, "reply_count": 0, "like_count": 0, "quote_count": 0}, "in_reply_to_user_id": "280081621"}, "includes": {"users": [{"public_metrics": {"followers_count": 750, "following_count": 2324, "tweet_count": 7328, "listed_count": 2}, "name": "JOAQUIN GASCA", "id": "174348701", "username": "joakingasca", "verified": false, "created_at": "2010-08-03T18:26:38.000Z", "protected": false, "description": ""}]}, "matching_rules": [{"id": 1401678016993017861, "tag": "Adrian de la Garza"}]}