{"data": {"entities": {"mentions": [{"start": 0, "end": 13, "username": "Chertorivski"}, {"start": 14, "end": 29, "username": "samuel_garcias"}]}, "source": "Twitter Web App", "created_at": "2021-06-06T23:19:53.000Z", "author_id": "134241161", "text": "@Chertorivski @samuel_garcias \ud83e\udd23\ud83e\udd23\ud83e\udd23 Cl\u00e1sico..... Q idiota", "id": "1401680270139535371", "referenced_tweets": [{"type": "replied_to", "id": "1401679061785661441"}], "public_metrics": {"retweet_count": 0, "reply_count": 0, "like_count": 0, "quote_count": 0}, "in_reply_to_user_id": "177258329"}, "includes": {"users": [{"public_metrics": {"followers_count": 300, "following_count": 780, "tweet_count": 41003, "listed_count": 0}, "name": "Daniel Marquez", "id": "134241161", "username": "DanielRMarquezG", "verified": false, "created_at": "2010-04-17T21:26:59.000Z", "protected": false, "location": "Mexico DF", "description": "Pendiente"}]}, "matching_rules": [{"id": 1401678016993017864, "tag": "Samuel Garcia"}]}