{"data": {"entities": {"mentions": [{"start": 3, "end": 13, "username": "ryodeDios"}, {"start": 62, "end": 78, "username": "AdrianDeLaGarza"}, {"start": 102, "end": 117, "username": "samuel_garcias"}], "annotations": [{"start": 51, "end": 57, "probability": 0.7283, "type": "Organization", "normalized_text": "PRI PRD"}]}, "source": "Twitter for iPhone", "created_at": "2021-06-06T23:19:56.000Z", "author_id": "4736521106", "text": "RT @ryodeDios: Vean esta chulada \ud83e\udd73\n\nVa ganando el PRI PRD con @AdrianDeLaGarza\nBravo \ud83d\udc4f \ud83d\udc4f \ud83d\udc4f \ud83d\udc4f\n\nBye Bye @samuel_garcias \ud83d\udc4b\n\nImagen v\u00eda @aleida\u2026", "id": "1401680285121589249", "referenced_tweets": [{"type": "retweeted", "id": "1401668750462656513"}], "public_metrics": {"retweet_count": 70, "reply_count": 0, "like_count": 0, "quote_count": 0}}, "includes": {"users": [{"public_metrics": {"followers_count": 136, "following_count": 1500, "tweet_count": 25208, "listed_count": 1}, "name": "rigoberto tovar", "id": "4736521106", "username": "kachis1966", "verified": false, "created_at": "2016-01-10T04:17:54.000Z", "protected": false, "location": "Mexico, ME", "description": ""}]}, "matching_rules": [{"id": 1401678016993017864, "tag": "Samuel Garcia"}, {"id": 1401678016993017861, "tag": "Adrian de la Garza"}]}