{"data": {"entities": {"hashtags": [{"start": 120, "end": 130, "tag": "NuevoLe\u00f3n"}], "mentions": [{"start": 0, "end": 15, "username": "TorresJudith27"}, {"start": 16, "end": 32, "username": "AdrianDeLaGarza"}, {"start": 33, "end": 48, "username": "FelipeCalderon"}, {"start": 75, "end": 91, "username": "AdrianDeLaGarza"}], "urls": [{"start": 131, "end": 154, "url": "https://t.co/CUPSW9bSFR", "expanded_url": "https://twitter.com/Valentintrevin_/status/1401680398623576064/photo/1", "display_url": "pic.twitter.com/CUPSW9bSFR"}]}, "source": "Twitter for iPhone", "created_at": "2021-06-06T23:20:23.000Z", "author_id": "1388595135542403087", "attachments": {"media_keys": ["3_1401680394618015748"]}, "text": "@TorresJudith27 @AdrianDeLaGarza @FelipeCalderon Ya est\u00e1 m\u00e1s que decidido, @AdrianDeLaGarza es el pr\u00f3ximo gobernador de #NuevoLe\u00f3n https://t.co/CUPSW9bSFR", "id": "1401680398623576064", "context_annotations": [{"domain": {"id": "10", "name": "Person", "description": "Named people in the world like Nelson Mandela"}, "entity": {"id": "811666356277891072", "name": "Felipe Calder\u00f3n", "description": "Former president of Mexico, Felipe Calder\u00f3n"}}, {"domain": {"id": "35", "name": "Politician", "description": "Politicians in the world, like Joe Biden"}, "entity": {"id": "811666356277891072", "name": "Felipe Calder\u00f3n", "description": "Former president of Mexico, Felipe Calder\u00f3n"}}], "referenced_tweets": [{"type": "replied_to", "id": "1401665417886773255"}], "public_metrics": {"retweet_count": 0, "reply_count": 0, "like_count": 0, "quote_count": 0}, "in_reply_to_user_id": "1386784226117365762"}, "includes": {"users": [{"public_metrics": {"followers_count": 185, "following_count": 465, "tweet_count": 2083, "listed_count": 0}, "name": "Valentina Trevi\u00f1o", "id": "1388595135542403087", "username": "Valentintrevin_", "verified": false, "created_at": "2021-05-01T20:44:19.000Z", "protected": false, "description": "#UANL"}]}, "matching_rules": [{"id": 1401678016993017861, "tag": "Adrian de la Garza"}]}