{"data": {"entities": {"mentions": [{"start": 0, "end": 14, "username": "GustavoRocMtz"}, {"start": 15, "end": 31, "username": "AdrianDeLaGarza"}]}, "source": "Twitter Web App", "created_at": "2021-06-06T23:20:47.000Z", "author_id": "1061121763", "text": "@GustavoRocMtz @AdrianDeLaGarza Va pero en esta cabeza sentado el pinch\u00e9 Narquete de Mierda...", "id": "1401680498129346562", "referenced_tweets": [{"type": "replied_to", "id": "1401676226809548800"}], "public_metrics": {"retweet_count": 0, "reply_count": 0, "like_count": 0, "quote_count": 0}, "in_reply_to_user_id": "967097326883037184"}, "includes": {"users": [{"public_metrics": {"followers_count": 914, "following_count": 1253, "tweet_count": 4344, "listed_count": 2}, "name": "Desde el Norte...", "id": "1061121763", "username": "TonyMJaime", "verified": false, "created_at": "2013-01-04T18:32:05.000Z", "protected": false, "description": "Regio, LAE ,Chairo, amante de la lectura y del genero de Terror, mal hablado de nacimiento y me remputan los actos de injusticia."}]}, "matching_rules": [{"id": 1401678016993017861, "tag": "Adrian de la Garza"}]}