{"data": {"entities": {"mentions": [{"start": 0, "end": 10, "username": "vayalamty"}, {"start": 11, "end": 27, "username": "AdrianDeLaGarza"}, {"start": 28, "end": 43, "username": "samuel_garcias"}, {"start": 44, "end": 56, "username": "MtyFollowMx"}, {"start": 57, "end": 73, "username": "josuegonzaleztv"}, {"start": 74, "end": 83, "username": "cesarmty"}, {"start": 84, "end": 96, "username": "VecinoRegi0"}, {"start": 97, "end": 108, "username": "Mty_Leones"}, {"start": 109, "end": 125, "username": "aztecacomunidad"}, {"start": 126, "end": 138, "username": "QuePasaEnSN"}, {"start": 139, "end": 151, "username": "blancoduran"}, {"start": 152, "end": 168, "username": "CarlosSanchezMX"}, {"start": 169, "end": 179, "username": "dreyesmty"}, {"start": 180, "end": 194, "username": "JudithMedrano"}, {"start": 195, "end": 208, "username": "SoyDeSanNico"}, {"start": 209, "end": 223, "username": "DarkKnightMty"}], "annotations": [{"start": 252, "end": 254, "probability": 0.853, "type": "Organization", "normalized_text": "INE"}]}, "source": "Twitter for iPhone", "created_at": "2021-06-06T23:20:49.000Z", "author_id": "880890687033663489", "text": "@vayalamty @AdrianDeLaGarza @samuel_garcias @MtyFollowMx @josuegonzaleztv @cesarmty @VecinoRegi0 @Mty_Leones @aztecacomunidad @QuePasaEnSN @blancoduran @CarlosSanchezMX @dreyesmty @JudithMedrano @SoyDeSanNico @DarkKnightMty A todos deber\u00eda prohibir el INE cualquier proclamaci\u00f3n", "id": "1401680505918140422", "referenced_tweets": [{"type": "replied_to", "id": "1401680216158871560"}], "public_metrics": {"retweet_count": 0, "reply_count": 0, "like_count": 0, "quote_count": 0}, "in_reply_to_user_id": "126053281"}, "includes": {"users": [{"public_metrics": {"followers_count": 100, "following_count": 273, "tweet_count": 1022, "listed_count": 0}, "name": "Jos\u00e9 Luis Arizmendi P.", "id": "880890687033663489", "username": "ZirCoach", "verified": false, "created_at": "2017-06-30T20:48:00.000Z", "protected": false, "location": "Monterrey, Nuevo Le\u00f3n", "description": "Coach Ejecutivo, certificado por la ICC de Londres, Asesor de Negocio. Estoy para quien me pida ayuda. Mi mayor consejo, Atr\u00e9vete, fuera miedos"}]}, "matching_rules": [{"id": 1401678016993017864, "tag": "Samuel Garcia"}, {"id": 1401678016993017861, "tag": "Adrian de la Garza"}]}