{"data": {"entities": {"mentions": [{"start": 0, "end": 12, "username": "cesarulloag"}, {"start": 13, "end": 29, "username": "AdrianDeLaGarza"}, {"start": 30, "end": 45, "username": "samuel_garcias"}]}, "source": "Twitter for Android", "created_at": "2021-06-06T23:20:59.000Z", "author_id": "2586866978", "text": "@cesarulloag @AdrianDeLaGarza @samuel_garcias Cromalo.....", "id": "1401680549652074503", "referenced_tweets": [{"type": "replied_to", "id": "1401678319276462081"}], "public_metrics": {"retweet_count": 0, "reply_count": 0, "like_count": 0, "quote_count": 0}, "in_reply_to_user_id": "381875430"}, "includes": {"users": [{"public_metrics": {"followers_count": 8, "following_count": 207, "tweet_count": 634, "listed_count": 0}, "name": "Luis Alberto", "id": "2586866978", "username": "luisflores1704", "verified": false, "created_at": "2014-06-25T04:42:54.000Z", "protected": false, "description": ""}]}, "matching_rules": [{"id": 1401678016993017864, "tag": "Samuel Garcia"}, {"id": 1401678016993017861, "tag": "Adrian de la Garza"}]}