{"data": {"entities": {"mentions": [{"start": 3, "end": 17, "username": "ClaudioOchoaH"}, {"start": 72, "end": 88, "username": "FerLarrazabalNL"}], "annotations": [{"start": 38, "end": 47, "probability": 0.3618, "type": "Person", "normalized_text": "Nuevo Le\u00f3n"}]}, "source": "Twitter for iPhone", "created_at": "2021-06-06T23:21:05.000Z", "author_id": "37014737", "text": "RT @ClaudioOchoaH: No s\u00e9 c\u00f3mo le har\u00e1 Nuevo Le\u00f3n con tres gobernadores. @FerLarrazabalNL dice que sus encuestas de salida lo ponen en prime\u2026", "id": "1401680573077327874", "referenced_tweets": [{"type": "retweeted", "id": "1401678767567802376"}], "public_metrics": {"retweet_count": 15, "reply_count": 0, "like_count": 0, "quote_count": 0}}, "includes": {"users": [{"public_metrics": {"followers_count": 178, "following_count": 488, "tweet_count": 7834, "listed_count": 2}, "name": "Alejandro", "id": "37014737", "username": "ruizalejandro", "verified": false, "created_at": "2009-05-01T19:07:12.000Z", "protected": false, "location": "Monterrey", "description": "it\u2019s personal, it's not business."}]}, "matching_rules": [{"id": 1401678016993017862, "tag": "Fernando Larrazabal"}, {"id": 1401678016993017863, "tag": "Clara Luz"}]}