{"data": {"entities": {"mentions": [{"start": 3, "end": 19, "username": "AdrianDeLaGarza"}]}, "source": "Twitter for iPhone", "created_at": "2021-06-06T23:21:32.000Z", "author_id": "218538786", "text": "Si @AdrianDeLaGarza dice que ya ganamos es porque ya ganamos!!", "id": "1401680686742790144", "public_metrics": {"retweet_count": 0, "reply_count": 0, "like_count": 0, "quote_count": 0}}, "includes": {"users": [{"public_metrics": {"followers_count": 431, "following_count": 222, "tweet_count": 14137, "listed_count": 5}, "name": "Rocio Arriaga", "id": "218538786", "username": "_rociojazmin", "verified": false, "created_at": "2010-11-22T16:25:17.000Z", "protected": false, "description": "Instagram: rociojazmin"}]}, "matching_rules": [{"id": 1401678016993017861, "tag": "Adrian de la Garza"}]}