{"data": {"entities": {"mentions": [{"start": 0, "end": 16, "username": "afernan97570071"}, {"start": 54, "end": 70, "username": "AdrianDeLaGarza"}]}, "source": "Twitter for Android", "created_at": "2021-06-06T23:21:47.000Z", "author_id": "184161381", "text": "@afernan97570071 No, prometi\u00f3 y no cumpli\u00f3 en campa\u00f1a @AdrianDeLaGarza", "id": "1401680749745557505", "referenced_tweets": [{"type": "replied_to", "id": "1401679649755783169"}], "public_metrics": {"retweet_count": 0, "reply_count": 0, "like_count": 0, "quote_count": 0}, "in_reply_to_user_id": "1271524543572643845"}, "includes": {"users": [{"public_metrics": {"followers_count": 9389, "following_count": 6733, "tweet_count": 56976, "listed_count": 5}, "name": "\u0e51 \u1d39\u1d43\u1d48\u1d49 \u0e51", "id": "184161381", "username": "Jm8ac", "verified": false, "created_at": "2010-08-28T21:19:10.000Z", "protected": false, "description": "\ud83d\udda4Yo la verdad es que no gano nada con estar chingando, chingo sin fines de lucro, por amor al arte.\n\n\nrayada\ud83d\udc99"}]}, "matching_rules": [{"id": 1401678016993017861, "tag": "Adrian de la Garza"}]}