{"data": {"entities": {"urls": [{"start": 92, "end": 115, "url": "https://t.co/evCSM6IIwp", "expanded_url": "https://twitter.com/AlvarezMaynez/status/1401676551276666880", "display_url": "twitter.com/AlvarezMaynez/\u2026"}]}, "source": "Twitter for Android", "created_at": "2021-06-06T23:22:21.000Z", "author_id": "1236720066722508801", "text": "Este es una muestra de que puedes decirte dem\u00f3crata, pero en realidad s\u00f3lo eres un pendejo. https://t.co/evCSM6IIwp", "id": "1401680894990110722", "referenced_tweets": [{"type": "quoted", "id": "1401676551276666880"}], "public_metrics": {"retweet_count": 0, "reply_count": 0, "like_count": 0, "quote_count": 0}}, "includes": {"users": [{"public_metrics": {"followers_count": 39, "following_count": 479, "tweet_count": 1404, "listed_count": 0}, "name": "Armando Nativitas", "id": "1236720066722508801", "username": "ArmandNativitas", "verified": false, "created_at": "2020-03-08T18:27:30.000Z", "protected": false, "description": "UAM-X: PyGS. \nEn esta cuenta se usa la iron\u00eda a menudo, casi siempre, por lo regular.\nTambi\u00e9n tengo un blog, \u00e9chale ojo."}]}, "matching_rules": [{"id": 1401678016993017864, "tag": "Samuel Garcia"}]}