{"data": {"entities": {"mentions": [{"start": 3, "end": 19, "username": "AdrianDeLaGarza"}], "urls": [{"start": 49, "end": 72, "url": "https://t.co/F1Hlt5v7K3", "expanded_url": "https://twitter.com/AdrianDeLaGarza/status/1401679458277412866/photo/1", "display_url": "pic.twitter.com/F1Hlt5v7K3"}]}, "source": "Twitter for iPhone", "created_at": "2021-06-06T23:22:26.000Z", "author_id": "223695232", "attachments": {"media_keys": ["3_1401679211857944584"]}, "text": "RT @AdrianDeLaGarza: \u00a1TODO VA A ESTAR BIEN! \ud83d\udcaa\ud83c\udffc\ud83d\udc4a\ud83c\udffc https://t.co/F1Hlt5v7K3", "id": "1401680911968636930", "referenced_tweets": [{"type": "retweeted", "id": "1401679458277412866"}], "public_metrics": {"retweet_count": 68, "reply_count": 0, "like_count": 0, "quote_count": 0}}, "includes": {"users": [{"public_metrics": {"followers_count": 4236, "following_count": 4629, "tweet_count": 40288, "listed_count": 31}, "name": "Z a r i f e M a z a", "id": "223695232", "username": "ZarifeMaza", "verified": false, "created_at": "2010-12-07T02:35:52.000Z", "protected": false, "location": "Ciudad de M\u00e9xico #CDMX", "description": "Tabasque\u00f1a \u2022 Reportera | Journalist"}]}, "matching_rules": [{"id": 1401678016993017861, "tag": "Adrian de la Garza"}]}