{"data": {"entities": {"mentions": [{"start": 3, "end": 19, "username": "AdrianDeLaGarza"}], "urls": [{"start": 49, "end": 72, "url": "https://t.co/F1Hlt5v7K3", "expanded_url": "https://twitter.com/AdrianDeLaGarza/status/1401679458277412866/photo/1", "display_url": "pic.twitter.com/F1Hlt5v7K3"}]}, "source": "Twitter for Android", "created_at": "2021-06-06T23:22:38.000Z", "author_id": "1376283966710374400", "attachments": {"media_keys": ["3_1401679211857944584"]}, "text": "RT @AdrianDeLaGarza: \u00a1TODO VA A ESTAR BIEN! \ud83d\udcaa\ud83c\udffc\ud83d\udc4a\ud83c\udffc https://t.co/F1Hlt5v7K3", "id": "1401680965727133697", "referenced_tweets": [{"type": "retweeted", "id": "1401679458277412866"}], "public_metrics": {"retweet_count": 71, "reply_count": 0, "like_count": 0, "quote_count": 0}}, "includes": {"users": [{"public_metrics": {"followers_count": 818, "following_count": 664, "tweet_count": 2516, "listed_count": 0}, "name": "UnidosSomosM\u00e1s!!!", "id": "1376283966710374400", "username": "UnidadN84875315", "verified": false, "created_at": "2021-03-28T21:24:22.000Z", "protected": false, "description": "Mexicano pidiendo la unidad. Por salud mental no nos confrontenos con los amlovers"}]}, "matching_rules": [{"id": 1401678016993017861, "tag": "Adrian de la Garza"}]}