{"data": {"entities": {"mentions": [{"start": 0, "end": 14, "username": "AlvarezMaynez"}, {"start": 15, "end": 30, "username": "samuel_garcias"}, {"start": 31, "end": 41, "username": "INEMexico"}]}, "source": "Twitter Web App", "created_at": "2021-06-06T23:24:12.000Z", "author_id": "399905528", "text": "@AlvarezMaynez @samuel_garcias @INEMexico ni ha contado los votos. No seas rid\u00edculo ni tarado.", "id": "1401681358854950917", "referenced_tweets": [{"type": "replied_to", "id": "1401676551276666880"}], "public_metrics": {"retweet_count": 0, "reply_count": 0, "like_count": 0, "quote_count": 0}, "in_reply_to_user_id": "201171691"}, "includes": {"users": [{"public_metrics": {"followers_count": 230, "following_count": 1345, "tweet_count": 4125, "listed_count": 10}, "name": "Alex C", "id": "399905528", "username": "casalit", "verified": false, "created_at": "2011-10-28T06:47:49.000Z", "protected": false, "location": "Here, there and everywhere.", "description": "Translator & Interpreter \u205e Avid Reader \u205e Music Lover \u205e Film Addict \u205e Utter Gamer \u205e Fun Extraordinaire \u205e Always a Night Owl \u205e Made in \ud83c\uddf2\ud83c\uddfd \u205e Citizen of the \ud83c\udf0e"}]}, "matching_rules": [{"id": 1401678016993017864, "tag": "Samuel Garcia"}]}