{"data": {"entities": {"mentions": [{"start": 0, "end": 9, "username": "patmed76"}, {"start": 10, "end": 20, "username": "JZavalaGt"}, {"start": 21, "end": 37, "username": "VictorG56529043"}, {"start": 38, "end": 53, "username": "samuel_garcias"}]}, "source": "Twitter for iPhone", "created_at": "2021-06-06T23:24:43.000Z", "author_id": "1220399993279913986", "text": "@patmed76 @JZavalaGt @VictorG56529043 @samuel_garcias \ud83e\udd23\ud83e\udd23\ud83e\udd23\ud83e\udd23\ud83e\udd23\ud83e\udd23\u00e1ndale pues", "id": "1401681487100100609", "referenced_tweets": [{"type": "replied_to", "id": "1401679245978570756"}], "public_metrics": {"retweet_count": 0, "reply_count": 0, "like_count": 0, "quote_count": 0}, "in_reply_to_user_id": "1384993015916154882"}, "includes": {"users": [{"public_metrics": {"followers_count": 4218, "following_count": 4308, "tweet_count": 31072, "listed_count": 0}, "name": "martin castro\ud83e\udd29", "id": "1220399993279913986", "username": "martinantiysq", "verified": false, "created_at": "2020-01-23T17:37:06.000Z", "protected": false, "location": "Yucat\u00e1n, M\u00e9xico", "description": "SIR SUGAR\ud83e\udd29"}]}, "matching_rules": [{"id": 1401678016993017864, "tag": "Samuel Garcia"}]}