{"data": {"entities": {"hashtags": [{"start": 20, "end": 29, "tag": "Lo\u00daltimo"}], "mentions": [{"start": 3, "end": 18, "username": "Pajaropolitico"}, {"start": 77, "end": 93, "username": "AdrianDeLaGarza"}], "annotations": [{"start": 109, "end": 111, "probability": 0.9614, "type": "Organization", "normalized_text": "PRI"}, {"start": 118, "end": 137, "probability": 0.2726, "type": "Organization", "normalized_text": "Gubernatura de Nuevo"}]}, "source": "Twitter for Android", "created_at": "2021-06-06T23:25:04.000Z", "author_id": "1297676246655139842", "text": "RT @Pajaropolitico: #Lo\u00daltimo |Minutos despu\u00e9s de que cerraran las casillas, @AdrianDeLaGarza, candidato del PRI a la Gubernatura de Nuevo\u2026", "id": "1401681578363920388", "referenced_tweets": [{"type": "retweeted", "id": "1401677237410140160"}], "public_metrics": {"retweet_count": 38, "reply_count": 0, "like_count": 0, "quote_count": 0}}, "includes": {"users": [{"public_metrics": {"followers_count": 294, "following_count": 351, "tweet_count": 32473, "listed_count": 0}, "name": "Carolina Hern\u00e1ndez", "id": "1297676246655139842", "username": "Carolin40825782", "verified": false, "created_at": "2020-08-23T23:25:20.000Z", "protected": false, "description": "Feminazi."}]}, "matching_rules": [{"id": 1401678016993017864, "tag": "Samuel Garcia"}, {"id": 1401678016993017861, "tag": "Adrian de la Garza"}]}