{"data": {"entities": {"mentions": [{"start": 3, "end": 19, "username": "mau_rodriguez77"}, {"start": 35, "end": 50, "username": "samuel_garcias"}, {"start": 53, "end": 69, "username": "AdrianDeLaGarza"}, {"start": 102, "end": 117, "username": "claraluzflores"}]}, "source": "Twitter for iPhone", "created_at": "2021-06-06T23:25:12.000Z", "author_id": "1325281480919179265", "text": "RT @mau_rodriguez77: Borregazos de @samuel_garcias y @AdrianDeLaGarza, los dos se declaran ganadores. @claraluzflores advierte que el final\u2026", "id": "1401681610592903169", "referenced_tweets": [{"type": "retweeted", "id": "1401680721597669380"}], "public_metrics": {"retweet_count": 16, "reply_count": 0, "like_count": 0, "quote_count": 0}}, "includes": {"users": [{"public_metrics": {"followers_count": 256, "following_count": 417, "tweet_count": 41629, "listed_count": 0}, "name": "Robert 70@iclou.com", "id": "1325281480919179265", "username": "Robert70iclouc1", "verified": false, "created_at": "2020-11-08T03:39:51.000Z", "protected": false, "description": "Siempre positivo"}]}, "matching_rules": [{"id": 1401678016993017864, "tag": "Samuel Garcia"}, {"id": 1401678016993017863, "tag": "Clara Luz"}, {"id": 1401678016993017861, "tag": "Adrian de la Garza"}]}