{"data": {"entities": {"mentions": [{"start": 128, "end": 143, "username": "claraluzflores"}], "annotations": [{"start": 52, "end": 61, "probability": 0.6305, "type": "Place", "normalized_text": "Nuevo Leon"}, {"start": 107, "end": 113, "probability": 0.6145, "type": "Organization", "normalized_text": "PRIANRD"}, {"start": 171, "end": 176, "probability": 0.7141, "type": "Person", "normalized_text": "Morena"}]}, "source": "Twitter for Android", "created_at": "2021-06-06T23:25:14.000Z", "author_id": "1236727255977656322", "text": "Lo que estaban en el presupuesto, la gobernatura de Nuevo Leon, segura bajo la sombra de la corrupci\u00f3n del PRIANRD...\nLa se\u00f1ora @claraluzflores no debi\u00f3 ser candidata por Morena, sus antecedentes la condenaron.\nPobres regios, los decentes, los juniors y fifis que se jodan.", "id": "1401681617375145988", "public_metrics": {"retweet_count": 0, "reply_count": 0, "like_count": 0, "quote_count": 0}}, "includes": {"users": [{"public_metrics": {"followers_count": 2693, "following_count": 3609, "tweet_count": 11133, "listed_count": 2}, "name": "Juan Cop\u00e9rnico...", "id": "1236727255977656322", "username": "pacopernico9", "verified": false, "created_at": "2020-03-08T18:55:44.000Z", "protected": false, "location": "Planeta Tierra", "description": "La ciencia es m\u00e1s que un simple conjunto de conocimientos: es una manera de pensar..."}]}, "matching_rules": [{"id": 1401678016993017863, "tag": "Clara Luz"}]}