{"data": {"entities": {"urls": [{"start": 51, "end": 74, "url": "https://t.co/xGqNBpWpd3", "expanded_url": "https://twitter.com/AlvarezMaynez/status/1401676551276666880", "display_url": "twitter.com/AlvarezMaynez/\u2026"}]}, "source": "Twitter for Android", "created_at": "2021-06-06T23:25:26.000Z", "author_id": "136330603", "text": "Que en nuevo le\u00f3n gana el primero que grite primis https://t.co/xGqNBpWpd3", "id": "1401681668008726539", "referenced_tweets": [{"type": "quoted", "id": "1401676551276666880"}], "public_metrics": {"retweet_count": 0, "reply_count": 0, "like_count": 0, "quote_count": 0}}, "includes": {"users": [{"public_metrics": {"followers_count": 11328, "following_count": 364, "tweet_count": 36545, "listed_count": 131}, "name": "Felipe\u25ab\ufe0f", "id": "136330603", "username": "NoSeasGoey", "verified": false, "created_at": "2010-04-23T16:41:07.000Z", "protected": false, "location": "Guanajuato, M\u00e9xico", "description": "El cient\u00edfico del tuit \ud83d\udc68\ud83c\udffd\u200d\ud83d\udd2c\n\nMe gusta hablar de ciencia, arte y memes.\n\nTuits a t\u00edtulo personal.\n\nSigue a @ElUniverso25 para m\u00e1s contenido cultural."}]}, "matching_rules": [{"id": 1401678016993017864, "tag": "Samuel Garcia"}]}