{"data": {"entities": {"mentions": [{"start": 0, "end": 13, "username": "elnortelocal"}, {"start": 39, "end": 55, "username": "AdrianDeLaGarza"}]}, "source": "Twitter for iPhone", "created_at": "2021-06-06T23:25:36.000Z", "author_id": "178974300", "text": "@elnortelocal Si lo acaba de denunciar @AdrianDeLaGarza", "id": "1401681712430583810", "referenced_tweets": [{"type": "replied_to", "id": "1401678990113443847"}], "public_metrics": {"retweet_count": 0, "reply_count": 0, "like_count": 0, "quote_count": 0}, "in_reply_to_user_id": "161743777"}, "includes": {"users": [{"public_metrics": {"followers_count": 606, "following_count": 938, "tweet_count": 2357, "listed_count": 0}, "name": "Ver\u00f3nica", "id": "178974300", "username": "Ve99", "verified": false, "created_at": "2010-08-16T04:54:13.000Z", "protected": false, "description": "Mam\u00e1, mexicana, felizmente casada, estudi\u00e9 Contador P\u00fablico. Sobre todo comprometida con un M\u00e9xico mejor."}]}, "matching_rules": [{"id": 1401678016993017861, "tag": "Adrian de la Garza"}]}