{"data": {"entities": {"mentions": [{"start": 3, "end": 19, "username": "AdrianDeLaGarza"}], "urls": [{"start": 49, "end": 72, "url": "https://t.co/F1Hlt5v7K3", "expanded_url": "https://twitter.com/AdrianDeLaGarza/status/1401679458277412866/photo/1", "display_url": "pic.twitter.com/F1Hlt5v7K3"}]}, "source": "Twitter for iPhone", "created_at": "2021-06-06T23:25:44.000Z", "author_id": "737156785992130561", "attachments": {"media_keys": ["3_1401679211857944584"]}, "text": "RT @AdrianDeLaGarza: \u00a1TODO VA A ESTAR BIEN! \ud83d\udcaa\ud83c\udffc\ud83d\udc4a\ud83c\udffc https://t.co/F1Hlt5v7K3", "id": "1401681745192312832", "referenced_tweets": [{"type": "retweeted", "id": "1401679458277412866"}], "public_metrics": {"retweet_count": 94, "reply_count": 0, "like_count": 0, "quote_count": 0}}, "includes": {"users": [{"public_metrics": {"followers_count": 340, "following_count": 421, "tweet_count": 17243, "listed_count": 0}, "name": "AMG\u2076\ud80c\udd53", "id": "737156785992130561", "username": "Morales__2001", "verified": false, "created_at": "2016-05-30T05:40:48.000Z", "protected": false, "description": "\ud83c\uddfa\ud83c\uddf8|\ud83c\uddf2\ud83c\uddfd \u2660\ufe0f XX \u2660\ufe0f\u00ae \u201cEl que con lobos anda, a aullar aprende.\"\u00ae"}]}, "matching_rules": [{"id": 1401678016993017861, "tag": "Adrian de la Garza"}]}