{"data": {"entities": {"mentions": [{"start": 3, "end": 14, "username": "2Werattors"}, {"start": 38, "end": 54, "username": "AdrianDeLaGarza"}], "urls": [{"start": 55, "end": 78, "url": "https://t.co/zguGXR6ugB", "expanded_url": "https://twitter.com/2Werattors/status/1401675780766244864/photo/1", "display_url": "pic.twitter.com/zguGXR6ugB"}]}, "source": "Twitter Web App", "created_at": "2021-06-06T23:26:12.000Z", "author_id": "162946509", "attachments": {"media_keys": ["3_1401675778073501697"]}, "text": "RT @2Werattors: No le quiten el audio @AdrianDeLaGarza https://t.co/zguGXR6ugB", "id": "1401681862989336577", "referenced_tweets": [{"type": "retweeted", "id": "1401675780766244864"}], "public_metrics": {"retweet_count": 2, "reply_count": 0, "like_count": 0, "quote_count": 0}}, "includes": {"users": [{"public_metrics": {"followers_count": 1757, "following_count": 4990, "tweet_count": 47446, "listed_count": 6}, "name": "ALFREDO DIAZ TOVAR", "id": "162946509", "username": "alfrafdiatov300", "verified": false, "created_at": "2010-07-05T03:57:12.000Z", "protected": false, "location": "Monterrey Mex - Austin Tx-Usa", "description": "Solo con el coraz\u00f3n se puede ver bien...lo esencial es invisible para los ojos!"}]}, "matching_rules": [{"id": 1401678016993017861, "tag": "Adrian de la Garza"}]}