{"data": {"entities": {"mentions": [{"start": 0, "end": 14, "username": "tansolomonica"}, {"start": 15, "end": 24, "username": "simvegan"}, {"start": 25, "end": 37, "username": "avina_vicky"}, {"start": 38, "end": 53, "username": "Pajaropolitico"}, {"start": 54, "end": 70, "username": "AdrianDeLaGarza"}, {"start": 71, "end": 86, "username": "MovCiudadanoMX"}, {"start": 87, "end": 102, "username": "samuel_garcias"}], "annotations": [{"start": 103, "end": 114, "probability": 0.9951, "type": "Person", "normalized_text": "Lopez D\u00f3riga"}]}, "source": "Twitter for Android", "created_at": "2021-06-06T23:26:19.000Z", "author_id": "277123410", "text": "@tansolomonica @simvegan @avina_vicky @Pajaropolitico @AdrianDeLaGarza @MovCiudadanoMX @samuel_garcias Lopez D\u00f3riga tonto criado mediocre?", "id": "1401681892286644231", "context_annotations": [{"domain": {"id": "10", "name": "Person", "description": "Named people in the world like Nelson Mandela"}, "entity": {"id": "809109902765363200", "name": "Joaqu\u00edn L\u00f3pez-D\u00f3riga", "description": "Mexican-Spanish journalist"}}, {"domain": {"id": "58", "name": "Entertainment Personality", "description": "An entertainment personality in the world, like Anderson Cooper or Miranda Sings"}, "entity": {"id": "809109902765363200", "name": "Joaqu\u00edn L\u00f3pez-D\u00f3riga", "description": "Mexican-Spanish journalist"}}, {"domain": {"id": "94", "name": "Journalist", "description": "A journalist like 'Anderson Cooper'"}, "entity": {"id": "809109902765363200", "name": "Joaqu\u00edn L\u00f3pez-D\u00f3riga", "description": "Mexican-Spanish journalist"}}], "referenced_tweets": [{"type": "replied_to", "id": "1401679908955435012"}], "public_metrics": {"retweet_count": 0, "reply_count": 0, "like_count": 0, "quote_count": 0}, "in_reply_to_user_id": "1473608828"}, "includes": {"users": [{"public_metrics": {"followers_count": 33, "following_count": 130, "tweet_count": 2886, "listed_count": 1}, "name": "Cecilia P\u00eda Medina", "id": "277123410", "username": "cepia2011", "verified": false, "created_at": "2011-04-04T19:00:06.000Z", "protected": false, "description": ""}]}, "matching_rules": [{"id": 1401678016993017864, "tag": "Samuel Garcia"}, {"id": 1401678016993017861, "tag": "Adrian de la Garza"}]}