{"data": {"entities": {"mentions": [{"start": 3, "end": 19, "username": "mau_rodriguez77"}, {"start": 35, "end": 50, "username": "samuel_garcias"}, {"start": 53, "end": 69, "username": "AdrianDeLaGarza"}, {"start": 102, "end": 117, "username": "claraluzflores"}]}, "source": "Twitter for Android", "created_at": "2021-06-06T23:26:48.000Z", "author_id": "1267870049651396608", "text": "RT @mau_rodriguez77: Borregazos de @samuel_garcias y @AdrianDeLaGarza, los dos se declaran ganadores. @claraluzflores advierte que el final\u2026", "id": "1401682014281994242", "referenced_tweets": [{"type": "retweeted", "id": "1401680721597669380"}], "public_metrics": {"retweet_count": 19, "reply_count": 0, "like_count": 0, "quote_count": 0}}, "includes": {"users": [{"public_metrics": {"followers_count": 1920, "following_count": 1942, "tweet_count": 10914, "listed_count": 2}, "name": "MaraAvy\u2618(4T)\ud83c\udf40\ud83d\udc40", "id": "1267870049651396608", "username": "avy_mara", "verified": false, "created_at": "2020-06-02T17:26:07.000Z", "protected": false, "description": "#GuardianesDeLa4T \ud83d\udc4b\u2618\ud83c\udf40\ud83c\udf0e\n#RedAMLO \ud83d\udc9a\u264e"}]}, "matching_rules": [{"id": 1401678016993017864, "tag": "Samuel Garcia"}, {"id": 1401678016993017863, "tag": "Clara Luz"}, {"id": 1401678016993017861, "tag": "Adrian de la Garza"}]}