{"data": {"entities": {"urls": [{"start": 51, "end": 74, "url": "https://t.co/iYNqoavDVa", "expanded_url": "https://twitter.com/alexbau58868886/status/1401658173153546240", "display_url": "twitter.com/alexbau5886888\u2026"}]}, "source": "Twitter for Android", "created_at": "2021-06-06T23:28:21.000Z", "author_id": "1262152679117258752", "text": "Nel, ac\u00e1 el nivel educativo promedio es secundaria https://t.co/iYNqoavDVa", "id": "1401682401835814912", "referenced_tweets": [{"type": "quoted", "id": "1401658173153546240"}], "public_metrics": {"retweet_count": 0, "reply_count": 0, "like_count": 0, "quote_count": 0}}, "includes": {"users": [{"public_metrics": {"followers_count": 766, "following_count": 731, "tweet_count": 13877, "listed_count": 3}, "name": "El Biego Pel\u00f3n \ud83d\udc68\u200d\ud83e\uddb2 Oficial", "id": "1262152679117258752", "username": "RucoConGatos", "verified": false, "created_at": "2020-05-17T22:47:18.000Z", "protected": false, "location": "Gatos g\u00fceros Nuevo Leon", "description": "Soy el Se\u00f1or Catriberto primo menor de los poderosisimos Tigres de la UANL \n\nLa vida es mejor con miaus y runrunrunruns\n\nMiembro de @theruffriderz"}]}, "matching_rules": [{"id": 1401678016993017863, "tag": "Clara Luz"}]}