{"data": {"source": "Twitter for Android", "created_at": "2021-06-06T23:28:47.000Z", "author_id": "1583476597", "text": "Adrian de la Garza gobernador electro de nuevo Le\u00f3n, ventaja de 13% sobre Samuel.", "id": "1401682511550369797", "entities": {"annotations": [{"start": 0, "end": 17, "probability": 0.9127, "type": "Person", "normalized_text": "Adrian de la Garza"}, {"start": 47, "end": 50, "probability": 0.3077, "type": "Place", "normalized_text": "Le\u00f3n"}, {"start": 74, "end": 79, "probability": 0.9631, "type": "Person", "normalized_text": "Samuel"}]}, "public_metrics": {"retweet_count": 0, "reply_count": 0, "like_count": 0, "quote_count": 0}}, "includes": {"users": [{"public_metrics": {"followers_count": 2449, "following_count": 1228, "tweet_count": 48585, "listed_count": 8}, "name": "Pablo.", "id": "1583476597", "username": "P_A_B_L0", "verified": false, "created_at": "2013-07-10T16:07:24.000Z", "protected": false, "location": "Michigan, USA", "description": "Soberbio y cagante. Apasionado seguidor del equipo de TIGRES. Mame y temas sociales. Engancha pendejos."}]}, "matching_rules": [{"id": 1401678016993017861, "tag": "Adrian de la Garza"}]}