{"data": {"entities": {"mentions": [{"start": 0, "end": 15, "username": "CarlosAJimnez4"}, {"start": 16, "end": 31, "username": "samuel_garcias"}], "annotations": [{"start": 116, "end": 129, "probability": 0.9966, "type": "Person", "normalized_text": "Rodrigo Medina"}]}, "source": "Twitter for iPhone", "created_at": "2021-06-06T23:29:12.000Z", "author_id": "1285495575337721856", "text": "@CarlosAJimnez4 @samuel_garcias Lamentablemente no hay mucho que hacer, de los dem\u00e1s candidatos, uno es compadre de Rodrigo Medina, el otro junto con su hermano extorsionaban casinos y eran corruptos y la otra, es de morena y estuvo involucrada en el esc\u00e1ndalo de NXIVM.", "id": "1401682615585869827", "referenced_tweets": [{"type": "replied_to", "id": "1401644171979591680"}], "public_metrics": {"retweet_count": 0, "reply_count": 0, "like_count": 0, "quote_count": 0}, "in_reply_to_user_id": "977330545377071105"}, "includes": {"users": [{"public_metrics": {"followers_count": 0, "following_count": 32, "tweet_count": 8, "listed_count": 0}, "name": "Carlos", "id": "1285495575337721856", "username": "Carlosmldo_", "verified": false, "created_at": "2020-07-21T08:43:36.000Z", "protected": false, "description": ""}]}, "matching_rules": [{"id": 1401678016993017864, "tag": "Samuel Garcia"}]}