{"data": {"entities": {"mentions": [{"start": 3, "end": 19, "username": "AdrianDeLaGarza"}], "urls": [{"start": 49, "end": 72, "url": "https://t.co/99yXUuohwV", "expanded_url": "https://fb.watch/5Z3hI6_E23/", "display_url": "fb.watch/5Z3hI6_E23/", "images": [{"url": "https://pbs.twimg.com/news_img/1401675571814359044/HoaKDbO_?format=jpg&name=orig", "width": 960, "height": 540}, {"url": "https://pbs.twimg.com/news_img/1401675571814359044/HoaKDbO_?format=jpg&name=150x150", "width": 150, "height": 150}], "status": 200, "title": "Adri\u00e1n de la Garza on Facebook Watch", "description": "\ud83c\udfa5 En vivo: Rueda de prensa", "unwound_url": "https://www.facebook.com/AdrianDeLaGarzaS/videos/758647021486037/"}]}, "source": "Twitter for iPhone", "created_at": "2021-06-06T23:29:15.000Z", "author_id": "160715492", "text": "RT @AdrianDeLaGarza: \ud83c\udfa5 En vivo: Rueda de prensa\n\nhttps://t.co/99yXUuohwV", "id": "1401682630303698945", "referenced_tweets": [{"type": "retweeted", "id": "1401675503833161738"}], "public_metrics": {"retweet_count": 46, "reply_count": 0, "like_count": 0, "quote_count": 0}}, "includes": {"users": [{"public_metrics": {"followers_count": 211, "following_count": 330, "tweet_count": 5318, "listed_count": 0}, "name": "Cesar Galindo", "id": "160715492", "username": "El_bonitin", "verified": false, "created_at": "2010-06-28T23:23:37.000Z", "protected": false, "location": "df", "description": "ANTIAMLO 100% EXPERTO EN NADA; APRENDIENDO TODO EL TIEMPO!!!"}]}, "matching_rules": [{"id": 1401678016993017861, "tag": "Adrian de la Garza"}]}