{"data": {"entities": {"mentions": [{"start": 0, "end": 14, "username": "javialonsordz"}, {"start": 15, "end": 31, "username": "FerLarrazabalNL"}]}, "source": "Twitter Web App", "created_at": "2021-06-06T23:29:23.000Z", "author_id": "2579306700", "text": "@javialonsordz @FerLarrazabalNL \u00bfYa tambi\u00e9n lo quieres correr o qu\u00e9?\ud83e\udd14", "id": "1401682661467361280", "referenced_tweets": [{"type": "replied_to", "id": "1401682378603569155"}], "public_metrics": {"retweet_count": 0, "reply_count": 0, "like_count": 0, "quote_count": 0}, "in_reply_to_user_id": "121593225"}, "includes": {"users": [{"public_metrics": {"followers_count": 489, "following_count": 4957, "tweet_count": 31765, "listed_count": 2}, "name": "CESAR GARCIA GARCIA \"AKA\" DragonSushiXL", "id": "2579306700", "username": "XVN1231", "verified": false, "created_at": "2014-06-20T22:04:47.000Z", "protected": false, "location": "San Nicol\u00e1s De Los Garza, NL.", "description": "...@cruzazul favor de pagar $5,472,880.00 Cuenta CLABE BBVA A NOMBRE DE CESAR GARCIA GARCIA: \"012-580-02867069316-2\" ANTES DEL 02-JUNIO-2021 GRACIAS"}]}, "matching_rules": [{"id": 1401678016993017862, "tag": "Fernando Larrazabal"}]}