{"data": {"entities": {"mentions": [{"start": 3, "end": 11, "username": "ZMyBerg"}, {"start": 26, "end": 42, "username": "FerLarrazabalNL"}], "annotations": [{"start": 77, "end": 86, "probability": 0.8332, "type": "Place", "normalized_text": "Nuevo Le\u00f3n"}]}, "source": "Twitter for Android", "created_at": "2021-06-06T23:29:30.000Z", "author_id": "4710405192", "text": "RT @ZMyBerg: Se los dije. @FerLarrazabalNL se va hasta la cuarta posici\u00f3n en Nuevo Le\u00f3n. Pinches panistas necios que no saben jugar en equi\u2026", "id": "1401682692685639691", "referenced_tweets": [{"type": "retweeted", "id": "1401682421146398720"}], "public_metrics": {"retweet_count": 3, "reply_count": 0, "like_count": 0, "quote_count": 0}}, "includes": {"users": [{"public_metrics": {"followers_count": 3525, "following_count": 4965, "tweet_count": 49993, "listed_count": 5}, "name": "Humberto \u00a1DETENTE L\u00d3PEZ!", "id": "4710405192", "username": "Chatomex2016", "verified": false, "created_at": "2016-01-04T21:33:57.000Z", "protected": false, "location": "Distrito Federal, M\u00e9xico", "description": "Aborrezco el populismo. Me gusta una buena platica con un tequila o un mezcal. 2018 #YoConM\u00e9xico."}]}, "matching_rules": [{"id": 1401678016993017862, "tag": "Fernando Larrazabal"}, {"id": 1401678016993017861, "tag": "Adrian de la Garza"}]}