{"data": {"entities": {"hashtags": [{"start": 20, "end": 35, "tag": "ElValorDelVoto"}], "mentions": [{"start": 3, "end": 18, "username": "Reporte_Indigo"}], "annotations": [{"start": 113, "end": 122, "probability": 0.8284, "type": "Place", "normalized_text": "Nuevo Le\u00f3n"}]}, "source": "Twitter for iPhone", "created_at": "2021-06-06T23:29:52.000Z", "author_id": "117902286", "text": "RT @Reporte_Indigo: #ElValorDelVoto | Casi de manera simult\u00e1nea los dos candidatos punteros en las elecciones de Nuevo Le\u00f3n, @AdrianDeLaGar\u2026", "id": "1401682784226320386", "referenced_tweets": [{"type": "retweeted", "id": "1401681061516611590"}], "public_metrics": {"retweet_count": 6, "reply_count": 0, "like_count": 0, "quote_count": 0}}, "includes": {"users": [{"public_metrics": {"followers_count": 1024, "following_count": 1459, "tweet_count": 13309, "listed_count": 16}, "name": "Omar Delgado", "id": "117902286", "username": "omar_delgado_vz", "verified": false, "created_at": "2010-02-27T00:25:48.000Z", "protected": false, "description": "Escritor, docente, periodista y perito en telecomunicaciones. Uno no es lo que quiere, sino lo que puede ser"}]}, "matching_rules": [{"id": 1401678016993017864, "tag": "Samuel Garcia"}, {"id": 1401678016993017861, "tag": "Adrian de la Garza"}]}