{"data": {"entities": {"urls": [{"start": 55, "end": 78, "url": "https://t.co/jkJYdCL4do", "expanded_url": "https://twitter.com/PiojistaDeLaU/status/1401682793541816326/photo/1", "display_url": "pic.twitter.com/jkJYdCL4do"}], "annotations": [{"start": 26, "end": 35, "probability": 0.5118, "type": "Other", "normalized_text": "Nuevo Leon"}, {"start": 41, "end": 53, "probability": 0.9924, "type": "Person", "normalized_text": "Samuel Garcia"}]}, "source": "Twitter for Android", "created_at": "2021-06-06T23:29:54.000Z", "author_id": "1398016935980277761", "attachments": {"media_keys": ["3_1401682792065343490"]}, "text": "\"Ganamos y habra un nuevo Nuevo Leon\"\n.- Samuel Garcia https://t.co/jkJYdCL4do", "id": "1401682793541816326", "public_metrics": {"retweet_count": 0, "reply_count": 0, "like_count": 0, "quote_count": 0}}, "includes": {"users": [{"public_metrics": {"followers_count": 19, "following_count": 100, "tweet_count": 112, "listed_count": 0}, "name": "Piojista De La U \ud83d\udc2f", "id": "1398016935980277761", "username": "PiojistaDeLaU", "verified": false, "created_at": "2021-05-27T20:43:42.000Z", "protected": false, "location": "Vergaville, France", "description": "\ud83d\udcc8Chicharron\ud83e\udea4Bienvenidos\ud83c\udfa3 \ud83d\udc3f\n - \ud83d\udc2f desde tiempos inmemorables (cuando lo mas divertido del juego era la activacion del medio tiempo con botargas y luchadores)"}]}, "matching_rules": [{"id": 1401678016993017864, "tag": "Samuel Garcia"}]}