{"data": {"entities": {"urls": [{"start": 63, "end": 86, "url": "https://t.co/REjUXiVBLZ", "expanded_url": "https://twitter.com/movciudadanomx/status/1401680305115774979", "display_url": "twitter.com/movciudadanomx\u2026"}]}, "source": "Twitter for iPhone", "created_at": "2021-06-06T23:30:22.000Z", "author_id": "6326662", "text": "Voy preparando mis habilidades de influencer si gana este bato https://t.co/REjUXiVBLZ", "id": "1401682910265020416", "referenced_tweets": [{"type": "quoted", "id": "1401680305115774979"}], "public_metrics": {"retweet_count": 0, "reply_count": 0, "like_count": 0, "quote_count": 0}}, "includes": {"users": [{"public_metrics": {"followers_count": 683, "following_count": 867, "tweet_count": 28035, "listed_count": 13}, "name": "DarkiLady", "id": "6326662", "username": "LadyGalleta", "verified": false, "created_at": "2007-05-25T20:55:29.000Z", "protected": false, "description": ""}]}, "matching_rules": [{"id": 1401678016993017864, "tag": "Samuel Garcia"}]}