{"data": {"entities": {"mentions": [{"start": 0, "end": 13, "username": "Chertorivski"}, {"start": 14, "end": 29, "username": "samuel_garcias"}], "annotations": [{"start": 44, "end": 50, "probability": 0.8663, "type": "Person", "normalized_text": "Salom\u00f3n"}]}, "source": "Twitter for Android", "created_at": "2021-06-06T23:30:29.000Z", "author_id": "824745885061902336", "text": "@Chertorivski @samuel_garcias Pero c\u00f3mo as\u00ed Salom\u00f3n?", "id": "1401682939172302850", "referenced_tweets": [{"type": "replied_to", "id": "1401679061785661441"}], "public_metrics": {"retweet_count": 0, "reply_count": 0, "like_count": 0, "quote_count": 0}, "in_reply_to_user_id": "177258329"}, "includes": {"users": [{"public_metrics": {"followers_count": 18, "following_count": 150, "tweet_count": 819, "listed_count": 0}, "name": "Karen Hazan", "id": "824745885061902336", "username": "karhazan", "verified": false, "created_at": "2017-01-26T22:28:36.000Z", "protected": false, "description": "Mostly a chocolate chip in a vanilla ice cream."}]}, "matching_rules": [{"id": 1401678016993017864, "tag": "Samuel Garcia"}]}