{"data": {"entities": {"mentions": [{"start": 3, "end": 15, "username": "luisghernan"}, {"start": 32, "end": 47, "username": "claraluzflores"}, {"start": 93, "end": 109, "username": "PartidoMorenaMx"}]}, "source": "Twitter for iPhone", "created_at": "2021-06-06T23:30:48.000Z", "author_id": "261521611", "text": "RT @luisghernan: Esta noche...\n\n@claraluzflores se convierte en el \n\nFRACASO M\u00c1S GRANDE \n\nde @PartidoMorenaMx \n\nSe hunde hasta el CUARTO LU\u2026", "id": "1401683018473955331", "referenced_tweets": [{"type": "retweeted", "id": "1401682306738294785"}], "public_metrics": {"retweet_count": 10, "reply_count": 0, "like_count": 0, "quote_count": 0}}, "includes": {"users": [{"public_metrics": {"followers_count": 395, "following_count": 620, "tweet_count": 104096, "listed_count": 2}, "name": "Oz Soto", "id": "261521611", "username": "OzDF", "verified": false, "created_at": "2011-03-06T03:47:30.000Z", "protected": false, "location": "M\u00e9xico", "description": "sentido com\u00fan ."}]}, "matching_rules": [{"id": 1401678016993017863, "tag": "Clara Luz"}]}