{"data": {"entities": {"mentions": [{"start": 3, "end": 15, "username": "luisghernan"}, {"start": 32, "end": 47, "username": "claraluzflores"}, {"start": 93, "end": 109, "username": "PartidoMorenaMx"}]}, "source": "Twitter for Android", "created_at": "2021-06-06T23:32:18.000Z", "author_id": "74066937", "text": "RT @luisghernan: Esta noche...\n\n@claraluzflores se convierte en el \n\nFRACASO M\u00c1S GRANDE \n\nde @PartidoMorenaMx \n\nSe hunde hasta el CUARTO LU\u2026", "id": "1401683398767284225", "referenced_tweets": [{"type": "retweeted", "id": "1401682306738294785"}], "public_metrics": {"retweet_count": 19, "reply_count": 0, "like_count": 0, "quote_count": 0}}, "includes": {"users": [{"public_metrics": {"followers_count": 519, "following_count": 892, "tweet_count": 13591, "listed_count": 3}, "name": "Jesus Eduardo", "id": "74066937", "username": "Suseduardo", "verified": false, "created_at": "2009-09-14T04:09:56.000Z", "protected": false, "description": ""}]}, "matching_rules": [{"id": 1401678016993017863, "tag": "Clara Luz"}]}