{"data": {"entities": {"mentions": [{"start": 3, "end": 19, "username": "mau_rodriguez77"}, {"start": 35, "end": 50, "username": "samuel_garcias"}, {"start": 53, "end": 69, "username": "AdrianDeLaGarza"}, {"start": 102, "end": 117, "username": "claraluzflores"}]}, "source": "Twitter for Android", "created_at": "2021-06-06T23:32:39.000Z", "author_id": "2434705309", "text": "RT @mau_rodriguez77: Borregazos de @samuel_garcias y @AdrianDeLaGarza, los dos se declaran ganadores. @claraluzflores advierte que el final\u2026", "id": "1401683485711032320", "referenced_tweets": [{"type": "retweeted", "id": "1401680721597669380"}], "public_metrics": {"retweet_count": 38, "reply_count": 0, "like_count": 0, "quote_count": 0}}, "includes": {"users": [{"public_metrics": {"followers_count": 305, "following_count": 574, "tweet_count": 38583, "listed_count": 21}, "name": "Potro", "id": "2434705309", "username": "Potrotab", "verified": false, "created_at": "2014-04-09T01:40:34.000Z", "protected": false, "location": "vhsa", "description": "con todos y con nadie! partidario de la raz\u00f3n .... Ya saben por que y por quien!!"}]}, "matching_rules": [{"id": 1401678016993017864, "tag": "Samuel Garcia"}, {"id": 1401678016993017863, "tag": "Clara Luz"}, {"id": 1401678016993017861, "tag": "Adrian de la Garza"}]}