{"data": {"entities": {"mentions": [{"start": 0, "end": 8, "username": "ZMyBerg"}, {"start": 9, "end": 25, "username": "FerLarrazabalNL"}, {"start": 26, "end": 42, "username": "AdrianDeLaGarza"}]}, "source": "Twitter for iPhone", "created_at": "2021-06-06T23:33:02.000Z", "author_id": "546410606", "text": "@ZMyBerg @FerLarrazabalNL @AdrianDeLaGarza Son unos Pndjos", "id": "1401683581215334400", "referenced_tweets": [{"type": "replied_to", "id": "1401682421146398720"}], "public_metrics": {"retweet_count": 0, "reply_count": 0, "like_count": 0, "quote_count": 0}, "in_reply_to_user_id": "1322571595458772997"}, "includes": {"users": [{"public_metrics": {"followers_count": 3594, "following_count": 3329, "tweet_count": 104065, "listed_count": 3}, "name": "Vic_Mac", "id": "546410606", "username": "VicMac123", "verified": false, "created_at": "2012-04-06T01:00:28.000Z", "protected": false, "description": "\u201cJUNTOS SACAREMOS LA ESCORIA\u201d #LigaDeGuerreros PONER TU CV EN TU PERFIL ES POR QUE TIENES BAJA TU AUTOESTIMA ... Todos los extremos son Malos Izq. y Derecha"}]}, "matching_rules": [{"id": 1401678016993017862, "tag": "Fernando Larrazabal"}, {"id": 1401678016993017861, "tag": "Adrian de la Garza"}]}