{"data": {"entities": {"mentions": [{"start": 0, "end": 13, "username": "Gabriel_kiba"}, {"start": 14, "end": 29, "username": "samuel_garcias"}], "annotations": [{"start": 41, "end": 49, "probability": 0.9756, "type": "Place", "normalized_text": "VENEZUELA"}]}, "source": "Twitter for iPhone", "created_at": "2021-06-06T23:33:20.000Z", "author_id": "153949210", "text": "@Gabriel_kiba @samuel_garcias Me largo a VENEZUELA!!!", "id": "1401683655836196865", "referenced_tweets": [{"type": "replied_to", "id": "1401682383905120265"}], "public_metrics": {"retweet_count": 0, "reply_count": 0, "like_count": 0, "quote_count": 0}, "in_reply_to_user_id": "846304140"}, "includes": {"users": [{"public_metrics": {"followers_count": 2327, "following_count": 1559, "tweet_count": 23940, "listed_count": 9}, "name": "EL PINCHE PONCHO\ud83d\udd25", "id": "153949210", "username": "PonchoMachete", "verified": false, "created_at": "2010-06-10T00:09:16.000Z", "protected": false, "description": "Runner Amateur, Rayado Fiel de Buen Cotorreo. \ud83c\udf7a\u26bd\u2660 Aficionado al FUTBOL\u26bd De Monterrey, Nuevo Le\u00f3n...."}]}, "matching_rules": [{"id": 1401678016993017864, "tag": "Samuel Garcia"}]}