{"data": {"source": "Twitter for iPhone", "created_at": "2021-06-06T23:33:30.000Z", "author_id": "726602038998487040", "text": "No quieren que gane Samuel por misogino\nPero tmp quieren que gane Clara Luz por Morena\nNi siquiera Adri\u00e1n por estar relacionado a carteles\nY mucho menos por Larry por el caso del casino\n\nA pero tmp anulen su voto porque es nuestro compromiso votar.\n\nAsi sue\u00f1an ustedes.", "id": "1401683699951878145", "entities": {"annotations": [{"start": 20, "end": 25, "probability": 0.9916, "type": "Person", "normalized_text": "Samuel"}, {"start": 66, "end": 74, "probability": 0.882, "type": "Person", "normalized_text": "Clara Luz"}, {"start": 80, "end": 85, "probability": 0.9355, "type": "Person", "normalized_text": "Morena"}, {"start": 99, "end": 104, "probability": 0.9862, "type": "Person", "normalized_text": "Adri\u00e1n"}, {"start": 157, "end": 161, "probability": 0.9644, "type": "Person", "normalized_text": "Larry"}]}, "public_metrics": {"retweet_count": 0, "reply_count": 0, "like_count": 0, "quote_count": 0}}, "includes": {"users": [{"public_metrics": {"followers_count": 306, "following_count": 642, "tweet_count": 10036, "listed_count": 1}, "name": "cecy", "id": "726602038998487040", "username": "cecysalinas_", "verified": false, "created_at": "2016-05-01T02:40:00.000Z", "protected": false, "location": "Monterrey, Nuevo Le\u00f3n", "description": "alexa play 25 by the pretty reckless |"}]}, "matching_rules": [{"id": 1401678016993017863, "tag": "Clara Luz"}]}