{"data": {"entities": {"mentions": [{"start": 3, "end": 16, "username": "juanfherrero"}, {"start": 18, "end": 31, "username": "Chertorivski"}, {"start": 32, "end": 47, "username": "samuel_garcias"}]}, "source": "Twitter for iPhone", "created_at": "2021-06-06T23:33:57.000Z", "author_id": "85104825", "text": "RT @juanfherrero: @Chertorivski @samuel_garcias Ya van a empezar con irresponsabilidades.\n\nLa ciudadania hoy se port\u00f3 a la altura. \u00bfCu\u00e1ndo\u2026", "id": "1401683812472459272", "referenced_tweets": [{"type": "retweeted", "id": "1401681983252664322"}], "public_metrics": {"retweet_count": 2, "reply_count": 0, "like_count": 0, "quote_count": 0}}, "includes": {"users": [{"public_metrics": {"followers_count": 1211, "following_count": 1028, "tweet_count": 131227, "listed_count": 4}, "name": "JesusCZMX #Votael6deJunio", "id": "85104825", "username": "Jesczmex", "verified": false, "created_at": "2009-10-25T15:44:35.000Z", "protected": false, "description": "Mexicano que cree que lo bueno viene del esfuerzo y el trabajo personal, no de las limosnas del gobierno. Creo en un M\u00e9xico Libre y Trabajador."}]}, "matching_rules": [{"id": 1401678016993017864, "tag": "Samuel Garcia"}]}