{"data": {"entities": {"urls": [{"start": 227, "end": 250, "url": "https://t.co/6ClnemdAme", "expanded_url": "https://twitter.com/mau_rodriguez77/status/1401680721597669380", "display_url": "twitter.com/mau_rodriguez7\u2026"}], "annotations": [{"start": 33, "end": 41, "probability": 0.9578, "type": "Person", "normalized_text": "Clara Luz"}]}, "source": "Twitter for Android", "created_at": "2021-06-06T23:34:34.000Z", "author_id": "237620410", "text": "Por lo pronto la m\u00e1s prudente es Clara Luz, por el momento ya tenemos 3 gobernadores \ud83e\udd23, y a\u00fan en multimedios no pasan la conferencia de prensa de ella, la est\u00e1n relegando , est\u00e1n entrevistando a los otros y a ella ni sus luces https://t.co/6ClnemdAme", "id": "1401683965744979973", "referenced_tweets": [{"type": "quoted", "id": "1401680721597669380"}], "public_metrics": {"retweet_count": 0, "reply_count": 0, "like_count": 0, "quote_count": 0}}, "includes": {"users": [{"public_metrics": {"followers_count": 323, "following_count": 388, "tweet_count": 8287, "listed_count": 0}, "name": "H\u00e9ctor Hern\u00e1ndez", "id": "237620410", "username": "el_camay", "verified": false, "created_at": "2011-01-13T07:08:33.000Z", "protected": false, "location": "Monterrey", "description": "Todos hacemos elecciones, pero al final, nuestras elecciones nos hacen a nosotros."}]}, "matching_rules": [{"id": 1401678016993017864, "tag": "Samuel Garcia"}, {"id": 1401678016993017863, "tag": "Clara Luz"}, {"id": 1401678016993017861, "tag": "Adrian de la Garza"}]}