{"data": {"entities": {"hashtags": [{"start": 25, "end": 35, "tag": "NuevoLe\u00f3n"}, {"start": 75, "end": 96, "tag": "EleccionesMexico2021"}], "mentions": [{"start": 0, "end": 16, "username": "AdrianDeLaGarza"}], "urls": [{"start": 97, "end": 120, "url": "https://t.co/nF0qXMEXqO", "expanded_url": "https://twitter.com/OscarLopez_89/status/1401684084112429059/photo/1", "display_url": "pic.twitter.com/nF0qXMEXqO"}]}, "source": "Twitter for iPad", "created_at": "2021-06-06T23:35:02.000Z", "author_id": "1391890811718148096", "attachments": {"media_keys": ["3_1401684081553854467"]}, "text": "@AdrianDeLaGarza ya gan\u00f3 #NuevoLe\u00f3n , todos los neoloneses estamos contigo #EleccionesMexico2021 https://t.co/nF0qXMEXqO", "id": "1401684084112429059", "public_metrics": {"retweet_count": 0, "reply_count": 0, "like_count": 0, "quote_count": 0}, "in_reply_to_user_id": "2357040230"}, "includes": {"users": [{"public_metrics": {"followers_count": 152, "following_count": 419, "tweet_count": 2302, "listed_count": 0}, "name": "\u00d3scar L\u00f3pez", "id": "1391890811718148096", "username": "OscarLopez_89", "verified": false, "created_at": "2021-05-10T23:00:12.000Z", "protected": false, "description": "Nuevo Le\u00f3n \ud83e\udd81"}]}, "matching_rules": [{"id": 1401678016993017861, "tag": "Adrian de la Garza"}]}