{"data": {"entities": {"mentions": [{"start": 0, "end": 14, "username": "AlvarezMaynez"}, {"start": 15, "end": 30, "username": "samuel_garcias"}]}, "source": "Twitter Web App", "created_at": "2021-06-06T23:35:08.000Z", "author_id": "1730227464", "text": "@AlvarezMaynez @samuel_garcias Irresponsable.", "id": "1401684109001334786", "referenced_tweets": [{"type": "replied_to", "id": "1401676551276666880"}], "public_metrics": {"retweet_count": 0, "reply_count": 0, "like_count": 0, "quote_count": 0}, "in_reply_to_user_id": "201171691"}, "includes": {"users": [{"public_metrics": {"followers_count": 1045, "following_count": 767, "tweet_count": 69187, "listed_count": 5}, "name": "Prohibido girar a la izquierda", "id": "1730227464", "username": "NoLeftTurn123", "verified": false, "created_at": "2013-09-05T00:03:30.000Z", "protected": false, "description": "Enti\u00e9ndanlo: el socialismo no funciona. Me ba\u00f1o con jab\u00f3n Zote porque me gusta su aroma. Nunca uso 'demasiado' como sin\u00f3nimo de 'muy'."}]}, "matching_rules": [{"id": 1401678016993017864, "tag": "Samuel Garcia"}]}