{"data": {"entities": {"mentions": [{"start": 3, "end": 19, "username": "AdrianDeLaGarza"}], "urls": [{"start": 49, "end": 72, "url": "https://t.co/F1Hlt5v7K3", "expanded_url": "https://twitter.com/AdrianDeLaGarza/status/1401679458277412866/photo/1", "display_url": "pic.twitter.com/F1Hlt5v7K3"}]}, "source": "Twitter for Android", "created_at": "2021-06-06T23:36:32.000Z", "author_id": "188093017", "attachments": {"media_keys": ["3_1401679211857944584"]}, "text": "RT @AdrianDeLaGarza: \u00a1TODO VA A ESTAR BIEN! \ud83d\udcaa\ud83c\udffc\ud83d\udc4a\ud83c\udffc https://t.co/F1Hlt5v7K3", "id": "1401684461851381771", "referenced_tweets": [{"type": "retweeted", "id": "1401679458277412866"}], "public_metrics": {"retweet_count": 152, "reply_count": 0, "like_count": 0, "quote_count": 0}}, "includes": {"users": [{"public_metrics": {"followers_count": 170, "following_count": 560, "tweet_count": 5057, "listed_count": 2}, "name": "1st_Arthur", "id": "188093017", "username": "Arthur_Castrum", "verified": false, "created_at": "2010-09-07T22:29:33.000Z", "protected": false, "location": "Ciudad De Mexico", "description": "Ex- Consejero General - IPN \ud83c\uddf2\ud83c\uddfd\n\n\n|| Escuela Superior de Medicina || \u2695 \ud83c\udfe5\nPara cambiar la salud en M\u00e9xico \ud83d\udcdc\u270d\ufe0f"}]}, "matching_rules": [{"id": 1401678016993017861, "tag": "Adrian de la Garza"}]}