{"data": {"entities": {"mentions": [{"start": 0, "end": 14, "username": "AlvarezMaynez"}, {"start": 15, "end": 30, "username": "samuel_garcias"}]}, "source": "Twitter for Android", "created_at": "2021-06-06T23:36:40.000Z", "author_id": "816498733084852224", "text": "@AlvarezMaynez @samuel_garcias No sean irresponsables, esperen los datos oficiales", "id": "1401684497842814978", "referenced_tweets": [{"type": "replied_to", "id": "1401676551276666880"}], "public_metrics": {"retweet_count": 0, "reply_count": 0, "like_count": 0, "quote_count": 0}, "in_reply_to_user_id": "201171691"}, "includes": {"users": [{"public_metrics": {"followers_count": 1932, "following_count": 4204, "tweet_count": 4801, "listed_count": 0}, "name": "Miguel Rimon#RxM", "id": "816498733084852224", "username": "miguelRiMo", "verified": false, "created_at": "2017-01-04T04:17:22.000Z", "protected": false, "location": "Veracruz, Veracruz de Ignacio ", "description": ""}]}, "matching_rules": [{"id": 1401678016993017864, "tag": "Samuel Garcia"}]}