{"data": {"entities": {"mentions": [{"start": 0, "end": 15, "username": "samuel_garcias"}], "annotations": [{"start": 27, "end": 34, "probability": 0.5108, "type": "Person", "normalized_text": "Victoria"}]}, "source": "Twitter for Android", "created_at": "2021-06-06T23:37:01.000Z", "author_id": "1339923563021778944", "text": "@samuel_garcias no  cantes Victoria  eres un inepto", "id": "1401684582353747969", "public_metrics": {"retweet_count": 0, "reply_count": 0, "like_count": 0, "quote_count": 0}, "in_reply_to_user_id": "258973851"}, "includes": {"users": [{"public_metrics": {"followers_count": 5, "following_count": 292, "tweet_count": 1063, "listed_count": 0}, "name": "Antonio Garcia", "id": "1339923563021778944", "username": "Antonio81168924", "verified": false, "created_at": "2020-12-18T13:21:06.000Z", "protected": false, "description": "LIC PENALISTA SER HONESTO.CREYENTE Y OBSEVADOR DE LOS MALOS MANEJOS  POL\u00cdTICOS CORRUPTOS QUE  SOLO VIENEN A PEDIR TU VOTO.PARA ROBAR AL.PAIS QUE LOS VIO NACER"}]}, "matching_rules": [{"id": 1401678016993017864, "tag": "Samuel Garcia"}]}