{"data": {"entities": {"urls": [{"start": 75, "end": 98, "url": "https://t.co/J24HHcYDah", "expanded_url": "https://twitter.com/mario_campa/status/1401676604913471494", "display_url": "twitter.com/mario_campa/st\u2026"}], "annotations": [{"start": 29, "end": 37, "probability": 0.9155, "type": "Person", "normalized_text": "Clara Luz"}, {"start": 43, "end": 48, "probability": 0.8064, "type": "Person", "normalized_text": "Morena"}]}, "source": "Twitter for iPhone", "created_at": "2021-06-06T23:37:54.000Z", "author_id": "137528756", "text": "Lo que si es un hecho es que Clara Luz con Morena es la gran perdedora \ud83d\ude05\ud83d\ude05\ud83d\ude05 https://t.co/J24HHcYDah", "id": "1401684808120610816", "referenced_tweets": [{"type": "quoted", "id": "1401676604913471494"}], "public_metrics": {"retweet_count": 0, "reply_count": 0, "like_count": 0, "quote_count": 0}}, "includes": {"users": [{"public_metrics": {"followers_count": 826, "following_count": 1104, "tweet_count": 28315, "listed_count": 11}, "name": "Carlos Barrios", "id": "137528756", "username": "cbm85", "verified": false, "created_at": "2010-04-27T00:56:23.000Z", "protected": false, "location": "Mexico city", "description": "no vacancy for a bio."}]}, "matching_rules": [{"id": 1401678016993017863, "tag": "Clara Luz"}]}