{"data": {"entities": {"hashtags": [{"start": 128, "end": 135, "tag": "jejeje"}], "mentions": [{"start": 0, "end": 14, "username": "javialonsordz"}, {"start": 15, "end": 30, "username": "claraluzflores"}, {"start": 72, "end": 86, "username": "VicenteFoxQue"}]}, "source": "Twitter Web App", "created_at": "2021-06-06T23:39:10.000Z", "author_id": "1384930471688105985", "text": "@javialonsordz @claraluzflores Hola shoto... de cual fumaste, de seguro @VicenteFoxQue te invito de la pastura que come y fuma, #jejeje....", "id": "1401685124635316230", "referenced_tweets": [{"type": "replied_to", "id": "1401678555789025280"}], "public_metrics": {"retweet_count": 0, "reply_count": 0, "like_count": 0, "quote_count": 0}, "in_reply_to_user_id": "121593225"}, "includes": {"users": [{"public_metrics": {"followers_count": 44, "following_count": 471, "tweet_count": 736, "listed_count": 0}, "name": "Amar es maravilloso", "id": "1384930471688105985", "username": "AmarMaravilloso", "verified": false, "created_at": "2021-04-21T18:15:18.000Z", "protected": false, "description": ""}]}, "matching_rules": [{"id": 1401678016993017863, "tag": "Clara Luz"}]}