{"data": {"source": "Twitter for iPhone", "created_at": "2021-06-06T23:39:12.000Z", "author_id": "741993853", "text": "Que adrian de la Garza robe una elecci\u00f3n no me sorprende , cuando perdi\u00f3 vs Felipe de Jes\u00fas tambi\u00e9n se la robaron", "id": "1401685133401411588", "entities": {"annotations": [{"start": 4, "end": 21, "probability": 0.6419, "type": "Person", "normalized_text": "adrian de la Garza"}, {"start": 76, "end": 81, "probability": 0.9175, "type": "Person", "normalized_text": "Felipe"}, {"start": 86, "end": 90, "probability": 0.5841, "type": "Person", "normalized_text": "Jes\u00fas"}]}, "public_metrics": {"retweet_count": 0, "reply_count": 0, "like_count": 0, "quote_count": 0}}, "includes": {"users": [{"public_metrics": {"followers_count": 165, "following_count": 6, "tweet_count": 50187, "listed_count": 3}, "name": "el \ud83e\udd34\ud83c\udffbrob", "id": "741993853", "username": "robsaud", "verified": false, "created_at": "2012-08-07T02:47:24.000Z", "protected": false, "description": "al\u00e9rgico a los pendejos en especial a los chairos dale trabajo a un mexicano y repudiera al dictador"}]}, "matching_rules": [{"id": 1401678016993017861, "tag": "Adrian de la Garza"}]}