{"data": {"entities": {"mentions": [{"start": 3, "end": 14, "username": "maricela_h"}, {"start": 36, "end": 51, "username": "claraluzflores"}]}, "source": "Twitter for Android", "created_at": "2021-06-06T23:39:24.000Z", "author_id": "2202708396", "text": "RT @maricela_h: Yo, con que no gan\u00e9 @claraluzflores me siento satisfecha", "id": "1401685184689365004", "referenced_tweets": [{"type": "retweeted", "id": "1401683396477304832"}], "public_metrics": {"retweet_count": 1, "reply_count": 0, "like_count": 0, "quote_count": 0}}, "includes": {"users": [{"public_metrics": {"followers_count": 414, "following_count": 402, "tweet_count": 20028, "listed_count": 5}, "name": "Tigre", "id": "2202708396", "username": "Enfermero_Tigre", "verified": false, "created_at": "2013-11-19T08:11:40.000Z", "protected": false, "description": "Hincha de Tigres, hasta el caj\u00f3n."}]}, "matching_rules": [{"id": 1401678016993017863, "tag": "Clara Luz"}]}