{"data": {"entities": {"mentions": [{"start": 3, "end": 19, "username": "alexbau58868886"}, {"start": 21, "end": 31, "username": "ChicShion"}], "annotations": [{"start": 67, "end": 76, "probability": 0.6825, "type": "Person", "normalized_text": "Nuevo Leon"}]}, "source": "Twitter for iPhone", "created_at": "2021-06-06T23:40:28.000Z", "author_id": "1258551787373592577", "text": "RT @alexbau58868886: @ChicShion yo la que estoy esperando es la de Nuevo Leon espero que sorprenda Morena en ese estado,vi varios comentari\u2026", "id": "1401685453217148931", "referenced_tweets": [{"type": "retweeted", "id": "1401658173153546240"}], "public_metrics": {"retweet_count": 10, "reply_count": 0, "like_count": 0, "quote_count": 0}}, "includes": {"users": [{"public_metrics": {"followers_count": 183, "following_count": 377, "tweet_count": 9016, "listed_count": 0}, "name": "@gustlaseca17", "id": "1258551787373592577", "username": "gustlaseca17", "verified": false, "created_at": "2020-05-08T00:18:40.000Z", "protected": false, "description": "De sangre guinda y blanco, Polit\u00e9cnico de coraz\u00f3n!!!! cuenta alterna mientras me desbloquean"}]}, "matching_rules": [{"id": 1401678016993017863, "tag": "Clara Luz"}]}