{"data": {"entities": {"mentions": [{"start": 3, "end": 18, "username": "PortillogMayra"}], "annotations": [{"start": 20, "end": 28, "probability": 0.924, "type": "Person", "normalized_text": "Clara Luz"}, {"start": 67, "end": 72, "probability": 0.9894, "type": "Person", "normalized_text": "Adri\u00e1n"}, {"start": 76, "end": 83, "probability": 0.7073, "type": "Person", "normalized_text": "Samuel"}]}, "source": "Twitter for Android", "created_at": "2021-06-06T23:40:42.000Z", "author_id": "317558407", "text": "RT @PortillogMayra: Clara Luz nervios\u00edsima\n\nno est\u00e1 segura si gana Adri\u00e1n o Samuel \n\n\ud83d\ude06", "id": "1401685509257191427", "referenced_tweets": [{"type": "retweeted", "id": "1401682268943437824"}], "public_metrics": {"retweet_count": 44, "reply_count": 0, "like_count": 0, "quote_count": 0}}, "includes": {"users": [{"public_metrics": {"followers_count": 52, "following_count": 214, "tweet_count": 7606, "listed_count": 2}, "name": "Jc", "id": "317558407", "username": "jc_moon10", "verified": false, "created_at": "2011-06-15T03:25:10.000Z", "protected": false, "description": "LA VIDA ES COMO EN UN RESTAURANT NUNCA TE VAS SIN PAGAR."}]}, "matching_rules": [{"id": 1401678016993017863, "tag": "Clara Luz"}]}