{"data": {"entities": {"urls": [{"start": 21, "end": 44, "url": "https://t.co/C0wPOGnDQH", "expanded_url": "https://twitter.com/darkknightmty/status/1401684800356896777", "display_url": "twitter.com/darkknightmty/\u2026"}]}, "source": "Twitter for iPad", "created_at": "2021-06-06T23:40:50.000Z", "author_id": "1060705979803807744", "text": "Se les dijo DECLINEN https://t.co/C0wPOGnDQH", "id": "1401685546385219588", "context_annotations": [{"domain": {"id": "46", "name": "Brand Category", "description": "Categories within Brand Verticals that narrow down the scope of Brands"}, "entity": {"id": "781974596752842752", "name": "Services"}}, {"domain": {"id": "47", "name": "Brand", "description": "Brands and Companies"}, "entity": {"id": "10045225402", "name": "Twitter"}}], "referenced_tweets": [{"type": "quoted", "id": "1401684800356896777"}], "public_metrics": {"retweet_count": 0, "reply_count": 0, "like_count": 0, "quote_count": 0}}, "includes": {"users": [{"public_metrics": {"followers_count": 73, "following_count": 327, "tweet_count": 9646, "listed_count": 0}, "name": "Lua Alva", "id": "1060705979803807744", "username": "luaaa_alva", "verified": false, "created_at": "2018-11-09T01:29:47.000Z", "protected": false, "location": "Mexico ", "description": "Born Mexican, Mom \ud83d\udebc, Art, food, travel and poetry Blogger\ud83d\udcbb\ud83d\udcac\ud83d\udcdd\ud83d\udcac\ud83d\udcbb Instagramer \ud83d\udcf7 And Coffeholic \u2615\u2764\u2615"}]}, "matching_rules": [{"id": 1401678016993017862, "tag": "Fernando Larrazabal"}]}