{"data": {"entities": {"mentions": [{"start": 3, "end": 15, "username": "luisghernan"}, {"start": 32, "end": 47, "username": "claraluzflores"}, {"start": 93, "end": 109, "username": "PartidoMorenaMx"}]}, "source": "Twitter for Android", "created_at": "2021-06-06T23:41:13.000Z", "author_id": "22894434", "text": "RT @luisghernan: Esta noche...\n\n@claraluzflores se convierte en el \n\nFRACASO M\u00c1S GRANDE \n\nde @PartidoMorenaMx \n\nSe hunde hasta el CUARTO LU\u2026", "id": "1401685640912244738", "referenced_tweets": [{"type": "retweeted", "id": "1401682306738294785"}], "public_metrics": {"retweet_count": 32, "reply_count": 0, "like_count": 0, "quote_count": 0}}, "includes": {"users": [{"public_metrics": {"followers_count": 1830, "following_count": 2860, "tweet_count": 64165, "listed_count": 47}, "name": "Javier Armas", "id": "22894434", "username": "javierarmas", "verified": false, "created_at": "2009-03-05T07:34:13.000Z", "protected": false, "location": "M\u00e9xico, D.F.", "description": "Intereses: fotograf\u00eda, m\u00fasica, linux, arte, futbol, fifa21, pol\u00edtica, derechos, psicolog\u00eda y bicicletas https://t.co/KuT1XTPRej https://t.co/rt0D0ZrXdx"}]}, "matching_rules": [{"id": 1401678016993017863, "tag": "Clara Luz"}]}