{"data": {"entities": {"mentions": [{"start": 0, "end": 14, "username": "DarkKnightMty"}, {"start": 15, "end": 31, "username": "FerLarrazabalNL"}, {"start": 32, "end": 47, "username": "AnaBerthaCruz1"}, {"start": 48, "end": 60, "username": "QuePasaEnSN"}, {"start": 61, "end": 77, "username": "CarlosSanchezMX"}, {"start": 78, "end": 92, "username": "LoQuePasaEnNL"}]}, "source": "Twitter Web App", "created_at": "2021-06-06T23:41:57.000Z", "author_id": "160323306", "text": "@DarkKnightMty @FerLarrazabalNL @AnaBerthaCruz1 @QuePasaEnSN @CarlosSanchezMX @LoQuePasaEnNL Ya vas para la macro?\nCochaa", "id": "1401685826141143040", "referenced_tweets": [{"type": "replied_to", "id": "1401684800356896777"}], "public_metrics": {"retweet_count": 0, "reply_count": 0, "like_count": 0, "quote_count": 0}, "in_reply_to_user_id": "862479678"}, "includes": {"users": [{"public_metrics": {"followers_count": 17244, "following_count": 16963, "tweet_count": 74319, "listed_count": 81}, "name": "Jes\u00fas Rub\u00e9n Pe\u00f1a", "id": "160323306", "username": "revistacodigo21", "verified": false, "created_at": "2010-06-27T21:29:13.000Z", "protected": false, "location": "#Monterrey #Nuevo Le\u00f3n \ud83c\uddf2\ud83c\uddfd", "description": "Director General: Revista C\u00d3DIGO 21 \n#Noticias #Activismo\ud83d\udc9c #Marketing #Bitcoin \n#CosmicTuit #Escritores #Rocker #PetLover #Sdv\n#PorUnMundoMejor\u262e\ufe0f"}]}, "matching_rules": [{"id": 1401678016993017862, "tag": "Fernando Larrazabal"}]}