{"data": {"entities": {"mentions": [{"start": 3, "end": 17, "username": "javialonsordz"}, {"start": 67, "end": 82, "username": "claraluzflores"}], "urls": [{"start": 83, "end": 106, "url": "https://t.co/vbXWIrDBkx", "expanded_url": "https://twitter.com/javialonsordz/status/1401678555789025280/photo/1", "display_url": "pic.twitter.com/vbXWIrDBkx"}]}, "source": "Twitter for iPhone", "created_at": "2021-06-06T23:42:23.000Z", "author_id": "65164147", "attachments": {"media_keys": ["3_1401678548625068035"]}, "text": "RT @javialonsordz: \ud83e\udd1d| \u00a1Te deseamos \u00e9xito en tus futuros proyectos! @claraluzflores https://t.co/vbXWIrDBkx", "id": "1401685933209047044", "referenced_tweets": [{"type": "retweeted", "id": "1401678555789025280"}], "public_metrics": {"retweet_count": 64, "reply_count": 0, "like_count": 0, "quote_count": 0}}, "includes": {"users": [{"public_metrics": {"followers_count": 535, "following_count": 383, "tweet_count": 43694, "listed_count": 13}, "name": "Charles \u201cEl Vasco\u201d Aguirre", "id": "65164147", "username": "ogarcia8", "verified": false, "created_at": "2009-08-12T21:16:50.000Z", "protected": false, "location": "Monterrey, Mexico", "description": "las opiniones aqui vertidas no necesariamente representan el punto de vista del titular de esta cuenta"}]}, "matching_rules": [{"id": 1401678016993017863, "tag": "Clara Luz"}]}