{"data": {"entities": {"mentions": [{"start": 3, "end": 12, "username": "LCUgalde"}, {"start": 48, "end": 63, "username": "samuel_garcias"}], "annotations": [{"start": 86, "end": 95, "probability": 0.916, "type": "Place", "normalized_text": "Nuevo Le\u00f3n"}]}, "source": "Twitter Web App", "created_at": "2021-06-06T23:42:26.000Z", "author_id": "1044433466610266112", "text": "RT @LCUgalde: Ya empez\u00f3 la irresponsabilidad. \n\n@samuel_garcias se declara ganador en Nuevo Le\u00f3n. \n\nSi va arriba, \u00bfcu\u00e1l es la prisa? \n\nY ll\u2026", "id": "1401685946618335240", "referenced_tweets": [{"type": "retweeted", "id": "1401678219040940032"}], "public_metrics": {"retweet_count": 96, "reply_count": 0, "like_count": 0, "quote_count": 0}}, "includes": {"users": [{"public_metrics": {"followers_count": 2465, "following_count": 4487, "tweet_count": 35297, "listed_count": 0}, "name": "Queen Elizabeth \ud83d\udc51 #OPCmx \ud83d\ude37 \ud83c\uddf2\ud83c\uddfd", "id": "1044433466610266112", "username": "EliLugoC", "verified": false, "created_at": "2018-09-25T03:48:37.000Z", "protected": false, "location": "Jap\u00f3n", "description": "Apartidista / Coincido con ideales, no con personas / Chairo, m\u00e1ximo respondo dos mensajes / Amante de los n\u00fameros / S\u00edgueme y te sigo / DIVIDIR NO SUMA.\ud83d\ude09\ud83d\udc9c"}]}, "matching_rules": [{"id": 1401678016993017864, "tag": "Samuel Garcia"}]}