{"data": {"entities": {"mentions": [{"start": 0, "end": 16, "username": "BenjamnSandova7"}, {"start": 17, "end": 31, "username": "mario_delgado"}, {"start": 32, "end": 47, "username": "samuel_garcias"}, {"start": 48, "end": 64, "username": "AdrianDeLaGarza"}, {"start": 65, "end": 77, "username": "MarkoCortes"}, {"start": 78, "end": 91, "username": "alitomorenoc"}, {"start": 92, "end": 108, "username": "partidoverdemex"}]}, "source": "Twitter Web App", "created_at": "2021-06-06T23:43:11.000Z", "author_id": "118618438", "text": "@BenjamnSandova7 @mario_delgado @samuel_garcias @AdrianDeLaGarza @MarkoCortes @alitomorenoc @partidoverdemex Siempre hacen lo mismo, no se pueden callar porque se saben perdedores.", "id": "1401686136037294085", "referenced_tweets": [{"type": "replied_to", "id": "1401685516404330497"}], "public_metrics": {"retweet_count": 0, "reply_count": 0, "like_count": 0, "quote_count": 0}, "in_reply_to_user_id": "848971249149554689"}, "includes": {"users": [{"public_metrics": {"followers_count": 747, "following_count": 838, "tweet_count": 54814, "listed_count": 14}, "name": "Donovan Esa\u00fa", "id": "118618438", "username": "DonovanEsau", "verified": false, "created_at": "2010-03-01T07:12:36.000Z", "protected": false, "location": "M\u00e9xico", "description": "Uno tiene tiempo para lo que le interesa."}]}, "matching_rules": [{"id": 1401678016993017864, "tag": "Samuel Garcia"}, {"id": 1401678016993017861, "tag": "Adrian de la Garza"}]}