{"data": {"entities": {"hashtags": [{"start": 21, "end": 38, "tag": "EncuestaDeSalida"}], "mentions": [{"start": 3, "end": 19, "username": "ElFinanciero_Mx"}, {"start": 74, "end": 90, "username": "AdrianDeLaGarza"}, {"start": 93, "end": 108, "username": "samuel_garcias"}], "annotations": [{"start": 112, "end": 121, "probability": 0.9367, "type": "Place", "normalized_text": "Nuevo Le\u00f3n"}]}, "source": "Twitter for iPhone", "created_at": "2021-06-06T23:43:42.000Z", "author_id": "354096572", "text": "RT @ElFinanciero_Mx: #EncuestaDeSalida: La contienda es muy cerrada entre @AdrianDeLaGarza y @samuel_garcias en Nuevo Le\u00f3n. #EleccionesMexi\u2026", "id": "1401686266207477760", "referenced_tweets": [{"type": "retweeted", "id": "1401678728229445638"}], "public_metrics": {"retweet_count": 59, "reply_count": 0, "like_count": 0, "quote_count": 0}}, "includes": {"users": [{"public_metrics": {"followers_count": 773, "following_count": 1008, "tweet_count": 19692, "listed_count": 3}, "name": "Edgar V\u00e1zquez", "id": "354096572", "username": "EdrVaz", "verified": false, "created_at": "2011-08-13T03:53:54.000Z", "protected": false, "location": "M\u00e9xico", "description": "Internacionalista @itam_mx."}]}, "matching_rules": [{"id": 1401678016993017864, "tag": "Samuel Garcia"}, {"id": 1401678016993017861, "tag": "Adrian de la Garza"}]}