{"data": {"entities": {"mentions": [{"start": 3, "end": 15, "username": "LaListanews"}, {"start": 65, "end": 80, "username": "MovCiudadanoMX"}, {"start": 97, "end": 112, "username": "samuel_garcias"}, {"start": 125, "end": 135, "username": "PRDMexico"}], "annotations": [{"start": 20, "end": 29, "probability": 0.906, "type": "Place", "normalized_text": "Nuevo Le\u00f3n"}, {"start": 82, "end": 94, "probability": 0.9966, "type": "Person", "normalized_text": "Samuel Garc\u00eda"}, {"start": 121, "end": 123, "probability": 0.8085, "type": "Organization", "normalized_text": "PRI"}]}, "source": "Twitter for Android", "created_at": "2021-06-06T23:44:50.000Z", "author_id": "568963331", "text": "RT @LaListanews: En Nuevo Le\u00f3n, el candidato a la gubernatura de @MovCiudadanoMX, Samuel Garc\u00eda (@samuel_garcias), y del PRI-@PRDMexico, @A\u2026", "id": "1401686551189458949", "referenced_tweets": [{"type": "retweeted", "id": "1401682103113244672"}], "public_metrics": {"retweet_count": 2, "reply_count": 0, "like_count": 0, "quote_count": 0}}, "includes": {"users": [{"public_metrics": {"followers_count": 442, "following_count": 1075, "tweet_count": 68099, "listed_count": 4}, "name": "John Wu", "id": "568963331", "username": "juanparza", "verified": false, "created_at": "2012-05-02T09:45:31.000Z", "protected": false, "location": "Everywhere", "description": "Radio & TV Producer, Filmmaker, Producer, Writer"}]}, "matching_rules": [{"id": 1401678016993017864, "tag": "Samuel Garcia"}, {"id": 1401678016993017861, "tag": "Adrian de la Garza"}]}