{"data": {"entities": {"urls": [{"start": 281, "end": 304, "url": "https://t.co/GSd9jtVT22", "expanded_url": "https://twitter.com/josuebecerra/status/1401677186608795649", "display_url": "twitter.com/josuebecerra/s\u2026"}], "annotations": [{"start": 85, "end": 88, "probability": 0.7371, "type": "Place", "normalized_text": "N.L."}, {"start": 234, "end": 239, "probability": 0.5129, "type": "Person", "normalized_text": "Morena"}, {"start": 244, "end": 247, "probability": 0.3719, "type": "Person", "normalized_text": "N.L."}]}, "source": "Twitter for Android", "created_at": "2021-06-06T23:44:58.000Z", "author_id": "192722210", "text": "A\u00fan no inicia la nueva administraci\u00f3n y ya andan de mentirosos, porquer\u00eda que hay en N.L.\nMorena tmbn es responsable por dejarnos a la suerte con candidata chafa y sin el m\u00ednimo apoyo del partido. La dejaron SOLA.\nEl mayor fracaso de Morena es N.L. y va a costar caro para el pa\u00eds https://t.co/GSd9jtVT22", "id": "1401686584248897537", "referenced_tweets": [{"type": "quoted", "id": "1401677186608795649"}], "public_metrics": {"retweet_count": 0, "reply_count": 0, "like_count": 0, "quote_count": 0}}, "includes": {"users": [{"public_metrics": {"followers_count": 1348, "following_count": 1383, "tweet_count": 6875, "listed_count": 2}, "name": "Sand\u00edaRoja\ud83c\udf49", "id": "192722210", "username": "SandyaRegia", "verified": false, "created_at": "2010-09-19T23:53:35.000Z", "protected": false, "location": "Monterrey, Nuevo Le\u00f3n", "description": "\ud83c\uddf2\ud83c\uddfd Docente, humanista, eterna aprendiz de todo. Mar, perros, lluvia y buen caf\u00e9 \u2615"}]}, "matching_rules": [{"id": 1401678016993017864, "tag": "Samuel Garcia"}, {"id": 1401678016993017861, "tag": "Adrian de la Garza"}]}