{"data": {"entities": {"mentions": [{"start": 3, "end": 13, "username": "HAM120539"}]}, "source": "Twitter for Android", "created_at": "2021-06-06T23:45:19.000Z", "author_id": "55193875", "text": "RT @HAM120539: Los neoloneses no merecemos un payaso de gobernador ser\u00edan 6a\u00f1os de circo, tampoco queremos un delincuente, se incrementar\u00eda\u2026", "id": "1401686671230373889", "referenced_tweets": [{"type": "retweeted", "id": "1400136639272394756"}], "public_metrics": {"retweet_count": 250, "reply_count": 0, "like_count": 0, "quote_count": 0}}, "includes": {"users": [{"public_metrics": {"followers_count": 2427, "following_count": 2503, "tweet_count": 34344, "listed_count": 20}, "name": "Marcos Wealt", "id": "55193875", "username": "marcoswealth", "verified": false, "created_at": "2009-07-09T09:52:57.000Z", "protected": false, "location": "puebla mexico", "description": "Autor, Inversionista. Desarrollador P.C.R. Asesor Financiero y de Negocios"}]}, "matching_rules": [{"id": 1401678016993017863, "tag": "Clara Luz"}]}