{"data": {"entities": {"mentions": [{"start": 3, "end": 13, "username": "dra_tessa"}], "annotations": [{"start": 47, "end": 55, "probability": 0.8203, "type": "Person", "normalized_text": "Clara Luz"}, {"start": 93, "end": 101, "probability": 0.9684, "type": "Place", "normalized_text": "Monterrey"}]}, "source": "Twitter for Android", "created_at": "2021-06-06T23:45:37.000Z", "author_id": "1219995104984715264", "text": "RT @dra_tessa: Se acuerdan cuando el esposo de Clara Luz se proclam\u00f3 ganador para alcalde de Monterrey, llev\u00f3 acarreados a su festejo a la\u2026", "id": "1401686748837654532", "referenced_tweets": [{"type": "retweeted", "id": "1401684504679493638"}], "public_metrics": {"retweet_count": 3, "reply_count": 0, "like_count": 0, "quote_count": 0}}, "includes": {"users": [{"public_metrics": {"followers_count": 575, "following_count": 741, "tweet_count": 9388, "listed_count": 2}, "name": "Jesus De la torre", "id": "1219995104984715264", "username": "JesusDeLaTorreG", "verified": false, "created_at": "2020-01-22T14:48:22.000Z", "protected": false, "location": "Guadalupe, Nuevo Le\u00f3n", "description": "apoyemos la cuarta transformaci\u00f3n, todo el poder al pueblo"}]}, "matching_rules": [{"id": 1401678016993017863, "tag": "Clara Luz"}]}