{"data": {"entities": {"mentions": [{"start": 0, "end": 14, "username": "AlvarezMaynez"}, {"start": 15, "end": 30, "username": "samuel_garcias"}]}, "source": "Twitter for iPhone", "created_at": "2021-06-06T23:45:41.000Z", "author_id": "433809658", "text": "@AlvarezMaynez @samuel_garcias Todav\u00eda no saben no canten victoria.", "id": "1401686764406902787", "referenced_tweets": [{"type": "replied_to", "id": "1401676551276666880"}], "public_metrics": {"retweet_count": 0, "reply_count": 0, "like_count": 0, "quote_count": 0}, "in_reply_to_user_id": "201171691"}, "includes": {"users": [{"public_metrics": {"followers_count": 620, "following_count": 894, "tweet_count": 18875, "listed_count": 1}, "name": "AB #CPT", "id": "433809658", "username": "AB_cpt", "verified": false, "created_at": "2011-12-11T01:55:51.000Z", "protected": false, "description": "Por un mejor M\u00e9xico y S\u00ed Por M\u00e9xico"}]}, "matching_rules": [{"id": 1401678016993017864, "tag": "Samuel Garcia"}]}