{"data": {"entities": {"mentions": [{"start": 3, "end": 18, "username": "samuel_garcias"}]}, "source": "Twitter for Android", "created_at": "2021-06-06T23:46:11.000Z", "author_id": "180229461", "text": "RT @samuel_garcias: Gracias Nuevo Le\u00f3n, llevamos una ventaja de 10.5% y la tendencia nos sigue favoreciendo, los mantendr\u00e9 informados.\n\nHoy\u2026", "id": "1401686889422282758", "referenced_tweets": [{"type": "retweeted", "id": "1401686737911353344"}], "public_metrics": {"retweet_count": 10, "reply_count": 0, "like_count": 0, "quote_count": 0}}, "includes": {"users": [{"public_metrics": {"followers_count": 89, "following_count": 1087, "tweet_count": 4928, "listed_count": 0}, "name": "FFB", "id": "180229461", "username": "fherfb", "verified": false, "created_at": "2010-08-19T03:30:32.000Z", "protected": false, "location": "Chihuahua, M\u00e9xico", "description": ""}]}, "matching_rules": [{"id": 1401678016993017864, "tag": "Samuel Garcia"}]}