{"data": {"entities": {"mentions": [{"start": 3, "end": 17, "username": "El_BlueCheese"}], "urls": [{"start": 84, "end": 107, "url": "https://t.co/DzAqrVszV5", "expanded_url": "https://twitter.com/El_BlueCheese/status/1401684864995414027/video/1", "display_url": "pic.twitter.com/DzAqrVszV5"}], "annotations": [{"start": 19, "end": 27, "probability": 0.8804, "type": "Person", "normalized_text": "Clara Luz"}]}, "source": "Twitter for Android", "created_at": "2021-06-06T23:46:18.000Z", "author_id": "271595126", "attachments": {"media_keys": ["7_1401684787274960902"]}, "text": "RT @El_BlueCheese: Clara Luz al preguntarle c\u00f3mo se proclama para estas elecciones. https://t.co/DzAqrVszV5", "id": "1401686918753050624", "referenced_tweets": [{"type": "retweeted", "id": "1401684864995414027"}], "public_metrics": {"retweet_count": 5, "reply_count": 0, "like_count": 0, "quote_count": 0}}, "includes": {"users": [{"public_metrics": {"followers_count": 521, "following_count": 827, "tweet_count": 99385, "listed_count": 8}, "name": "Fernando Qu\u00edmico Fifi", "id": "271595126", "username": "frenando11", "verified": false, "created_at": "2011-03-24T20:41:30.000Z", "protected": false, "location": "Ya soy cuate de provincia!! ", "description": "Ir al gym me va a quitar 2 horas de vida, mientras que comer tacos s\u00f3lo 10 minutos y adem\u00e1s ah\u00ed no cobran inscripci\u00f3n. Punto para los tacos."}]}, "matching_rules": [{"id": 1401678016993017863, "tag": "Clara Luz"}]}