{"data": {"entities": {"mentions": [{"start": 0, "end": 15, "username": "im_montesdeoca"}, {"start": 16, "end": 28, "username": "luisghernan"}, {"start": 29, "end": 44, "username": "claraluzflores"}, {"start": 45, "end": 61, "username": "PartidoMorenaMx"}, {"start": 62, "end": 76, "username": "mario_delgado"}, {"start": 77, "end": 84, "username": "sextaw"}]}, "source": "Twitter for Android", "created_at": "2021-06-06T23:46:41.000Z", "author_id": "95969827", "text": "@im_montesdeoca @luisghernan @claraluzflores @PartidoMorenaMx @mario_delgado @sextaw Muestra tu dedo que votaste o si no botate... Bot de \ud83d\udca9", "id": "1401687016224481280", "referenced_tweets": [{"type": "replied_to", "id": "1401683010324402179"}], "public_metrics": {"retweet_count": 0, "reply_count": 0, "like_count": 0, "quote_count": 0}, "in_reply_to_user_id": "744696290823413760"}, "includes": {"users": [{"public_metrics": {"followers_count": 3320, "following_count": 2382, "tweet_count": 130673, "listed_count": 2}, "name": "AnaLuna\u270d\ufe0f", "id": "95969827", "username": "analuna74", "verified": false, "created_at": "2009-12-10T19:48:42.000Z", "protected": false, "location": "ChisMex", "description": "\ud83c\uddf2\ud83c\uddfd Unidad por M\u00e9xico, unidad con AMLO y unidad por salir de este mal rato llamado Pandemia \ud83c\uddf2\ud83c\uddfd"}]}, "matching_rules": [{"id": 1401678016993017863, "tag": "Clara Luz"}]}