{"data": {"entities": {"mentions": [{"start": 0, "end": 15, "username": "samuel_garcias"}]}, "source": "Twitter for Android", "created_at": "2021-06-06T23:47:28.000Z", "author_id": "1401372634231623690", "text": "@samuel_garcias Van a tener un gobernador chafa", "id": "1401687214480924673", "referenced_tweets": [{"type": "replied_to", "id": "1401577014411153411"}], "public_metrics": {"retweet_count": 0, "reply_count": 0, "like_count": 0, "quote_count": 0}, "in_reply_to_user_id": "258973851"}, "includes": {"users": [{"public_metrics": {"followers_count": 0, "following_count": 44, "tweet_count": 11, "listed_count": 0}, "name": "Peter", "id": "1401372634231623690", "username": "Peter60574615", "verified": false, "created_at": "2021-06-06T02:57:42.000Z", "protected": false, "description": "Amoroso"}]}, "matching_rules": [{"id": 1401678016993017864, "tag": "Samuel Garcia"}]}