{"data": {"entities": {"mentions": [{"start": 3, "end": 15, "username": "luisghernan"}, {"start": 32, "end": 47, "username": "claraluzflores"}, {"start": 93, "end": 109, "username": "PartidoMorenaMx"}]}, "source": "Twitter Web App", "created_at": "2021-06-06T23:47:57.000Z", "author_id": "306551651", "text": "RT @luisghernan: Esta noche...\n\n@claraluzflores se convierte en el \n\nFRACASO M\u00c1S GRANDE \n\nde @PartidoMorenaMx \n\nSe hunde hasta el CUARTO LU\u2026", "id": "1401687334303711233", "referenced_tweets": [{"type": "retweeted", "id": "1401682306738294785"}], "public_metrics": {"retweet_count": 41, "reply_count": 0, "like_count": 0, "quote_count": 0}}, "includes": {"users": [{"public_metrics": {"followers_count": 1372, "following_count": 1329, "tweet_count": 326965, "listed_count": 4}, "name": "jesus vazquez", "id": "306551651", "username": "jesusovv", "verified": false, "created_at": "2011-05-28T02:30:47.000Z", "protected": false, "description": "amo la vida en todas sus https://t.co/9llHkQWcDA maravilla saber que soy parte del universo."}]}, "matching_rules": [{"id": 1401678016993017863, "tag": "Clara Luz"}]}