{"data": {"entities": {"mentions": [{"start": 0, "end": 10, "username": "vayalamty"}, {"start": 11, "end": 27, "username": "AdrianDeLaGarza"}, {"start": 28, "end": 43, "username": "samuel_garcias"}, {"start": 44, "end": 56, "username": "MtyFollowMx"}, {"start": 57, "end": 73, "username": "josuegonzaleztv"}, {"start": 74, "end": 83, "username": "cesarmty"}, {"start": 84, "end": 96, "username": "VecinoRegi0"}, {"start": 97, "end": 108, "username": "Mty_Leones"}, {"start": 109, "end": 125, "username": "aztecacomunidad"}, {"start": 126, "end": 138, "username": "QuePasaEnSN"}, {"start": 139, "end": 151, "username": "blancoduran"}, {"start": 152, "end": 168, "username": "CarlosSanchezMX"}, {"start": 169, "end": 179, "username": "dreyesmty"}, {"start": 180, "end": 194, "username": "JudithMedrano"}, {"start": 195, "end": 208, "username": "SoyDeSanNico"}, {"start": 209, "end": 223, "username": "DarkKnightMty"}], "urls": [{"start": 239, "end": 262, "url": "https://t.co/ccGtabJUJg", "expanded_url": "https://twitter.com/armandoespinot2/status/1401687373503766532/photo/1", "display_url": "pic.twitter.com/ccGtabJUJg"}], "annotations": [{"start": 233, "end": 237, "probability": 0.9845, "type": "Person", "normalized_text": "Trump"}]}, "source": "Twitter for Android", "created_at": "2021-06-06T23:48:06.000Z", "author_id": "1375498279417479178", "attachments": {"media_keys": ["3_1401687370525818881"]}, "text": "@vayalamty @AdrianDeLaGarza @samuel_garcias @MtyFollowMx @josuegonzaleztv @cesarmty @VecinoRegi0 @Mty_Leones @aztecacomunidad @QuePasaEnSN @blancoduran @CarlosSanchezMX @dreyesmty @JudithMedrano @SoyDeSanNico @DarkKnightMty As\u00ed dijo Trump https://t.co/ccGtabJUJg", "id": "1401687373503766532", "context_annotations": [{"domain": {"id": "10", "name": "Person", "description": "Named people in the world like Nelson Mandela"}, "entity": {"id": "799022225751871488", "name": "Donald Trump", "description": "US President Donald Trump"}}, {"domain": {"id": "35", "name": "Politician", "description": "Politicians in the world, like Joe Biden"}, "entity": {"id": "799022225751871488", "name": "Donald Trump", "description": "US President Donald Trump"}}], "referenced_tweets": [{"type": "replied_to", "id": "1401680216158871560"}], "public_metrics": {"retweet_count": 0, "reply_count": 0, "like_count": 0, "quote_count": 0}, "in_reply_to_user_id": "126053281"}, "includes": {"users": [{"public_metrics": {"followers_count": 4, "following_count": 57, "tweet_count": 714, "listed_count": 0}, "name": "Nueva era felina", "id": "1375498279417479178", "username": "armandoespinot2", "verified": false, "created_at": "2021-03-26T17:22:16.000Z", "protected": false, "description": "regio y amante de la m\u00fasica el arte y la lectura\nfan de patriots y de tigres uanl, aprendiz de filosofo"}]}, "matching_rules": [{"id": 1401678016993017864, "tag": "Samuel Garcia"}, {"id": 1401678016993017861, "tag": "Adrian de la Garza"}]}