{"data": {"entities": {"hashtags": [{"start": 22, "end": 37, "tag": "Elecciones2021"}], "mentions": [{"start": 3, "end": 18, "username": "LuisCardenasMx"}, {"start": 41, "end": 53, "username": "MVSNoticias"}, {"start": 57, "end": 71, "username": "samuelgarcias"}, {"start": 74, "end": 90, "username": "AdrianDeLaGarza"}]}, "source": "Twitter for Android", "created_at": "2021-06-06T23:49:09.000Z", "author_id": "99068574", "text": "RT @LuisCardenasMx: | #Elecciones2021 en @MVSNoticias |\n\n@samuelgarcias y @AdrianDeLaGarza se declaran ganadores en la elecci\u00f3n para la gub\u2026", "id": "1401687636625051648", "referenced_tweets": [{"type": "retweeted", "id": "1401679800209653766"}], "public_metrics": {"retweet_count": 6, "reply_count": 0, "like_count": 0, "quote_count": 0}}, "includes": {"users": [{"public_metrics": {"followers_count": 254, "following_count": 61, "tweet_count": 103752, "listed_count": 27}, "name": "\u03c2\u00e9\u0455\u03b1\u044f \u03b1. \u044f\u03c3\u2202\u044f\u012fg\u03c5\u0454z", "id": "99068574", "username": "pika71", "verified": false, "created_at": "2009-12-24T09:04:47.000Z", "protected": false, "location": "M\u00e9xico", "description": "W T F !"}]}, "matching_rules": [{"id": 1401678016993017861, "tag": "Adrian de la Garza"}]}