{"data": {"entities": {"mentions": [{"start": 0, "end": 9, "username": "LCUgalde"}, {"start": 10, "end": 25, "username": "samuel_garcias"}], "annotations": [{"start": 70, "end": 87, "probability": 0.8287, "type": "Person", "normalized_text": "Adri\u00e1n de la Garza"}]}, "source": "Twitter for Android", "created_at": "2021-06-06T23:49:17.000Z", "author_id": "39828895", "text": "@LCUgalde @samuel_garcias Hay que ser justos, lo hizo al mismo tiempo Adri\u00e1n de la Garza.", "id": "1401687672423436289", "referenced_tweets": [{"type": "replied_to", "id": "1401678219040940032"}], "public_metrics": {"retweet_count": 0, "reply_count": 0, "like_count": 0, "quote_count": 0}, "in_reply_to_user_id": "15641805"}, "includes": {"users": [{"public_metrics": {"followers_count": 512, "following_count": 1178, "tweet_count": 6252, "listed_count": 1}, "name": "Ignacio Camacho", "id": "39828895", "username": "nachcam", "verified": false, "created_at": "2009-05-13T20:39:54.000Z", "protected": false, "location": "CDMX", "description": "Consultor y analista pol\u00edtico. Cr\u00edtico.\nEconomista y polit\u00f3logo. \n\nMis opiniones son s\u00f3lo m\u00edas."}]}, "matching_rules": [{"id": 1401678016993017864, "tag": "Samuel Garcia"}]}