{"data": {"entities": {"mentions": [{"start": 3, "end": 18, "username": "AdrianAShupapi"}]}, "source": "Twitter for iPhone", "created_at": "2021-06-06T23:49:21.000Z", "author_id": "706045381", "text": "RT @AdrianAShupapi: Se ah visto ah trav\u00e9s de todo el d\u00eda, quien es el favorito! En todas las encuestas larrazabal va arriba!, Bueno menos e\u2026", "id": "1401687688777015296", "referenced_tweets": [{"type": "retweeted", "id": "1401686057301729280"}], "public_metrics": {"retweet_count": 2, "reply_count": 0, "like_count": 0, "quote_count": 0}}, "includes": {"users": [{"public_metrics": {"followers_count": 307, "following_count": 584, "tweet_count": 15274, "listed_count": 2}, "name": "\ud83d\udc99\ud83d\ude82\u2764\ufe0fDIME CAMPE\u00d3N\ud83d\udc99\ud83d\ude82\u2764\ufe0f\ud83c\udf1f\ud83c\udf1f\ud83c\udf1f\ud83c\udf1f\ud83c\udf1f\ud83c\udf1f\ud83c\udf1f\ud83c\udf1f\ud83c\udf1f", "id": "706045381", "username": "HugoRcarreon", "verified": false, "created_at": "2012-07-20T00:09:57.000Z", "protected": false, "description": "Soy lo que ves, si me ves."}]}, "matching_rules": [{"id": 1401678016993017862, "tag": "Fernando Larrazabal"}]}