{"data": {"entities": {"mentions": [{"start": 0, "end": 13, "username": "aseretleija_"}, {"start": 14, "end": 22, "username": "oliud_a"}, {"start": 23, "end": 33, "username": "absalon78"}, {"start": 34, "end": 50, "username": "AdrianDeLaGarza"}, {"start": 51, "end": 66, "username": "samuel_garcias"}], "annotations": [{"start": 93, "end": 111, "probability": 0.9371, "type": "Person", "normalized_text": "fernando larrazabal"}]}, "source": "Twitter Web App", "created_at": "2021-06-06T23:49:27.000Z", "author_id": "1371359346035195907", "text": "@aseretleija_ @oliud_a @absalon78 @AdrianDeLaGarza @samuel_garcias Espero y hayas votado por fernando larrazabal", "id": "1401687713850576899", "referenced_tweets": [{"type": "replied_to", "id": "1401687396731834373"}], "public_metrics": {"retweet_count": 0, "reply_count": 0, "like_count": 0, "quote_count": 0}, "in_reply_to_user_id": "955372955328016384"}, "includes": {"users": [{"public_metrics": {"followers_count": 114, "following_count": 198, "tweet_count": 335, "listed_count": 0}, "name": "Ilse Cervantes", "id": "1371359346035195907", "username": "ilsecervantes90", "verified": false, "created_at": "2021-03-15T07:15:33.000Z", "protected": false, "description": "\ud83e\udd8b"}]}, "matching_rules": [{"id": 1401678016993017864, "tag": "Samuel Garcia"}, {"id": 1401678016993017862, "tag": "Fernando Larrazabal"}, {"id": 1401678016993017861, "tag": "Adrian de la Garza"}]}