{"data": {"entities": {"hashtags": [{"start": 31, "end": 41, "tag": "NuevoLeon"}], "mentions": [{"start": 11, "end": 27, "username": "AdrianDeLaGarza"}], "urls": [{"start": 55, "end": 78, "url": "https://t.co/Bfza08Yncb", "expanded_url": "https://twitter.com/adriandelagarza/status/1401675503833161738", "display_url": "twitter.com/adriandelagarz\u2026"}]}, "source": "Twitter for iPhone", "created_at": "2021-06-06T23:49:41.000Z", "author_id": "33261933", "text": "Triunfo de @AdrianDeLaGarza en@#NuevoLeon \ud83d\udc4f\ud83c\udffc\ud83d\udc4f\ud83c\udffc\ud83d\udc4f\ud83c\udffc\ud83d\udc4f\ud83c\udffc\ud83d\udc4f\ud83c\udffc\ud83d\udc4f\ud83c\udffc https://t.co/Bfza08Yncb", "id": "1401687771572473863", "referenced_tweets": [{"type": "quoted", "id": "1401675503833161738"}], "public_metrics": {"retweet_count": 0, "reply_count": 0, "like_count": 0, "quote_count": 0}}, "includes": {"users": [{"public_metrics": {"followers_count": 36081, "following_count": 2988, "tweet_count": 22567, "listed_count": 142}, "name": "Mariana Ben\u00edtez", "id": "33261933", "username": "marianabenitezt", "verified": true, "created_at": "2009-04-19T17:52:49.000Z", "protected": false, "location": "M\u00e9xico", "description": "Mi coraz\u00f3n late por M\u00e9xico. Abogada del @itam_mx y maestra en Derecho por @FletcherSchool. Presidenta @50mas1Oax. Candidata pluri al congreso #Oaxaca"}]}, "matching_rules": [{"id": 1401678016993017861, "tag": "Adrian de la Garza"}]}