{"data": {"entities": {"mentions": [{"start": 3, "end": 16, "username": "Pamelita0321"}, {"start": 26, "end": 41, "username": "samuel_garcias"}]}, "source": "Twitter for iPhone", "created_at": "2021-06-06T23:49:48.000Z", "author_id": "1176237167808376832", "text": "RT @Pamelita0321: Si gana @samuel_garcias en nuevo leon me dar\u00e1 un chingo de verg\u00fcenza por mi estado. Buscar\u00e9 otro que me adopte. \ud83d\ude2d\ud83d\ude2d\ud83d\ude2d", "id": "1401687799112273921", "referenced_tweets": [{"type": "retweeted", "id": "1401465811844407298"}], "public_metrics": {"retweet_count": 643, "reply_count": 0, "like_count": 0, "quote_count": 0}}, "includes": {"users": [{"public_metrics": {"followers_count": 381, "following_count": 899, "tweet_count": 6212, "listed_count": 0}, "name": "jhperezmtz", "id": "1176237167808376832", "username": "jhperezmtz", "verified": false, "created_at": "2019-09-23T20:49:58.000Z", "protected": false, "description": ""}]}, "matching_rules": [{"id": 1401678016993017864, "tag": "Samuel Garcia"}]}