{"data": {"entities": {"mentions": [{"start": 3, "end": 13, "username": "yooddaa29"}], "annotations": [{"start": 46, "end": 55, "probability": 0.8415, "type": "Place", "normalized_text": "Nuevo Leon"}, {"start": 79, "end": 91, "probability": 0.9869, "type": "Person", "normalized_text": "Samuel Garcia"}, {"start": 97, "end": 114, "probability": 0.733, "type": "Person", "normalized_text": "Adrian de la Garza"}]}, "source": "Twitter for Android", "created_at": "2021-06-06T23:50:20.000Z", "author_id": "1184255650383175680", "text": "RT @yooddaa29: Tristemente les anuncio que en Nuevo Leon no todo estara bien.\n\nSamuel Garcia 36%\nAdrian de la Garza 28%.\n\nFelicidades para\u2026", "id": "1401687935808946178", "referenced_tweets": [{"type": "retweeted", "id": "1401678536604196866"}], "public_metrics": {"retweet_count": 39, "reply_count": 0, "like_count": 0, "quote_count": 0}}, "includes": {"users": [{"public_metrics": {"followers_count": 6339, "following_count": 6736, "tweet_count": 47236, "listed_count": 3}, "name": "SirAntorolimius", "id": "1184255650383175680", "username": "SirAntorolimius", "verified": false, "created_at": "2019-10-15T23:52:23.000Z", "protected": false, "location": "Arboledas del Sur, Tlalpan", "description": "Preocupado por mi pa\u00eds, no tolero ideas sin fundamento, ni la mentira. \nF.C. Barcelona \n#\ud835\udd46\ud835\udd61\ud835\udd60\ud835\udd64\ud835\udd5a\ud835\udd54\ud835\udd5a\ud835\udd60\ud835\udd5f\ud835\udd4c\ud835\udd5f\ud835\udd5a\ud835\udd55\ud835\udd52\n\ud83c\uddf2\ud83c\uddfd"}]}, "matching_rules": [{"id": 1401678016993017864, "tag": "Samuel Garcia"}, {"id": 1401678016993017861, "tag": "Adrian de la Garza"}]}