{"data": {"entities": {"mentions": [{"start": 3, "end": 13, "username": "GlodeJo07"}], "urls": [{"start": 107, "end": 130, "url": "https://t.co/uLDujUMqTP", "expanded_url": "https://twitter.com/GlodeJo07/status/1401682107634794500/photo/1", "display_url": "pic.twitter.com/uLDujUMqTP"}], "annotations": [{"start": 72, "end": 81, "probability": 0.6326, "type": "Place", "normalized_text": "Nuevo Le\u00f3n"}, {"start": 87, "end": 95, "probability": 0.735, "type": "Person", "normalized_text": "Clara Luz"}]}, "source": "Twitter for Android", "created_at": "2021-06-06T23:50:23.000Z", "author_id": "1377359761272897540", "attachments": {"media_keys": ["3_1401682104304517123"]}, "text": "RT @GlodeJo07: Mi perrita tiene m\u00e1s posibilidades de ser gobernadora de Nuevo Le\u00f3n qu\u00e9 Clara Luz, la neta. https://t.co/uLDujUMqTP", "id": "1401687949004230659", "referenced_tweets": [{"type": "retweeted", "id": "1401682107634794500"}], "public_metrics": {"retweet_count": 42, "reply_count": 0, "like_count": 0, "quote_count": 0}}, "includes": {"users": [{"public_metrics": {"followers_count": 1678, "following_count": 1336, "tweet_count": 25134, "listed_count": 2}, "name": "A. Ander = @todoxnada", "id": "1377359761272897540", "username": "todoxnada2", "verified": false, "created_at": "2021-03-31T20:39:15.000Z", "protected": false, "description": "Que el ganarte la vida no sea tu ocupaci\u00f3n,  sino tu deporte.\n\n100% Anti L\u00f3pez"}]}, "matching_rules": [{"id": 1401678016993017863, "tag": "Clara Luz"}]}