{"data": {"entities": {"mentions": [{"start": 0, "end": 16, "username": "AdrianDeLaGarza"}]}, "source": "Twitter for Android", "created_at": "2021-06-06T23:50:46.000Z", "author_id": "319799634", "text": "@AdrianDeLaGarza Jajajajajajajajajjajanaja", "id": "1401688045745803264", "referenced_tweets": [{"type": "replied_to", "id": "1400195557977735173"}], "public_metrics": {"retweet_count": 0, "reply_count": 0, "like_count": 0, "quote_count": 0}, "in_reply_to_user_id": "2357040230"}, "includes": {"users": [{"public_metrics": {"followers_count": 4975, "following_count": 3068, "tweet_count": 46270, "listed_count": 0}, "name": "Gerardo", "id": "319799634", "username": "Gerardo_p4", "verified": false, "created_at": "2011-06-18T19:23:17.000Z", "protected": false, "description": "And it is me who is my enemy,\nMe who beats me up,\nMe who makes the monsters,\nMe who strips my confidence...\nBut i Love, i Love."}]}, "matching_rules": [{"id": 1401678016993017861, "tag": "Adrian de la Garza"}]}