{"data": {"entities": {"mentions": [{"start": 3, "end": 12, "username": "lorogomo"}], "urls": [{"start": 56, "end": 79, "url": "https://t.co/GspoZabY2z", "expanded_url": "https://twitter.com/lorogomo/status/1401681058597310469/photo/1", "display_url": "pic.twitter.com/GspoZabY2z"}], "annotations": [{"start": 46, "end": 54, "probability": 0.8815, "type": "Person", "normalized_text": "Clara Luz"}]}, "source": "Twitter for iPhone", "created_at": "2021-06-06T23:51:52.000Z", "author_id": "221632798", "attachments": {"media_keys": ["16_1401681046442237956"]}, "text": "RT @lorogomo: Todos diciendo que ya ganaron y Clara Luz https://t.co/GspoZabY2z", "id": "1401688323056226310", "referenced_tweets": [{"type": "retweeted", "id": "1401681058597310469"}], "public_metrics": {"retweet_count": 30, "reply_count": 0, "like_count": 0, "quote_count": 0}}, "includes": {"users": [{"public_metrics": {"followers_count": 11267, "following_count": 12506, "tweet_count": 156821, "listed_count": 34}, "name": "Mike Aguirre \ud83d\udc2f", "id": "221632798", "username": "michellobmike", "verified": false, "created_at": "2010-12-01T04:59:52.000Z", "protected": false, "location": "Monterrey, Nuevo Le\u00f3n", "description": "Regio, tigre, productor."}]}, "matching_rules": [{"id": 1401678016993017863, "tag": "Clara Luz"}]}