{"data": {"entities": {"mentions": [{"start": 0, "end": 11, "username": "Sergiojaus"}], "annotations": [{"start": 137, "end": 140, "probability": 0.7762, "type": "Person", "normalized_text": "amlo"}]}, "source": "Twitter for Android", "created_at": "2021-06-06T23:52:23.000Z", "author_id": "128403599", "text": "@Sergiojaus Sabes que es lo mas chistoso, tengo un conocido que esta en la campa\u00f1a de clara luz y meses antes se la pasaba burlandose de amlo xD", "id": "1401688450500382723", "referenced_tweets": [{"type": "replied_to", "id": "1401625254447955970"}], "public_metrics": {"retweet_count": 0, "reply_count": 0, "like_count": 0, "quote_count": 0}, "in_reply_to_user_id": "1098786596"}, "includes": {"users": [{"public_metrics": {"followers_count": 12, "following_count": 162, "tweet_count": 356, "listed_count": 0}, "name": "Blanca Lizette", "id": "128403599", "username": "BlankitaLiz", "verified": false, "created_at": "2010-04-01T01:17:06.000Z", "protected": false, "description": ""}]}, "matching_rules": [{"id": 1401678016993017863, "tag": "Clara Luz"}]}