{"data": {"entities": {"mentions": [{"start": 3, "end": 18, "username": "ElFinancieroTv"}, {"start": 80, "end": 93, "username": "ChrisCastroB"}, {"start": 109, "end": 125, "username": "AdrianDeLaGarza"}], "annotations": [{"start": 59, "end": 66, "probability": 0.995, "type": "Place", "normalized_text": "Campeche"}, {"start": 98, "end": 107, "probability": 0.781, "type": "Place", "normalized_text": "Nuevo Le\u00f3n"}, {"start": 130, "end": 138, "probability": 0.9785, "type": "Place", "normalized_text": "Quer\u00e9taro"}]}, "source": "Twitter for iPad", "created_at": "2021-06-06T23:53:47.000Z", "author_id": "962528780", "text": "RT @ElFinancieroTv: Las encuestas de salida indican que en Campeche puede ganar @ChrisCastroB, en Nuevo Le\u00f3n @AdrianDeLaGarza, en Quer\u00e9taro\u2026", "id": "1401688801886494720", "referenced_tweets": [{"type": "retweeted", "id": "1401681475217596416"}], "public_metrics": {"retweet_count": 13, "reply_count": 0, "like_count": 0, "quote_count": 0}}, "includes": {"users": [{"public_metrics": {"followers_count": 546, "following_count": 569, "tweet_count": 89687, "listed_count": 0}, "name": "Mary Cruz Urbieta", "id": "962528780", "username": "MacruzUrbieta", "verified": false, "created_at": "2012-11-21T14:48:25.000Z", "protected": false, "location": "M\u00e9rida, Yucat\u00e1n", "description": "LION CAPITAL - ASESORA PATRIMONIAL. VENTA DE TERRENOS PARA INVERSI\u00d3N. INICIA UN PATRIMONIO DE MANERA SEGURA. ODIO AMLO - ANTI 4T"}]}, "matching_rules": [{"id": 1401678016993017861, "tag": "Adrian de la Garza"}]}