{"data": {"entities": {"mentions": [{"start": 3, "end": 11, "username": "ZMyBerg"}, {"start": 26, "end": 42, "username": "FerLarrazabalNL"}], "annotations": [{"start": 77, "end": 86, "probability": 0.8332, "type": "Place", "normalized_text": "Nuevo Le\u00f3n"}]}, "source": "Twitter for iPhone", "created_at": "2021-06-06T23:53:51.000Z", "author_id": "1295965160985767936", "text": "RT @ZMyBerg: Se los dije. @FerLarrazabalNL se va hasta la cuarta posici\u00f3n en Nuevo Le\u00f3n. Pinches panistas necios que no saben jugar en equi\u2026", "id": "1401688820219748352", "referenced_tweets": [{"type": "retweeted", "id": "1401682421146398720"}], "public_metrics": {"retweet_count": 73, "reply_count": 0, "like_count": 0, "quote_count": 0}}, "includes": {"users": [{"public_metrics": {"followers_count": 7814, "following_count": 5386, "tweet_count": 25766, "listed_count": 6}, "name": "General Lucio Blanco\ud83c\udf96", "id": "1295965160985767936", "username": "BlancoGeneral", "verified": false, "created_at": "2020-08-19T06:06:28.000Z", "protected": false, "location": "Noreste de M\u00e9xico", "description": "\u201cCaballero Gallardo de la Revoluci\u00f3n \u201c\ud83c\uddf2\ud83c\uddfdAntirreeleccionismo, Ejercito Constitucionalista, Unidad : \u201cLibres del Norte \u201c- Anti-AMLO. #EjercitoVR"}]}, "matching_rules": [{"id": 1401678016993017862, "tag": "Fernando Larrazabal"}, {"id": 1401678016993017861, "tag": "Adrian de la Garza"}]}