{"data": {"entities": {"mentions": [{"start": 3, "end": 12, "username": "FerMG33_"}, {"start": 58, "end": 74, "username": "AdrianDeLaGarza"}, {"start": 77, "end": 92, "username": "samuel_garcias"}, {"start": 101, "end": 116, "username": "claraluzflores"}], "annotations": [{"start": 17, "end": 26, "probability": 0.9309, "type": "Place", "normalized_text": "Nuevo Le\u00f3n"}]}, "source": "Twitter for Android", "created_at": "2021-06-06T23:54:02.000Z", "author_id": "131200667", "text": "RT @FerMG33_: En Nuevo Le\u00f3n ya se declaran como ganadores @AdrianDeLaGarza y @samuel_garcias; faltan @claraluzflores y el pendejo de @jguai\u2026", "id": "1401688864763301888", "referenced_tweets": [{"type": "retweeted", "id": "1401680942738071555"}], "public_metrics": {"retweet_count": 14, "reply_count": 0, "like_count": 0, "quote_count": 0}}, "includes": {"users": [{"public_metrics": {"followers_count": 5052, "following_count": 5591, "tweet_count": 94215, "listed_count": 39}, "name": "Micheluv", "id": "131200667", "username": "micheluv", "verified": false, "created_at": "2010-04-09T15:34:08.000Z", "protected": false, "location": "Mexico", "description": "Soviet Supremo \u262d"}]}, "matching_rules": [{"id": 1401678016993017864, "tag": "Samuel Garcia"}, {"id": 1401678016993017863, "tag": "Clara Luz"}, {"id": 1401678016993017861, "tag": "Adrian de la Garza"}]}