{"data": {"entities": {"mentions": [{"start": 0, "end": 15, "username": "samuel_garcias"}], "annotations": [{"start": 67, "end": 69, "probability": 0.845, "type": "Organization", "normalized_text": "INE"}]}, "source": "Twitter for Android", "created_at": "2021-06-06T23:54:31.000Z", "author_id": "121508828", "text": "@samuel_garcias No seas irresponsable respeta el voto y respeta al INE ellos son los \u00fanicos que pueden decir quien gano", "id": "1401688987966783493", "referenced_tweets": [{"type": "replied_to", "id": "1401686737911353344"}], "public_metrics": {"retweet_count": 0, "reply_count": 0, "like_count": 0, "quote_count": 0}, "in_reply_to_user_id": "258973851"}, "includes": {"users": [{"public_metrics": {"followers_count": 1394, "following_count": 2002, "tweet_count": 24578, "listed_count": 2}, "name": "Eric Echeverria", "id": "121508828", "username": "dober77", "verified": false, "created_at": "2010-03-09T18:30:47.000Z", "protected": false, "location": "MEXICO DF", "description": ""}]}, "matching_rules": [{"id": 1401678016993017864, "tag": "Samuel Garcia"}]}