{"data": {"entities": {"mentions": [{"start": 3, "end": 13, "username": "dra_tessa"}], "annotations": [{"start": 47, "end": 55, "probability": 0.8203, "type": "Person", "normalized_text": "Clara Luz"}, {"start": 93, "end": 101, "probability": 0.9684, "type": "Place", "normalized_text": "Monterrey"}]}, "source": "Twitter for Android", "created_at": "2021-06-06T23:54:36.000Z", "author_id": "754490101699342336", "text": "RT @dra_tessa: Se acuerdan cuando el esposo de Clara Luz se proclam\u00f3 ganador para alcalde de Monterrey, llev\u00f3 acarreados a su festejo a la\u2026", "id": "1401689008284049412", "referenced_tweets": [{"type": "retweeted", "id": "1401684504679493638"}], "public_metrics": {"retweet_count": 5, "reply_count": 0, "like_count": 0, "quote_count": 0}}, "includes": {"users": [{"public_metrics": {"followers_count": 93, "following_count": 2817, "tweet_count": 386, "listed_count": 0}, "name": "Eduardo Randy", "id": "754490101699342336", "username": "sovietico_randy", "verified": false, "created_at": "2016-07-17T01:37:12.000Z", "protected": false, "description": ""}]}, "matching_rules": [{"id": 1401678016993017863, "tag": "Clara Luz"}]}