{"data": {"entities": {"mentions": [{"start": 3, "end": 15, "username": "maca_online"}], "annotations": [{"start": 47, "end": 55, "probability": 0.8514, "type": "Person", "normalized_text": "Clara Luz"}]}, "source": "Twitter for Android", "created_at": "2021-06-06T23:55:24.000Z", "author_id": "74934484", "text": "RT @maca_online: Aqu\u00ed se puede ver una foto de Clara Luz acompa\u00f1ada por todos sus simpatizantes.", "id": "1401689208314544131", "referenced_tweets": [{"type": "retweeted", "id": "1399922664681185282"}], "public_metrics": {"retweet_count": 108, "reply_count": 0, "like_count": 0, "quote_count": 0}}, "includes": {"users": [{"public_metrics": {"followers_count": 800, "following_count": 432, "tweet_count": 57700, "listed_count": 13}, "name": "Bany \ud83c\udf80\ud83d\udc9a\u2077\u1d3c\u02b3\u1d3a\u1d52\u1d57\u02b0\u2071\u207f\u1d4d", "id": "74934484", "username": "Banylicious", "verified": false, "created_at": "2009-09-17T04:41:38.000Z", "protected": false, "location": "M\u00e9xico", "description": "\ud83c\udf34\ud83d\udc30\ud83d\udc51\ud83c\udf51\ud83c\udf19\ud83d\udc0d\ud83c\udf3c\ud83d\udc9a\n\nUna mexicana que fruta vend\u00eda, ciruela, chabacano, mel\u00f3n o sand\u00eda\ud83c\udf38\n\nEconomista.\n\ud83d\udc9a\nMaquilladora profesional. \ud83d\udc84"}]}, "matching_rules": [{"id": 1401678016993017863, "tag": "Clara Luz"}]}