{"data": {"entities": {"mentions": [{"start": 0, "end": 15, "username": "samuel_garcias"}]}, "source": "Twitter for iPhone", "created_at": "2021-06-06T23:55:42.000Z", "author_id": "315835801", "text": "@samuel_garcias C\u00f3mo sabes mentiroso HDP", "id": "1401689283828666374", "referenced_tweets": [{"type": "replied_to", "id": "1401686737911353344"}], "public_metrics": {"retweet_count": 0, "reply_count": 0, "like_count": 0, "quote_count": 0}, "in_reply_to_user_id": "258973851"}, "includes": {"users": [{"public_metrics": {"followers_count": 24, "following_count": 279, "tweet_count": 4026, "listed_count": 0}, "name": "Leonel Avil\u00e9s Morale", "id": "315835801", "username": "lavilesmorales", "verified": false, "created_at": "2011-06-12T14:38:02.000Z", "protected": false, "description": "\u00a1No creo en la Td4a!!!! Apartidista!"}]}, "matching_rules": [{"id": 1401678016993017864, "tag": "Samuel Garcia"}]}