{"data": {"entities": {"mentions": [{"start": 3, "end": 19, "username": "AdrianDeLaGarza"}], "urls": [{"start": 49, "end": 72, "url": "https://t.co/F1Hlt5v7K3", "expanded_url": "https://twitter.com/AdrianDeLaGarza/status/1401679458277412866/photo/1", "display_url": "pic.twitter.com/F1Hlt5v7K3"}]}, "source": "Twitter for Android", "created_at": "2021-06-06T23:55:51.000Z", "author_id": "1349523944", "attachments": {"media_keys": ["3_1401679211857944584"]}, "text": "RT @AdrianDeLaGarza: \u00a1TODO VA A ESTAR BIEN! \ud83d\udcaa\ud83c\udffc\ud83d\udc4a\ud83c\udffc https://t.co/F1Hlt5v7K3", "id": "1401689324249309184", "referenced_tweets": [{"type": "retweeted", "id": "1401679458277412866"}], "public_metrics": {"retweet_count": 233, "reply_count": 0, "like_count": 0, "quote_count": 0}}, "includes": {"users": [{"public_metrics": {"followers_count": 566, "following_count": 3877, "tweet_count": 30070, "listed_count": 2}, "name": "John Galt", "id": "1349523944", "username": "Rab_73", "verified": false, "created_at": "2013-04-13T15:32:31.000Z", "protected": false, "description": ""}]}, "matching_rules": [{"id": 1401678016993017861, "tag": "Adrian de la Garza"}]}