{"data": {"entities": {"mentions": [{"start": 3, "end": 11, "username": "jjjt000"}]}, "source": "Twitter for iPhone", "created_at": "2021-06-06T23:57:09.000Z", "author_id": "119245969", "text": "RT @jjjt000: mi abuelo quer\u00eda votar x clara luz y pos nimoro a esconderle la ine", "id": "1401689650461294594", "referenced_tweets": [{"type": "retweeted", "id": "1401571779190177795"}], "public_metrics": {"retweet_count": 43, "reply_count": 0, "like_count": 0, "quote_count": 0}}, "includes": {"users": [{"public_metrics": {"followers_count": 825, "following_count": 773, "tweet_count": 50292, "listed_count": 0}, "name": "Paulina Ortiz", "id": "119245969", "username": "paulina_ortiz9", "verified": false, "created_at": "2010-03-03T02:37:56.000Z", "protected": false, "description": "\ud83e\udd0d"}]}, "matching_rules": [{"id": 1401678016993017863, "tag": "Clara Luz"}]}