{"data": {"entities": {"mentions": [{"start": 0, "end": 14, "username": "mario_delgado"}, {"start": 113, "end": 128, "username": "claraluzflores"}], "annotations": [{"start": 35, "end": 44, "probability": 0.3407, "type": "Place", "normalized_text": "Nuevo Le\u00f3n"}]}, "source": "Twitter for Android", "created_at": "2021-06-06T23:57:24.000Z", "author_id": "3300986333", "text": "@mario_delgado \u00bfc\u00f3mo? se te olvid\u00f3 Nuevo Le\u00f3n!!\n\no le hicieron falta cursos de superaci\u00f3n de esos que tomas tu a @claraluzflores?", "id": "1401689714860728322", "referenced_tweets": [{"type": "replied_to", "id": "1401688349845372931"}], "public_metrics": {"retweet_count": 0, "reply_count": 0, "like_count": 0, "quote_count": 0}, "in_reply_to_user_id": "36774829"}, "includes": {"users": [{"public_metrics": {"followers_count": 1678, "following_count": 3997, "tweet_count": 22695, "listed_count": 2}, "name": "Hefesto \ud83d\udca3", "id": "3300986333", "username": "hefestomg", "verified": false, "created_at": "2015-05-27T22:30:44.000Z", "protected": false, "description": "Es la idea... Saber algo!"}]}, "matching_rules": [{"id": 1401678016993017863, "tag": "Clara Luz"}]}