{"data": {"entities": {"mentions": [{"start": 3, "end": 15, "username": "luisghernan"}, {"start": 32, "end": 47, "username": "claraluzflores"}, {"start": 93, "end": 109, "username": "PartidoMorenaMx"}]}, "source": "Twitter for iPhone", "created_at": "2021-06-06T23:57:26.000Z", "author_id": "255341474", "text": "RT @luisghernan: Esta noche...\n\n@claraluzflores se convierte en el \n\nFRACASO M\u00c1S GRANDE \n\nde @PartidoMorenaMx \n\nSe hunde hasta el CUARTO LU\u2026", "id": "1401689723610009606", "referenced_tweets": [{"type": "retweeted", "id": "1401682306738294785"}], "public_metrics": {"retweet_count": 56, "reply_count": 0, "like_count": 0, "quote_count": 0}}, "includes": {"users": [{"public_metrics": {"followers_count": 481, "following_count": 1007, "tweet_count": 72211, "listed_count": 2}, "name": "Salvador Alarcon Mtz", "id": "255341474", "username": "rodavlasam", "verified": false, "created_at": "2011-02-21T04:41:07.000Z", "protected": false, "location": "Mexico", "description": "UIA, LA VERDAD NOS HAR\u00c1 LIBRES...                                     algo loco, rebelde y transgresor, vino, leer, rock y arte son algunos vicios que tengo."}]}, "matching_rules": [{"id": 1401678016993017863, "tag": "Clara Luz"}]}