{"data": {"entities": {"mentions": [{"start": 0, "end": 12, "username": "luisghernan"}, {"start": 13, "end": 28, "username": "claraluzflores"}, {"start": 29, "end": 45, "username": "PartidoMorenaMx"}, {"start": 46, "end": 60, "username": "mario_delgado"}], "annotations": [{"start": 61, "end": 74, "probability": 0.9957, "type": "Person", "normalized_text": "Luis Guillermo"}, {"start": 87, "end": 95, "probability": 0.8854, "type": "Person", "normalized_text": "Clara Luz"}, {"start": 120, "end": 122, "probability": 0.9454, "type": "Organization", "normalized_text": "PRI"}]}, "source": "Twitter for Android", "created_at": "2021-06-06T23:58:42.000Z", "author_id": "578238217", "text": "@luisghernan @claraluzflores @PartidoMorenaMx @mario_delgado Luis Guillermo, de seguro Clara Luz anuncia que regresa al PRI.", "id": "1401690041706024962", "referenced_tweets": [{"type": "replied_to", "id": "1401682306738294785"}], "public_metrics": {"retweet_count": 0, "reply_count": 0, "like_count": 0, "quote_count": 0}, "in_reply_to_user_id": "53907743"}, "includes": {"users": [{"public_metrics": {"followers_count": 1416, "following_count": 2769, "tweet_count": 23693, "listed_count": 9}, "name": "Caudillo", "id": "578238217", "username": "CaudilloAlf", "verified": false, "created_at": "2012-05-12T17:20:26.000Z", "protected": false, "description": ""}]}, "matching_rules": [{"id": 1401678016993017863, "tag": "Clara Luz"}]}