{"data": {"entities": {"mentions": [{"start": 3, "end": 19, "username": "CarlosSanchezMX"}, {"start": 21, "end": 35, "username": "DarkKnightMty"}, {"start": 36, "end": 52, "username": "revistacodigo21"}, {"start": 53, "end": 69, "username": "FerLarrazabalNL"}, {"start": 70, "end": 85, "username": "AnaBerthaCruz1"}, {"start": 86, "end": 98, "username": "QuePasaEnSN"}, {"start": 99, "end": 113, "username": "LoQuePasaEnNL"}]}, "source": "Twitter for Android", "created_at": "2021-06-06T23:58:48.000Z", "author_id": "52845321", "text": "RT @CarlosSanchezMX: @DarkKnightMty @revistacodigo21 @FerLarrazabalNL @AnaBerthaCruz1 @QuePasaEnSN @LoQuePasaEnNL No se peleen amigos, espe\u2026", "id": "1401690067471683588", "referenced_tweets": [{"type": "retweeted", "id": "1401686711525064704"}], "public_metrics": {"retweet_count": 1, "reply_count": 0, "like_count": 0, "quote_count": 0}}, "includes": {"users": [{"public_metrics": {"followers_count": 1294, "following_count": 317, "tweet_count": 77368, "listed_count": 30}, "name": "Mala, mala eres \ud83d\udd1c", "id": "52845321", "username": "Ayvidamia", "verified": false, "created_at": "2009-07-01T20:45:33.000Z", "protected": false, "location": "En el Noreste Caliente ", "description": "Norte\u00f1a, no s\u00e9 nada, opino de todo. No soy yo, si soy, no existo, no respondo preguntas, loca fake. Amo al \ud83d\udc99c\u0141U \u0411 \u00d0\u039e \u0166\u00fa\u0422\u0411\u0424\u0141 M\u0424\u041b\u0422\u039e\u042f\u042f\u039e\u040f"}]}, "matching_rules": [{"id": 1401678016993017862, "tag": "Fernando Larrazabal"}]}