{"data": {"entities": {"mentions": [{"start": 3, "end": 14, "username": "soygusgus1"}], "annotations": [{"start": 31, "end": 47, "probability": 0.9914, "type": "Person", "normalized_text": "Tatiana Clouthier"}, {"start": 52, "end": 61, "probability": 0.9183, "type": "Place", "normalized_text": "Nuevo Le\u00f3n"}, {"start": 129, "end": 137, "probability": 0.8357, "type": "Person", "normalized_text": "Clara Luz"}]}, "source": "Twitter for Android", "created_at": "2021-06-06T23:58:55.000Z", "author_id": "1713769394", "text": "RT @soygusgus1: Hubiera estado Tatiana Clouthier en Nuevo Le\u00f3n y morena la gana con 20 puntos. \n\nQue necesidad hab\u00eda de mandar a Clara Luz.", "id": "1401690095095328772", "referenced_tweets": [{"type": "retweeted", "id": "1401687101306028033"}], "public_metrics": {"retweet_count": 24, "reply_count": 0, "like_count": 0, "quote_count": 0}}, "includes": {"users": [{"public_metrics": {"followers_count": 734, "following_count": 1392, "tweet_count": 135397, "listed_count": 13}, "name": "guillermo martinez b", "id": "1713769394", "username": "b_papag", "verified": false, "created_at": "2013-08-30T21:25:03.000Z", "protected": false, "location": "San Pedro Cholula, Puebla", "description": ""}]}, "matching_rules": [{"id": 1401678016993017863, "tag": "Clara Luz"}]}