{"data": {"entities": {"mentions": [{"start": 10, "end": 25, "username": "samuel_garcias"}, {"start": 28, "end": 44, "username": "AdrianDeLaGarza"}]}, "source": "Twitter for Android", "created_at": "2021-06-06T23:59:17.000Z", "author_id": "768339968", "text": "A penales @samuel_garcias y @AdrianDeLaGarza", "id": "1401690186447208455", "public_metrics": {"retweet_count": 0, "reply_count": 0, "like_count": 0, "quote_count": 0}}, "includes": {"users": [{"public_metrics": {"followers_count": 525, "following_count": 718, "tweet_count": 9032, "listed_count": 3}, "name": "Eduardo Silveyra \ud83d\udc41\ud83d\udc8e", "id": "768339968", "username": "MissaelSilveyra", "verified": false, "created_at": "2012-08-19T22:20:14.000Z", "protected": false, "location": "Monterrey, Nuevo Le\u00f3n", "description": "Regio, Mi vicio \u00e9l f\u00fatbol, hincha de @TigresOficial"}]}, "matching_rules": [{"id": 1401678016993017864, "tag": "Samuel Garcia"}, {"id": 1401678016993017861, "tag": "Adrian de la Garza"}]}