{"data": {"entities": {"mentions": [{"start": 3, "end": 13, "username": "yooddaa29"}], "annotations": [{"start": 46, "end": 55, "probability": 0.8415, "type": "Place", "normalized_text": "Nuevo Leon"}, {"start": 79, "end": 91, "probability": 0.9869, "type": "Person", "normalized_text": "Samuel Garcia"}, {"start": 97, "end": 114, "probability": 0.733, "type": "Person", "normalized_text": "Adrian de la Garza"}]}, "source": "Twitter for Android", "created_at": "2021-06-07T00:00:06.000Z", "author_id": "780837419385892864", "text": "RT @yooddaa29: Tristemente les anuncio que en Nuevo Leon no todo estara bien.\n\nSamuel Garcia 36%\nAdrian de la Garza 28%.\n\nFelicidades para\u2026", "id": "1401690391020191744", "referenced_tweets": [{"type": "retweeted", "id": "1401678536604196866"}], "public_metrics": {"retweet_count": 48, "reply_count": 0, "like_count": 0, "quote_count": 0}}, "includes": {"users": [{"public_metrics": {"followers_count": 210, "following_count": 48, "tweet_count": 24246, "listed_count": 1}, "name": "Demian", "id": "780837419385892864", "username": "justaweirdboy6", "verified": false, "created_at": "2016-09-27T18:32:02.000Z", "protected": false, "location": "Washington, DC", "description": "Ain\u2018t nobody like me"}]}, "matching_rules": [{"id": 1401678016993017864, "tag": "Samuel Garcia"}, {"id": 1401678016993017861, "tag": "Adrian de la Garza"}]}