{"data": {"entities": {"mentions": [{"start": 0, "end": 16, "username": "ElFinanciero_Mx"}, {"start": 17, "end": 33, "username": "AdrianDeLaGarza"}, {"start": 34, "end": 49, "username": "samuel_garcias"}], "urls": [{"start": 90, "end": 113, "url": "https://t.co/ZZNwiTYgDH", "expanded_url": "https://twitter.com/martha_ponce/status/1401690516039868417/photo/1", "display_url": "pic.twitter.com/ZZNwiTYgDH"}]}, "source": "Twitter for iPhone", "created_at": "2021-06-07T00:00:35.000Z", "author_id": "426293234", "attachments": {"media_keys": ["16_1401690509848973314"]}, "text": "@ElFinanciero_Mx @AdrianDeLaGarza @samuel_garcias Falso ni 300 personas hubo en su cierre https://t.co/ZZNwiTYgDH", "id": "1401690516039868417", "referenced_tweets": [{"type": "replied_to", "id": "1401678728229445638"}], "public_metrics": {"retweet_count": 0, "reply_count": 0, "like_count": 0, "quote_count": 0}, "in_reply_to_user_id": "119051398"}, "includes": {"users": [{"public_metrics": {"followers_count": 2401, "following_count": 1966, "tweet_count": 50564, "listed_count": 6}, "name": "martha \u2764\ufe0f\ud83c\uddee\ud83c\uddf9#RedAmlo #SoySuficiente", "id": "426293234", "username": "martha_ponce", "verified": false, "created_at": "2011-12-02T02:18:25.000Z", "protected": false, "description": "orgullosamente Mexicana \ud83c\uddf2\ud83c\uddfdlucho desde mi frontera\ud83d\udc4a\ud83c\udffb por un mundo mejor \ud83e\udd70 no respondo a #bots"}]}, "matching_rules": [{"id": 1401678016993017864, "tag": "Samuel Garcia"}, {"id": 1401678016993017861, "tag": "Adrian de la Garza"}]}