{"data": {"entities": {"mentions": [{"start": 0, "end": 16, "username": "AdrianDeLaGarza"}, {"start": 46, "end": 62, "username": "AdrianDeLaGarza"}]}, "source": "Twitter for iPhone", "created_at": "2021-06-07T00:00:45.000Z", "author_id": "1394368819603333122", "text": "@AdrianDeLaGarza Felicidades al nuevo gober!! @AdrianDeLaGarza \ud83d\ude0d", "id": "1401690557177606151", "referenced_tweets": [{"type": "replied_to", "id": "1401679458277412866"}], "public_metrics": {"retweet_count": 0, "reply_count": 0, "like_count": 0, "quote_count": 0}, "in_reply_to_user_id": "2357040230"}, "includes": {"users": [{"public_metrics": {"followers_count": 92, "following_count": 95, "tweet_count": 1211, "listed_count": 0}, "name": "Susanad\u00edaz7", "id": "1394368819603333122", "username": "Susanadaz71", "verified": false, "created_at": "2021-05-17T19:07:20.000Z", "protected": false, "description": "Peace\ud83d\udc9b"}]}, "matching_rules": [{"id": 1401678016993017861, "tag": "Adrian de la Garza"}]}