{"data": {"entities": {"mentions": [{"start": 3, "end": 11, "username": "ZMyBerg"}, {"start": 26, "end": 42, "username": "FerLarrazabalNL"}], "annotations": [{"start": 77, "end": 86, "probability": 0.8332, "type": "Place", "normalized_text": "Nuevo Le\u00f3n"}]}, "source": "Twitter for Android", "created_at": "2021-06-07T00:01:29.000Z", "author_id": "146141632", "text": "RT @ZMyBerg: Se los dije. @FerLarrazabalNL se va hasta la cuarta posici\u00f3n en Nuevo Le\u00f3n. Pinches panistas necios que no saben jugar en equi\u2026", "id": "1401690739210428421", "referenced_tweets": [{"type": "retweeted", "id": "1401682421146398720"}], "public_metrics": {"retweet_count": 83, "reply_count": 0, "like_count": 0, "quote_count": 0}}, "includes": {"users": [{"public_metrics": {"followers_count": 1144, "following_count": 2882, "tweet_count": 64245, "listed_count": 8}, "name": "David T.R.", "id": "146141632", "username": "RAYO_MORUNO", "verified": false, "created_at": "2010-05-20T18:01:11.000Z", "protected": false, "location": "HERE, THERE AND EVERYWHERE", "description": "M. en C. en Puertos y Costas, Ingeniero Civil, Necaxista, Beatlemano, Orgullosamente Polit\u00e9cnico CIMAR INGENIER\u00cdA ESPECIALIZADA, amo a los perros"}]}, "matching_rules": [{"id": 1401678016993017862, "tag": "Fernando Larrazabal"}, {"id": 1401678016993017861, "tag": "Adrian de la Garza"}]}