{"data": {"entities": {"urls": [{"start": 100, "end": 123, "url": "https://t.co/I8y72hRTry", "expanded_url": "https://twitter.com/ImagenTVMex/status/1401037508419391489", "display_url": "twitter.com/ImagenTVMex/st\u2026"}], "annotations": [{"start": 0, "end": 12, "probability": 0.9771, "type": "Person", "normalized_text": "samuel garcia"}]}, "source": "Twitter Web App", "created_at": "2021-06-07T00:01:52.000Z", "author_id": "1394433943546499076", "text": "samuel garcia reconocio que recio millonada de sus amigos empresarios, no seas mentiroso  feregrino https://t.co/I8y72hRTry", "id": "1401690837919186945", "referenced_tweets": [{"type": "quoted", "id": "1401037508419391489"}], "public_metrics": {"retweet_count": 0, "reply_count": 0, "like_count": 0, "quote_count": 0}}, "includes": {"users": [{"public_metrics": {"followers_count": 583, "following_count": 1537, "tweet_count": 199, "listed_count": 0}, "name": "benjamin rodriguez", "id": "1394433943546499076", "username": "benjami99939107", "verified": false, "created_at": "2021-05-17T23:26:36.000Z", "protected": false, "description": "protagonista de la cuarta transformacion, te cambio miedo por esperanza,sobreviviente del neoliberalismo..."}]}, "matching_rules": [{"id": 1401678016993017864, "tag": "Samuel Garcia"}, {"id": 1401678016993017863, "tag": "Clara Luz"}]}