{"data": {"entities": {"mentions": [{"start": 0, "end": 14, "username": "GuillermoGCan"}, {"start": 15, "end": 31, "username": "AdrianDeLaGarza"}], "annotations": [{"start": 32, "end": 45, "probability": 0.3078, "type": "Person", "normalized_text": "Massive Caller"}, {"start": 69, "end": 74, "probability": 0.9871, "type": "Person", "normalized_text": "Samuel"}]}, "source": "Twitter for iPhone", "created_at": "2021-06-07T00:02:01.000Z", "author_id": "709210665781633024", "text": "@GuillermoGCan @AdrianDeLaGarza Massive Caller es la encuestadora de Samuel JAJAJAJ", "id": "1401690874124328963", "referenced_tweets": [{"type": "replied_to", "id": "1401679796791234560"}], "public_metrics": {"retweet_count": 0, "reply_count": 0, "like_count": 0, "quote_count": 0}, "in_reply_to_user_id": "47246907"}, "includes": {"users": [{"public_metrics": {"followers_count": 3781, "following_count": 121, "tweet_count": 7189, "listed_count": 2}, "name": "Queen", "id": "709210665781633024", "username": "dimeperra", "verified": false, "created_at": "2016-03-14T02:52:54.000Z", "protected": false, "location": "San Pedro Garza Garc\u00eda", "description": ""}]}, "matching_rules": [{"id": 1401678016993017861, "tag": "Adrian de la Garza"}]}