{"data": {"entities": {"hashtags": [{"start": 41, "end": 48, "tag": "nexium"}], "mentions": [{"start": 0, "end": 15, "username": "claraluzflores"}]}, "source": "Twitter for iPhone", "created_at": "2021-06-07T00:02:31.000Z", "author_id": "1131572406995177472", "text": "@claraluzflores Mmmmm \u00f3rale de regreso a #nexium", "id": "1401691002876928004", "context_annotations": [{"domain": {"id": "45", "name": "Brand Vertical", "description": "Top level entities that describe a Brands industry"}, "entity": {"id": "781974596740190208", "name": "CPG"}}, {"domain": {"id": "46", "name": "Brand Category", "description": "Categories within Brand Verticals that narrow down the scope of Brands"}, "entity": {"id": "781974596752773120", "name": "Pharma"}}, {"domain": {"id": "47", "name": "Brand", "description": "Brands and Companies"}, "entity": {"id": "10040716048", "name": "Nexium"}}], "referenced_tweets": [{"type": "replied_to", "id": "1400313340661047297"}], "public_metrics": {"retweet_count": 0, "reply_count": 0, "like_count": 0, "quote_count": 0}, "in_reply_to_user_id": "224678647"}, "includes": {"users": [{"public_metrics": {"followers_count": 4382, "following_count": 4847, "tweet_count": 3231, "listed_count": 0}, "name": "El buen Fifilin", "id": "1131572406995177472", "username": "Fifilin4", "verified": false, "created_at": "2019-05-23T14:47:40.000Z", "protected": false, "description": "Observador participativo y propositivo de la pol\u00edtica y sociedad mexicana.....amante de las tortas de tamal y los Gin&tonic"}]}, "matching_rules": [{"id": 1401678016993017863, "tag": "Clara Luz"}]}