{"data": {"entities": {"hashtags": [{"start": 71, "end": 92, "tag": "LarrazabalGobernador"}], "annotations": [{"start": 44, "end": 67, "probability": 0.7832, "type": "Place", "normalized_text": "Larrazabal de Gobernador"}]}, "source": "Twitter Web App", "created_at": "2021-06-07T00:02:44.000Z", "author_id": "1387096220284465158", "text": "Estamos a nada de presenciar la victoria de Larrazabal de Gobernador!\ud83d\udc99 #LarrazabalGobernador", "id": "1401691056090103819", "public_metrics": {"retweet_count": 0, "reply_count": 0, "like_count": 0, "quote_count": 0}}, "includes": {"users": [{"public_metrics": {"followers_count": 3, "following_count": 39, "tweet_count": 107, "listed_count": 0}, "name": "Javier Rodriguez", "id": "1387096220284465158", "username": "JavierR68624512", "verified": false, "created_at": "2021-04-27T17:28:24.000Z", "protected": false, "description": "Futebol\u26bd\ufe0f\ud83d\udc4c\ud83c\udffc"}]}, "matching_rules": [{"id": 1401678016993017862, "tag": "Fernando Larrazabal"}]}