{"data": {"entities": {"mentions": [{"start": 3, "end": 14, "username": "PumaChairo"}]}, "source": "Twitter for Android", "created_at": "2021-06-07T00:03:17.000Z", "author_id": "543580042", "text": "RT @PumaChairo: Ya falta poquito para que esos que dec\u00edan que esper\u00e1ramos a que pasar\u00e1n las elecciones se pronuncien contra el marranero qu\u2026", "id": "1401691193302528000", "referenced_tweets": [{"type": "retweeted", "id": "1401685961289781250"}], "public_metrics": {"retweet_count": 41, "reply_count": 0, "like_count": 0, "quote_count": 0}}, "includes": {"users": [{"public_metrics": {"followers_count": 443, "following_count": 3682, "tweet_count": 82218, "listed_count": 0}, "name": "carlos alberto", "id": "543580042", "username": "HmejiaCarlos", "verified": false, "created_at": "2012-04-02T17:23:07.000Z", "protected": false, "location": "Gustavo A. Madero, Distrito Fe", "description": "El amor es el \u00fanico camino de regreso a casa. Zunzu"}]}, "matching_rules": [{"id": 1401678016993017863, "tag": "Clara Luz"}]}