{"data": {"entities": {"mentions": [{"start": 3, "end": 15, "username": "luisghernan"}, {"start": 32, "end": 47, "username": "claraluzflores"}, {"start": 93, "end": 109, "username": "PartidoMorenaMx"}]}, "source": "Twitter for iPhone", "created_at": "2021-06-07T00:04:02.000Z", "author_id": "92306762", "text": "RT @luisghernan: Esta noche...\n\n@claraluzflores se convierte en el \n\nFRACASO M\u00c1S GRANDE \n\nde @PartidoMorenaMx \n\nSe hunde hasta el CUARTO LU\u2026", "id": "1401691383199567872", "referenced_tweets": [{"type": "retweeted", "id": "1401682306738294785"}], "public_metrics": {"retweet_count": 61, "reply_count": 0, "like_count": 0, "quote_count": 0}}, "includes": {"users": [{"public_metrics": {"followers_count": 5439, "following_count": 1700, "tweet_count": 78515, "listed_count": 30}, "name": "ineskova Kgb", "id": "92306762", "username": "donainesdsuarez", "verified": false, "created_at": "2009-11-24T16:21:21.000Z", "protected": false, "location": "M\u00e9xico", "description": "\"La violencia es el \u00faltimo recurso del incompetente\" Isaac Asimov"}]}, "matching_rules": [{"id": 1401678016993017863, "tag": "Clara Luz"}]}