{"data": {"entities": {"mentions": [{"start": 3, "end": 18, "username": "PortillogMayra"}], "annotations": [{"start": 20, "end": 28, "probability": 0.924, "type": "Person", "normalized_text": "Clara Luz"}, {"start": 67, "end": 72, "probability": 0.9894, "type": "Person", "normalized_text": "Adri\u00e1n"}, {"start": 76, "end": 83, "probability": 0.7073, "type": "Person", "normalized_text": "Samuel"}]}, "source": "Twitter Web App", "created_at": "2021-06-07T00:04:54.000Z", "author_id": "54546235", "text": "RT @PortillogMayra: Clara Luz nervios\u00edsima\n\nno est\u00e1 segura si gana Adri\u00e1n o Samuel \n\n\ud83d\ude06", "id": "1401691601546645506", "referenced_tweets": [{"type": "retweeted", "id": "1401682268943437824"}], "public_metrics": {"retweet_count": 121, "reply_count": 0, "like_count": 0, "quote_count": 0}}, "includes": {"users": [{"public_metrics": {"followers_count": 230, "following_count": 822, "tweet_count": 25422, "listed_count": 0}, "name": "Jaime Pech Salcedo", "id": "54546235", "username": "pech4pech4", "verified": false, "created_at": "2009-07-07T13:32:55.000Z", "protected": false, "location": "The Woodlands, TX", "description": "Politologo, no politico!!!."}]}, "matching_rules": [{"id": 1401678016993017863, "tag": "Clara Luz"}]}