{"data": {"entities": {"mentions": [{"start": 3, "end": 11, "username": "ZMyBerg"}, {"start": 26, "end": 42, "username": "FerLarrazabalNL"}], "annotations": [{"start": 77, "end": 86, "probability": 0.8332, "type": "Place", "normalized_text": "Nuevo Le\u00f3n"}]}, "source": "Twitter for Android", "created_at": "2021-06-07T00:05:54.000Z", "author_id": "325255181", "text": "RT @ZMyBerg: Se los dije. @FerLarrazabalNL se va hasta la cuarta posici\u00f3n en Nuevo Le\u00f3n. Pinches panistas necios que no saben jugar en equi\u2026", "id": "1401691854467481600", "referenced_tweets": [{"type": "retweeted", "id": "1401682421146398720"}], "public_metrics": {"retweet_count": 92, "reply_count": 0, "like_count": 0, "quote_count": 0}}, "includes": {"users": [{"public_metrics": {"followers_count": 6597, "following_count": 2195, "tweet_count": 616997, "listed_count": 98}, "name": "Ira #DeseoUnM\u00e9xicoLibre", "id": "325255181", "username": "IIJONGUI", "verified": false, "created_at": "2011-06-28T00:30:11.000Z", "protected": false, "description": "Intolerante a la injusticia, al abuso, a la imposicion. Deseo un Mexico libre de verdad, progresista, con ideas productivas no electoreras."}]}, "matching_rules": [{"id": 1401678016993017862, "tag": "Fernando Larrazabal"}, {"id": 1401678016993017861, "tag": "Adrian de la Garza"}]}