{"data": {"entities": {"mentions": [{"start": 3, "end": 17, "username": "RiosCorona222"}, {"start": 19, "end": 33, "username": "DamianAIcazar"}], "annotations": [{"start": 96, "end": 103, "probability": 0.9793, "type": "Person", "normalized_text": "Bartlett"}, {"start": 106, "end": 114, "probability": 0.9916, "type": "Person", "normalized_text": "Clara Luz"}, {"start": 117, "end": 127, "probability": 0.9975, "type": "Person", "normalized_text": "Sa\u00fal Huerta"}, {"start": 130, "end": 136, "probability": 0.9882, "type": "Person", "normalized_text": "Barbosa"}]}, "source": "Twitter for Android", "created_at": "2021-06-07T00:06:00.000Z", "author_id": "1638113420", "text": "RT @RiosCorona222: @DamianAIcazar Un presidente que protege a violadores y a ex prianistas como Bartlett, Clara Luz, Sa\u00fal Huerta, Barbosa,\u2026", "id": "1401691876231716867", "referenced_tweets": [{"type": "retweeted", "id": "1399876849279270913"}], "public_metrics": {"retweet_count": 464, "reply_count": 0, "like_count": 0, "quote_count": 0}}, "includes": {"users": [{"public_metrics": {"followers_count": 220, "following_count": 596, "tweet_count": 20265, "listed_count": 2}, "name": "Luis Fernando Salazar\ud83c\uddf2\ud83c\uddfd", "id": "1638113420", "username": "Cheezluisin", "verified": false, "created_at": "2013-08-01T14:30:13.000Z", "protected": false, "description": "piensa por ti, no seas  borrego"}]}, "matching_rules": [{"id": 1401678016993017863, "tag": "Clara Luz"}]}