{"data": {"entities": {"mentions": [{"start": 3, "end": 18, "username": "CarlosAJimnez4"}, {"start": 23, "end": 38, "username": "samuel_garcias"}], "annotations": [{"start": 44, "end": 53, "probability": 0.2394, "type": "Other", "normalized_text": "Nuevo Leon"}]}, "source": "Twitter for Android", "created_at": "2021-06-07T00:06:08.000Z", "author_id": "419948874", "text": "RT @CarlosAJimnez4: Si @samuel_garcias gana Nuevo Leon, entonces porque presumen de \"inteligentes\"?", "id": "1401691909425410050", "referenced_tweets": [{"type": "retweeted", "id": "1401644171979591680"}], "public_metrics": {"retweet_count": 190, "reply_count": 0, "like_count": 0, "quote_count": 0}}, "includes": {"users": [{"public_metrics": {"followers_count": 442, "following_count": 1465, "tweet_count": 2311, "listed_count": 2}, "name": "Elsa Gorostieta", "id": "419948874", "username": "Nechagoros", "verified": false, "created_at": "2011-11-24T00:34:08.000Z", "protected": false, "location": "Edo de M\u00e9xico ", "description": "Psic\u00f3loga, deportista, trabajadora, independiente. \nMe gusta el vino con palomitas\nCreo que las amigas son hermanas elegidas."}]}, "matching_rules": [{"id": 1401678016993017864, "tag": "Samuel Garcia"}]}