{"data": {"entities": {"mentions": [{"start": 0, "end": 11, "username": "Mty_Leones"}, {"start": 12, "end": 28, "username": "AdrianDeLaGarza"}]}, "source": "Twitter for iPad", "created_at": "2021-06-07T00:06:14.000Z", "author_id": "112585165", "text": "@Mty_Leones @AdrianDeLaGarza Creo m\u00e1s en la votaci\u00f3n cerrada que en una de 10 puntos de diferencia", "id": "1401691938496122884", "referenced_tweets": [{"type": "replied_to", "id": "1401675751712251906"}], "public_metrics": {"retweet_count": 0, "reply_count": 0, "like_count": 0, "quote_count": 0}, "in_reply_to_user_id": "240918840"}, "includes": {"users": [{"public_metrics": {"followers_count": 656, "following_count": 853, "tweet_count": 33439, "listed_count": 10}, "name": "dragabyluna", "id": "112585165", "username": "dra_gaby_luna", "verified": false, "created_at": "2010-02-09T01:23:08.000Z", "protected": false, "location": "MONTERREY NUEVO LEON", "description": "Veracruzana sobreviviente en Regiolandia, fan del caf\u00e9, los tacos, Harry Potter, defensora de los animales, en contra del aborto, y fiel cat\u00f3lica"}]}, "matching_rules": [{"id": 1401678016993017861, "tag": "Adrian de la Garza"}]}