{"data": {"entities": {"mentions": [{"start": 3, "end": 17, "username": "GustavoRocMtz"}, {"start": 24, "end": 40, "username": "AdrianDeLaGarza"}]}, "source": "Twitter for Android", "created_at": "2021-06-07T00:06:26.000Z", "author_id": "408594185", "text": "RT @GustavoRocMtz: Dice @AdrianDeLaGarza que va a la cabeza. Le preguntan \u00bfEn qu\u00e9 encuestas? Dice \"En las propias\" \n\ud83d\ude02\ud83d\ude02\ud83d\ude02\ud83d\ude02\ud83d\ude02\ud83d\ude02\ud83d\ude02 Pinche narco de\u2026", "id": "1401691985115860996", "referenced_tweets": [{"type": "retweeted", "id": "1401676226809548800"}], "public_metrics": {"retweet_count": 29, "reply_count": 0, "like_count": 0, "quote_count": 0}}, "includes": {"users": [{"public_metrics": {"followers_count": 531, "following_count": 747, "tweet_count": 58834, "listed_count": 1}, "name": "Red amlo M\u00e9xico", "id": "408594185", "username": "CARLOSV2009", "verified": false, "created_at": "2011-11-09T16:44:01.000Z", "protected": false, "location": "Zumpango, M\u00e9xico", "description": "apoyo totalmente al sr. presidente Andr\u00e9s Manuel L\u00f3pez Obrador el mejor presidente de la historia."}]}, "matching_rules": [{"id": 1401678016993017861, "tag": "Adrian de la Garza"}]}