{"data": {"entities": {"hashtags": [{"start": 153, "end": 174, "tag": "LarrazabalGobernador"}], "annotations": [{"start": 59, "end": 60, "probability": 0.8496, "type": "Place", "normalized_text": "NL"}, {"start": 141, "end": 150, "probability": 0.6617, "type": "Place", "normalized_text": "Larrazabal"}]}, "source": "Twitter Web App", "created_at": "2021-06-07T00:07:17.000Z", "author_id": "1387096220284465158", "text": "ahora resulta que todos son ganadores como gobernadores en NL, pero en realidad no se han contado ni un voto, en mi colonia todos fueron por Larrazabal\ud83d\udc99 #LarrazabalGobernador", "id": "1401692199201521669", "public_metrics": {"retweet_count": 0, "reply_count": 0, "like_count": 0, "quote_count": 0}}, "includes": {"users": [{"public_metrics": {"followers_count": 3, "following_count": 39, "tweet_count": 108, "listed_count": 0}, "name": "Javier Rodriguez", "id": "1387096220284465158", "username": "JavierR68624512", "verified": false, "created_at": "2021-04-27T17:28:24.000Z", "protected": false, "description": "Futebol\u26bd\ufe0f\ud83d\udc4c\ud83c\udffc"}]}, "matching_rules": [{"id": 1401678016993017862, "tag": "Fernando Larrazabal"}]}