{"data": {"entities": {"mentions": [{"start": 3, "end": 17, "username": "RiosCorona222"}, {"start": 19, "end": 33, "username": "DamianAIcazar"}], "annotations": [{"start": 96, "end": 103, "probability": 0.9793, "type": "Person", "normalized_text": "Bartlett"}, {"start": 106, "end": 114, "probability": 0.9916, "type": "Person", "normalized_text": "Clara Luz"}, {"start": 117, "end": 127, "probability": 0.9975, "type": "Person", "normalized_text": "Sa\u00fal Huerta"}, {"start": 130, "end": 136, "probability": 0.9882, "type": "Person", "normalized_text": "Barbosa"}]}, "source": "Twitter for iPhone", "created_at": "2021-06-07T00:07:51.000Z", "author_id": "1300965736190414850", "text": "RT @RiosCorona222: @DamianAIcazar Un presidente que protege a violadores y a ex prianistas como Bartlett, Clara Luz, Sa\u00fal Huerta, Barbosa,\u2026", "id": "1401692344022233088", "referenced_tweets": [{"type": "retweeted", "id": "1399876849279270913"}], "public_metrics": {"retweet_count": 465, "reply_count": 0, "like_count": 0, "quote_count": 0}}, "includes": {"users": [{"public_metrics": {"followers_count": 624, "following_count": 1230, "tweet_count": 659, "listed_count": 0}, "name": "Ethan x", "id": "1300965736190414850", "username": "ethally03", "verified": false, "created_at": "2020-09-02T01:16:50.000Z", "protected": false, "description": ""}]}, "matching_rules": [{"id": 1401678016993017863, "tag": "Clara Luz"}]}