{"data": {"entities": {"mentions": [{"start": 3, "end": 17, "username": "El_BlueCheese"}], "urls": [{"start": 84, "end": 107, "url": "https://t.co/DzAqrVszV5", "expanded_url": "https://twitter.com/El_BlueCheese/status/1401684864995414027/video/1", "display_url": "pic.twitter.com/DzAqrVszV5"}], "annotations": [{"start": 19, "end": 27, "probability": 0.8804, "type": "Person", "normalized_text": "Clara Luz"}]}, "source": "Twitter Web App", "created_at": "2021-06-07T00:07:54.000Z", "author_id": "1013547455571550209", "attachments": {"media_keys": ["7_1401684787274960902"]}, "text": "RT @El_BlueCheese: Clara Luz al preguntarle c\u00f3mo se proclama para estas elecciones. https://t.co/DzAqrVszV5", "id": "1401692354009042947", "referenced_tweets": [{"type": "retweeted", "id": "1401684864995414027"}], "public_metrics": {"retweet_count": 37, "reply_count": 0, "like_count": 0, "quote_count": 0}}, "includes": {"users": [{"public_metrics": {"followers_count": 117, "following_count": 172, "tweet_count": 21048, "listed_count": 0}, "name": "Ricardo S\u00e1nchez", "id": "1013547455571550209", "username": "rss089", "verified": false, "created_at": "2018-07-01T22:18:39.000Z", "protected": false, "description": ""}]}, "matching_rules": [{"id": 1401678016993017863, "tag": "Clara Luz"}]}