{"data": {"entities": {"hashtags": [{"start": 17, "end": 28, "tag": "\u00daLTIMAHORA"}], "mentions": [{"start": 3, "end": 15, "username": "ContrapesoC"}], "annotations": [{"start": 47, "end": 51, "probability": 0.6448, "type": "Person", "normalized_text": "Garza"}, {"start": 55, "end": 67, "probability": 0.9989, "type": "Person", "normalized_text": "Samuel Garc\u00eda"}, {"start": 85, "end": 93, "probability": 0.5736, "type": "Person", "normalized_text": "Clara Luz"}]}, "source": "Twitter for iPhone", "created_at": "2021-06-07T00:09:40.000Z", "author_id": "157522578", "text": "RT @ContrapesoC: #\u00daLTIMAHORA | \ud83d\udea8 Adri\u00e1n de la Garza y Samuel Garc\u00eda se disputan NL, Clara Luz la gran perdedora en proyecciones\n#Elecciones\u2026", "id": "1401692799037280259", "referenced_tweets": [{"type": "retweeted", "id": "1401682848302702592"}], "public_metrics": {"retweet_count": 9, "reply_count": 0, "like_count": 0, "quote_count": 0}}, "includes": {"users": [{"public_metrics": {"followers_count": 2262, "following_count": 2793, "tweet_count": 268647, "listed_count": 11}, "name": "Rod Desertwolf", "id": "157522578", "username": "Caribbeancub", "verified": false, "created_at": "2010-06-20T02:34:06.000Z", "protected": false, "description": "No chairos allowed!!!"}]}, "matching_rules": [{"id": 1401678016993017863, "tag": "Clara Luz"}]}