{"data": {"entities": {"mentions": [{"start": 3, "end": 17, "username": "infobaemexico"}, {"start": 19, "end": 35, "username": "lorenzocordovav"}, {"start": 36, "end": 46, "username": "INEMexico"}, {"start": 47, "end": 60, "username": "googlemexico"}, {"start": 61, "end": 76, "username": "M_OlgaSCordero"}, {"start": 77, "end": 90, "username": "Claudiashein"}, {"start": 91, "end": 102, "username": "GN_MEXICO_"}, {"start": 103, "end": 117, "username": "VicenteFoxQue"}, {"start": 118, "end": 126, "username": "DiegoFC"}, {"start": 127, "end": 136, "username": "HLGatell"}]}, "source": "Twitter for Android", "created_at": "2021-06-07T00:09:40.000Z", "author_id": "707845981170040832", "text": "RT @infobaemexico: @lorenzocordovav @INEMexico @googlemexico @M_OlgaSCordero @Claudiashein @GN_MEXICO_ @VicenteFoxQue @DiegoFC @HLGatell @f\u2026", "id": "1401692800136122372", "context_annotations": [{"domain": {"id": "46", "name": "Brand Category", "description": "Categories within Brand Verticals that narrow down the scope of Brands"}, "entity": {"id": "781974596157181956", "name": "Online Site"}}, {"domain": {"id": "46", "name": "Brand Category", "description": "Categories within Brand Verticals that narrow down the scope of Brands"}, "entity": {"id": "781974596752842752", "name": "Services"}}, {"domain": {"id": "47", "name": "Brand", "description": "Brands and Companies"}, "entity": {"id": "10026378521", "name": "Google "}}, {"domain": {"id": "47", "name": "Brand", "description": "Brands and Companies"}, "entity": {"id": "1108424811208835078", "name": "Infobae", "description": "Infobae"}}, {"domain": {"id": "10", "name": "Person", "description": "Named people in the world like Nelson Mandela"}, "entity": {"id": "912378776016711680", "name": "Claudia Sheinbaum", "description": "Claudia Sheinbaum"}}, {"domain": {"id": "35", "name": "Politician", "description": "Politicians in the world, like Joe Biden"}, "entity": {"id": "912378776016711680", "name": "Claudia Sheinbaum", "description": "Claudia Sheinbaum"}}], "referenced_tweets": [{"type": "retweeted", "id": "1401692186878615560"}], "public_metrics": {"retweet_count": 2, "reply_count": 0, "like_count": 0, "quote_count": 0}}, "includes": {"users": [{"public_metrics": {"followers_count": 2172, "following_count": 2133, "tweet_count": 44046, "listed_count": 20}, "name": "\uff22\uff45\uff43\uff4b\uff45\uff52 \u30c4", "id": "707845981170040832", "username": "henrrysamohe", "verified": false, "created_at": "2016-03-10T08:30:07.000Z", "protected": false, "location": "\ud83c\uddf2\ud83c\uddfd Puerto Vallarta, Jalisco", "description": "\u00bb If opportunity doesn't knock, build a door \u00ab \u2022 Una vez fu\u00ed chairo pero eso mancha mi curr\u00edculum \u2022 #ANTIAMLO"}]}, "matching_rules": [{"id": 1401678016993017864, "tag": "Samuel Garcia"}, {"id": 1401678016993017861, "tag": "Adrian de la Garza"}]}