{"data": {"entities": {"urls": [{"start": 12, "end": 35, "url": "https://t.co/FmtRQRVv7E", "expanded_url": "https://twitter.com/bdm_agtv/status/1401679722208284672", "display_url": "twitter.com/bdm_agtv/statu\u2026"}]}, "source": "Twitter for iPhone", "created_at": "2021-06-07T00:10:41.000Z", "author_id": "1135552659124097024", "text": "Que mugrero https://t.co/FmtRQRVv7E", "id": "1401693054927577089", "referenced_tweets": [{"type": "quoted", "id": "1401679722208284672"}], "public_metrics": {"retweet_count": 0, "reply_count": 0, "like_count": 0, "quote_count": 0}}, "includes": {"users": [{"public_metrics": {"followers_count": 183, "following_count": 1377, "tweet_count": 2110, "listed_count": 2}, "name": "Mia", "id": "1135552659124097024", "username": "MiaVnRoh", "verified": false, "created_at": "2019-06-03T14:23:46.000Z", "protected": false, "location": "Monterrey, Nuevo Le\u00f3n", "description": "Arquitectura, dise\u00f1o, moda, fotograf\u00eda, viajes, No DM's"}]}, "matching_rules": [{"id": 1401678016993017864, "tag": "Samuel Garcia"}, {"id": 1401678016993017862, "tag": "Fernando Larrazabal"}, {"id": 1401678016993017863, "tag": "Clara Luz"}, {"id": 1401678016993017861, "tag": "Adrian de la Garza"}]}