{"data": {"entities": {"mentions": [{"start": 0, "end": 9, "username": "axtzco63"}, {"start": 10, "end": 23, "username": "Pamelita0321"}, {"start": 24, "end": 39, "username": "samuel_garcias"}]}, "source": "Twitter for Android", "created_at": "2021-06-07T00:10:49.000Z", "author_id": "1100446671048265729", "text": "@axtzco63 @Pamelita0321 @samuel_garcias Muy cierto,", "id": "1401693090151342082", "referenced_tweets": [{"type": "replied_to", "id": "1401558452443488257"}], "public_metrics": {"retweet_count": 0, "reply_count": 0, "like_count": 0, "quote_count": 0}, "in_reply_to_user_id": "553309245"}, "includes": {"users": [{"public_metrics": {"followers_count": 239, "following_count": 447, "tweet_count": 8448, "listed_count": 0}, "name": "AMLO Y LA 4T \ud83d\ude0d\u2764\u2764\ud83d\udcaf", "id": "1100446671048265729", "username": "JRangel59000459", "verified": false, "created_at": "2019-02-26T17:25:06.000Z", "protected": false, "location": "Nuevo Le\u00f3n, M\u00e9xico", "description": "politica"}]}, "matching_rules": [{"id": 1401678016993017864, "tag": "Samuel Garcia"}]}