{"data": {"entities": {"mentions": [{"start": 3, "end": 18, "username": "claraluzflores"}]}, "source": "Twitter Web App", "created_at": "2021-06-07T00:10:56.000Z", "author_id": "263699536", "text": "RT @claraluzflores: Concluye la jornada electoral. Esperar\u00e9 con responsabilidad los resultados que emitan las autoridades electorales; los\u2026", "id": "1401693118622277635", "referenced_tweets": [{"type": "retweeted", "id": "1401692802854047745"}], "public_metrics": {"retweet_count": 7, "reply_count": 0, "like_count": 0, "quote_count": 0}}, "includes": {"users": [{"public_metrics": {"followers_count": 154, "following_count": 678, "tweet_count": 1365, "listed_count": 1}, "name": "Jeh\u00fa Garc\u00eda Salas", "id": "263699536", "username": "JehuGS", "verified": false, "created_at": "2011-03-10T15:26:52.000Z", "protected": false, "location": "Monterrey\tN.L.", "description": "Lic. Derecho, rayado y regiomontano."}]}, "matching_rules": [{"id": 1401678016993017863, "tag": "Clara Luz"}]}