{"data": {"entities": {"mentions": [{"start": 3, "end": 13, "username": "absalon78"}], "annotations": [{"start": 20, "end": 28, "probability": 0.9279, "type": "Person", "normalized_text": "Clara Luz"}, {"start": 87, "end": 92, "probability": 0.9969, "type": "Person", "normalized_text": "Samuel"}]}, "source": "Twitter for iPad", "created_at": "2021-06-07T00:11:19.000Z", "author_id": "22885743", "text": "RT @absalon78: Dice Clara Luz que no es momento de declarar un ganador. Mientras tanto Samuel habla de un margen del 10.5%. https://t.co/Il\u2026", "id": "1401693214197882885", "referenced_tweets": [{"type": "retweeted", "id": "1401677380176027649"}], "public_metrics": {"retweet_count": 8, "reply_count": 0, "like_count": 0, "quote_count": 0}}, "includes": {"users": [{"public_metrics": {"followers_count": 4245, "following_count": 2351, "tweet_count": 309720, "listed_count": 46}, "name": "Pablo Arreola Romero", "id": "22885743", "username": "Pablo_Arreola", "verified": false, "created_at": "2009-03-05T05:32:43.000Z", "protected": false, "location": "M\u00e9xico", "description": "Sono solo un n\u00f9ddu misc\u00e0to cu ni\u00e8nti  / Fl\u00e2neur"}]}, "matching_rules": [{"id": 1401678016993017863, "tag": "Clara Luz"}]}