{"data": {"entities": {"mentions": [{"start": 3, "end": 18, "username": "claraluzflores"}]}, "source": "Twitter for Android", "created_at": "2021-06-07T00:12:00.000Z", "author_id": "11211852", "text": "RT @claraluzflores: Concluye la jornada electoral. Esperar\u00e9 con responsabilidad los resultados que emitan las autoridades electorales; los\u2026", "id": "1401693389016514561", "referenced_tweets": [{"type": "retweeted", "id": "1401692802854047745"}], "public_metrics": {"retweet_count": 11, "reply_count": 0, "like_count": 0, "quote_count": 0}}, "includes": {"users": [{"public_metrics": {"followers_count": 48341, "following_count": 26694, "tweet_count": 752605, "listed_count": 393}, "name": "molotovmx", "id": "11211852", "username": "molotovmx", "verified": false, "created_at": "2007-12-16T02:51:37.000Z", "protected": false, "location": "lanuevarepublica.org", "description": "Coordinador General de Radio La @NuevaRepublica y uno de tantos, Coordinador del Colectivo @Desde_Izquierda"}]}, "matching_rules": [{"id": 1401678016993017863, "tag": "Clara Luz"}]}