{"data": {"source": "Twitter for iPhone", "created_at": "2021-06-07T00:12:21.000Z", "author_id": "110047337", "text": "Me caga que Clara Luz siempre se siente ataca", "id": "1401693475649863684", "entities": {"annotations": [{"start": 12, "end": 20, "probability": 0.9425, "type": "Person", "normalized_text": "Clara Luz"}]}, "public_metrics": {"retweet_count": 0, "reply_count": 0, "like_count": 0, "quote_count": 0}}, "includes": {"users": [{"public_metrics": {"followers_count": 214, "following_count": 865, "tweet_count": 18878, "listed_count": 3}, "name": "Leunam Seliva", "id": "110047337", "username": "manaviles", "verified": false, "created_at": "2010-01-31T04:41:23.000Z", "protected": false, "location": "Kiribati", "description": "CP|Tigres"}]}, "matching_rules": [{"id": 1401678016993017863, "tag": "Clara Luz"}]}