{"data": {"source": "Twitter for Android", "created_at": "2021-06-07T00:12:23.000Z", "author_id": "1297364521972043776", "text": "Siendo las 17:11 Horas del Centro de M\u00e9xico Clara Luz se declara con hambre.", "id": "1401693485888159745", "entities": {"annotations": [{"start": 37, "end": 52, "probability": 0.4669, "type": "Place", "normalized_text": "M\u00e9xico Clara Luz"}]}, "context_annotations": [{"domain": {"id": "119", "name": "Holiday", "description": "Holidays like Christmas or Halloween"}, "entity": {"id": "1286645331686350848", "name": "Dia de la Independencia (Grito de Dolores) ", "description": "This entity includes conversations about Dia de la Independencia (Grito de Dolores) for all years."}}], "public_metrics": {"retweet_count": 0, "reply_count": 0, "like_count": 0, "quote_count": 0}}, "includes": {"users": [{"public_metrics": {"followers_count": 22, "following_count": 150, "tweet_count": 15, "listed_count": 0}, "name": "DobleMaick", "id": "1297364521972043776", "username": "DobleMaick", "verified": false, "created_at": "2020-08-23T02:46:35.000Z", "protected": false, "description": "..y dime si te debo rogar, porque se pueden quebrantar, lo que te vengo a regalar....Mazapanes."}]}, "matching_rules": [{"id": 1401678016993017863, "tag": "Clara Luz"}]}