{"data": {"entities": {"mentions": [{"start": 0, "end": 8, "username": "CCant11"}], "annotations": [{"start": 67, "end": 72, "probability": 0.9978, "type": "Person", "normalized_text": "Samuel"}, {"start": 78, "end": 86, "probability": 0.9852, "type": "Person", "normalized_text": "Clara Luz"}]}, "source": "Twitter for Android", "created_at": "2021-06-07T00:13:18.000Z", "author_id": "149689891", "text": "@CCant11 S\u00ed los regios hubiesen elegido (o quiz\u00e1 ya lo hicieron) a Samuel o a Clara Luz se ganar\u00edan a pulso el mote de imb\u00e9ciles. Pero que un pinche pejechairo venga a decir que votar por x o y es de pendejos, es no tener un gramo de madre.", "id": "1401693713487872002", "referenced_tweets": [{"type": "replied_to", "id": "1401692173427425281"}], "public_metrics": {"retweet_count": 0, "reply_count": 0, "like_count": 0, "quote_count": 0}, "in_reply_to_user_id": "1269753819749023748"}, "includes": {"users": [{"public_metrics": {"followers_count": 4430, "following_count": 654, "tweet_count": 55606, "listed_count": 37}, "name": "Sergio Gobel", "id": "149689891", "username": "Randy_gdl", "verified": false, "created_at": "2010-05-29T23:57:22.000Z", "protected": false, "location": "GDL  M\u00e9xico", "description": "Tripof\u00f3bico, acrof\u00f3bico. No conf\u00edo en las bios que presumen ser anti-algo No sigo tuitstars piteros ni tengo filias pol\u00edticas."}]}, "matching_rules": [{"id": 1401678016993017863, "tag": "Clara Luz"}]}