{"data": {"entities": {"hashtags": [{"start": 14, "end": 29, "tag": "Elecciones2021"}, {"start": 30, "end": 40, "tag": "EligeBien"}, {"start": 41, "end": 52, "tag": "EligeInfo7"}, {"start": 53, "end": 66, "tag": "EligeAvalanz"}], "mentions": [{"start": 3, "end": 12, "username": "info7mty"}], "annotations": [{"start": 115, "end": 124, "probability": 0.6288, "type": "Place", "normalized_text": "Nuevo Le\u00f3n"}]}, "source": "Twitter Web App", "created_at": "2021-06-07T00:13:39.000Z", "author_id": "1243324194538033154", "text": "RT @info7mty: #Elecciones2021 #EligeBien #EligeInfo7 #EligeAvalanz\nEl candidato a la gubernatura por Va Fuerte por Nuevo Le\u00f3n, @AdrianDeLaG\u2026", "id": "1401693804672004102", "referenced_tweets": [{"type": "retweeted", "id": "1401565040193515522"}], "public_metrics": {"retweet_count": 7, "reply_count": 0, "like_count": 0, "quote_count": 0}}, "includes": {"users": [{"public_metrics": {"followers_count": 6, "following_count": 133, "tweet_count": 683, "listed_count": 0}, "name": "Robertog", "id": "1243324194538033154", "username": "Roberto27519024", "verified": false, "created_at": "2020-03-26T23:49:33.000Z", "protected": false, "description": "Hola"}]}, "matching_rules": [{"id": 1401678016993017861, "tag": "Adrian de la Garza"}]}