{"data": {"entities": {"mentions": [{"start": 0, "end": 9, "username": "PollsMX_"}, {"start": 10, "end": 24, "username": "MassiveCaller"}, {"start": 25, "end": 40, "username": "samuel_garcias"}, {"start": 41, "end": 57, "username": "AdrianDeLaGarza"}, {"start": 58, "end": 74, "username": "FerLarrazabalNL"}, {"start": 75, "end": 90, "username": "claraluzflores"}]}, "source": "Twitter for Android", "created_at": "2021-06-07T00:13:51.000Z", "author_id": "702249155679268864", "text": "@PollsMX_ @MassiveCaller @samuel_garcias @AdrianDeLaGarza @FerLarrazabalNL @claraluzflores Jajajaja todos los regios se pasan jajajajaja", "id": "1401693855347527683", "referenced_tweets": [{"type": "replied_to", "id": "1401683609636020228"}], "public_metrics": {"retweet_count": 0, "reply_count": 0, "like_count": 0, "quote_count": 0}, "in_reply_to_user_id": "1305901572531118086"}, "includes": {"users": [{"public_metrics": {"followers_count": 509, "following_count": 1705, "tweet_count": 11309, "listed_count": 3}, "name": "Alexandro \ud83d\ude08", "id": "702249155679268864", "username": "Alexandro_GPT", "verified": false, "created_at": "2016-02-23T21:50:20.000Z", "protected": false, "location": "Antes DF - Ahora CDMX", "description": "Amante de la belleza masculina \u2642\ufe0f (y a veces femenina) #GustoParaTodos, cuenta dedicada para deleitar la pupila. \ud83d\ude0d\ud83c\udf46\ud83e\udd24\ud83d\ude0e\ud83c\uddf2\ud83c\uddfd\nCuenta Secundaria: @AlexXxandro96"}]}, "matching_rules": [{"id": 1401678016993017864, "tag": "Samuel Garcia"}, {"id": 1401678016993017862, "tag": "Fernando Larrazabal"}, {"id": 1401678016993017863, "tag": "Clara Luz"}, {"id": 1401678016993017861, "tag": "Adrian de la Garza"}]}