{"data": {"entities": {"mentions": [{"start": 7, "end": 23, "username": "FerLarrazabalNL"}]}, "source": "Twitter for iPad", "created_at": "2021-06-07T00:14:57.000Z", "author_id": "245523776", "text": "Pinche @FerLarrazabalNL ya estar\u00e1s contento!", "id": "1401694130040881153", "public_metrics": {"retweet_count": 0, "reply_count": 0, "like_count": 0, "quote_count": 0}}, "includes": {"users": [{"public_metrics": {"followers_count": 2040, "following_count": 3909, "tweet_count": 10614, "listed_count": 8}, "name": "Asesor\u00eda Pol\u00edtica", "id": "245523776", "username": "asesorpolitico2", "verified": false, "created_at": "2011-01-31T22:02:53.000Z", "protected": false, "location": "Ciudad de M\u00e9xico CDMX", "description": "La Pol\u00edtica es estrategia! Ac\u00e9rcate a nosotros. Empresa 100% Mexicana"}]}, "matching_rules": [{"id": 1401678016993017862, "tag": "Fernando Larrazabal"}]}