{"data": {"entities": {"urls": [{"start": 74, "end": 97, "url": "https://t.co/YA7G6WuoYt", "expanded_url": "https://twitter.com/anabcabello/status/1401610761273741313", "display_url": "twitter.com/anabcabello/st\u2026"}], "annotations": [{"start": 44, "end": 49, "probability": 0.9729, "type": "Person", "normalized_text": "Adri\u00e1n"}, {"start": 54, "end": 62, "probability": 0.8365, "type": "Person", "normalized_text": "Clara Luz"}]}, "source": "Twitter for Android", "created_at": "2021-06-07T00:15:03.000Z", "author_id": "443148889", "text": "Pues tampoco es motivo de orgullo votar por Adri\u00e1n ni Clara Luz HAHAHAHA. https://t.co/YA7G6WuoYt", "id": "1401694153931735041", "referenced_tweets": [{"type": "quoted", "id": "1401610761273741313"}], "public_metrics": {"retweet_count": 0, "reply_count": 0, "like_count": 0, "quote_count": 0}}, "includes": {"users": [{"public_metrics": {"followers_count": 204, "following_count": 284, "tweet_count": 3381, "listed_count": 0}, "name": "Liz", "id": "443148889", "username": "TolLizz", "verified": false, "created_at": "2011-12-21T21:35:47.000Z", "protected": false, "location": "Mty \ud83c\udf0c", "description": "Vendr\u00e1 la muerte y tendr\u00e1 tus ojos\ud83d\udc80\nPersona\n\n\ud83d\udc28"}]}, "matching_rules": [{"id": 1401678016993017863, "tag": "Clara Luz"}]}