{"data": {"entities": {"mentions": [{"start": 3, "end": 17, "username": "Quadratin_Mor"}, {"start": 30, "end": 46, "username": "AdrianDeLaGarza"}, {"start": 102, "end": 117, "username": "samuel_garcias"}], "annotations": [{"start": 128, "end": 133, "probability": 0.9518, "type": "Person", "normalized_text": "Adri\u00e1n"}]}, "source": "Twitter for Android", "created_at": "2021-06-07T00:15:09.000Z", "author_id": "326412231", "text": "RT @Quadratin_Mor: Se declara @AdrianDeLaGarza ganador: Gracias Nuevo Le\u00f3n, \u00a1todo va a estar bien!, y @samuel_garcias tambi\u00e9n: \u201cAdri\u00e1n, tod\u2026", "id": "1401694179097559044", "referenced_tweets": [{"type": "retweeted", "id": "1401691070052851713"}], "public_metrics": {"retweet_count": 1, "reply_count": 0, "like_count": 0, "quote_count": 0}}, "includes": {"users": [{"public_metrics": {"followers_count": 97, "following_count": 923, "tweet_count": 10896, "listed_count": 0}, "name": "Roberto Cuevas", "id": "326412231", "username": "6cuevas", "verified": false, "created_at": "2011-06-29T21:43:13.000Z", "protected": false, "location": "Cuernvaca", "description": ""}]}, "matching_rules": [{"id": 1401678016993017864, "tag": "Samuel Garcia"}, {"id": 1401678016993017861, "tag": "Adrian de la Garza"}]}