{"data": {"entities": {"mentions": [{"start": 13, "end": 28, "username": "samuel_garcias"}, {"start": 31, "end": 47, "username": "AdrianDeLaGarza"}], "urls": [{"start": 54, "end": 77, "url": "https://t.co/fhViDiPKCL", "expanded_url": "https://twitter.com/ciromurayamaine/status/1401682253168656386", "display_url": "twitter.com/ciromurayamain\u2026"}]}, "source": "Twitter for iPhone", "created_at": "2021-06-07T00:15:11.000Z", "author_id": "202914656", "text": "Est\u00e1n oyendo @samuel_garcias y @AdrianDeLaGarza \ud83e\udd26\ud83c\udffb\u200d\u2640\ufe0f https://t.co/fhViDiPKCL", "id": "1401694187603562497", "referenced_tweets": [{"type": "quoted", "id": "1401682253168656386"}], "public_metrics": {"retweet_count": 0, "reply_count": 0, "like_count": 0, "quote_count": 0}}, "includes": {"users": [{"public_metrics": {"followers_count": 12817, "following_count": 4957, "tweet_count": 86891, "listed_count": 14}, "name": "\u3125\uaa8a\u03b7\uaa96 \u2202\uaac0 \u1455\uaa96\u03dd\uaac0 \ud83d\ude37", "id": "202914656", "username": "LunaDeCafe", "verified": false, "created_at": "2010-10-15T02:59:08.000Z", "protected": false, "location": "Planeta Tierra \ud83c\udf0e", "description": "100% Hecha en M\u00e9xico \ud83c\uddf2\ud83c\uddfd \ud83d\udc9c | \u00c1vida lectora | Yo solo pasaba por Twitter y me qued\u00e9"}]}, "matching_rules": [{"id": 1401678016993017864, "tag": "Samuel Garcia"}, {"id": 1401678016993017861, "tag": "Adrian de la Garza"}]}