{"data": {"entities": {"mentions": [{"start": 3, "end": 18, "username": "CarlosAJimnez4"}, {"start": 23, "end": 38, "username": "samuel_garcias"}], "annotations": [{"start": 44, "end": 53, "probability": 0.2394, "type": "Other", "normalized_text": "Nuevo Leon"}]}, "source": "Twitter for Android", "created_at": "2021-06-07T00:15:38.000Z", "author_id": "406511661", "text": "RT @CarlosAJimnez4: Si @samuel_garcias gana Nuevo Leon, entonces porque presumen de \"inteligentes\"?", "id": "1401694300824608768", "referenced_tweets": [{"type": "retweeted", "id": "1401644171979591680"}], "public_metrics": {"retweet_count": 214, "reply_count": 0, "like_count": 0, "quote_count": 0}}, "includes": {"users": [{"public_metrics": {"followers_count": 208, "following_count": 1486, "tweet_count": 7524, "listed_count": 1}, "name": "Alan Jerem\u00edas", "id": "406511661", "username": "Alan_Jeremias18", "verified": false, "created_at": "2011-11-06T20:18:24.000Z", "protected": false, "location": "Comalcalco, Tabasco", "description": "Comalcalco, Tab, M\u00e9x.\nCentro Educativo Juan Escutia.\nAdventista del 7' D\u00eda.\nCiencias de la Educaci\u00f3n en el \u00c1rea de Ciencias Sociales.\nUniversidad Linda Vista."}]}, "matching_rules": [{"id": 1401678016993017864, "tag": "Samuel Garcia"}]}