{"data": {"entities": {"mentions": [{"start": 0, "end": 16, "username": "MarshplusMellow"}, {"start": 17, "end": 27, "username": "WilhelmTM"}, {"start": 28, "end": 43, "username": "samuel_garcias"}]}, "source": "Twitter for iPad", "created_at": "2021-06-07T00:16:29.000Z", "author_id": "1200910176859099136", "text": "@MarshplusMellow @WilhelmTM @samuel_garcias Son jaladas de TODOS los pol\u00edticos. Si un cabr\u00f3n declara, los dem\u00e1s no se pueden quedar atr\u00e1s. Es una pendejada de percepciones, no pueden con la tentaci\u00f3n.", "id": "1401694515795218438", "referenced_tweets": [{"type": "replied_to", "id": "1401689408261300226"}], "public_metrics": {"retweet_count": 0, "reply_count": 0, "like_count": 0, "quote_count": 0}, "in_reply_to_user_id": "43983443"}, "includes": {"users": [{"public_metrics": {"followers_count": 122, "following_count": 235, "tweet_count": 3105, "listed_count": 0}, "name": "Cantisani", "id": "1200910176859099136", "username": "Cantisani2", "verified": false, "created_at": "2019-11-30T22:51:25.000Z", "protected": false, "location": "Monterrey N.L.", "description": "Que ya se largue el pejestorio. Monterrey."}]}, "matching_rules": [{"id": 1401678016993017864, "tag": "Samuel Garcia"}]}