{"data": {"entities": {"mentions": [{"start": 3, "end": 18, "username": "claraluzflores"}]}, "source": "Twitter for iPhone", "created_at": "2021-06-07T00:16:44.000Z", "author_id": "1103134595439054848", "text": "RT @claraluzflores: Concluye la jornada electoral. Esperar\u00e9 con responsabilidad los resultados que emitan las autoridades electorales; los\u2026", "id": "1401694577954803716", "referenced_tweets": [{"type": "retweeted", "id": "1401692802854047745"}], "public_metrics": {"retweet_count": 31, "reply_count": 0, "like_count": 0, "quote_count": 0}}, "includes": {"users": [{"public_metrics": {"followers_count": 70, "following_count": 329, "tweet_count": 21839, "listed_count": 1}, "name": "Lara", "id": "1103134595439054848", "username": "Gerard265510921", "verified": false, "created_at": "2019-03-06T03:25:57.000Z", "protected": false, "location": "Distrito Federal, M\u00e9xico", "description": "Un chico amante de la mentalidad positiva"}]}, "matching_rules": [{"id": 1401678016993017863, "tag": "Clara Luz"}]}