{"data": {"entities": {"mentions": [{"start": 0, "end": 15, "username": "claraluzflores"}], "urls": [{"start": 24, "end": 47, "url": "https://t.co/cBOngtfjdE", "expanded_url": "https://twitter.com/vivianagarciabc/status/1401694628844298242/photo/1", "display_url": "pic.twitter.com/cBOngtfjdE"}]}, "source": "Twitter for Android", "created_at": "2021-06-07T00:16:56.000Z", "author_id": "2972309758", "attachments": {"media_keys": ["3_1401694627502039042"]}, "text": "@claraluzflores si, aj\u00e1 https://t.co/cBOngtfjdE", "id": "1401694628844298242", "referenced_tweets": [{"type": "replied_to", "id": "1401692802854047745"}], "public_metrics": {"retweet_count": 0, "reply_count": 0, "like_count": 0, "quote_count": 0}, "in_reply_to_user_id": "224678647"}, "includes": {"users": [{"public_metrics": {"followers_count": 1392, "following_count": 202, "tweet_count": 9549, "listed_count": 3}, "name": "vivianita", "id": "2972309758", "username": "vivianagarciabc", "verified": false, "created_at": "2015-01-10T23:58:20.000Z", "protected": false, "location": "Monterrey, Nuevo Le\u00f3n", "description": "\u2661 rayados. chinga tu madre amlo"}]}, "matching_rules": [{"id": 1401678016993017863, "tag": "Clara Luz"}]}