{"data": {"entities": {"mentions": [{"start": 0, "end": 14, "username": "mario_delgado"}, {"start": 15, "end": 31, "username": "PartidoMorenaMx"}, {"start": 56, "end": 71, "username": "samuel_garcias"}]}, "source": "Twitter for iPad", "created_at": "2021-06-07T00:17:44.000Z", "author_id": "85014757", "text": "@mario_delgado @PartidoMorenaMx Jajaja\nNo mames...hasta @samuel_garcias ser\u00eda mejor dirigente de partido que t\u00fa.\nLa ten\u00edas en las manos y por pejendo la dejaste ir.", "id": "1401694829831143427", "referenced_tweets": [{"type": "replied_to", "id": "1401690429301661698"}], "public_metrics": {"retweet_count": 0, "reply_count": 0, "like_count": 0, "quote_count": 0}, "in_reply_to_user_id": "36774829"}, "includes": {"users": [{"public_metrics": {"followers_count": 440, "following_count": 1092, "tweet_count": 14311, "listed_count": 0}, "name": "Regio N\u00f3mada", "id": "85014757", "username": "RegioNomada", "verified": false, "created_at": "2009-10-25T05:08:10.000Z", "protected": false, "description": ""}]}, "matching_rules": [{"id": 1401678016993017864, "tag": "Samuel Garcia"}]}