{"data": {"entities": {"mentions": [{"start": 0, "end": 14, "username": "Arq_Benavides"}, {"start": 86, "end": 101, "username": "claraluzflores"}, {"start": 157, "end": 171, "username": "multimediostv"}, {"start": 173, "end": 181, "username": "CitlaHM"}, {"start": 183, "end": 199, "username": "PartidoMorenaMx"}]}, "source": "Twitter for iPhone", "created_at": "2021-06-07T00:18:04.000Z", "author_id": "218233289", "text": "@Arq_Benavides  que chaf\u00f3. Siempre he dicho que Usted es un Chayotero . La \ud83d\udca9\ud83d\udca9 g\u00f3  con @claraluzflores , la dio por perdida \u2026 QUE LE PASA !!!!!\ud83d\ude21\ud83d\ude21\ud83d\ude21\ud83d\ude21 miserable @multimediostv  @CitlaHM  @PartidoMorenaMx", "id": "1401694913868308481", "public_metrics": {"retweet_count": 0, "reply_count": 0, "like_count": 0, "quote_count": 0}, "in_reply_to_user_id": "1666198716"}, "includes": {"users": [{"public_metrics": {"followers_count": 665, "following_count": 920, "tweet_count": 9067, "listed_count": 4}, "name": "La Regia", "id": "218233289", "username": "LaRegia63", "verified": false, "created_at": "2010-11-21T19:57:22.000Z", "protected": false, "description": "Biolog\u00eda y Turismo . La Honestidad y la Justicia, hace personas libres. No DM"}]}, "matching_rules": [{"id": 1401678016993017863, "tag": "Clara Luz"}]}