{"data": {"entities": {"mentions": [{"start": 3, "end": 18, "username": "PortillogMayra"}], "annotations": [{"start": 20, "end": 28, "probability": 0.924, "type": "Person", "normalized_text": "Clara Luz"}, {"start": 67, "end": 72, "probability": 0.9894, "type": "Person", "normalized_text": "Adri\u00e1n"}, {"start": 76, "end": 83, "probability": 0.7073, "type": "Person", "normalized_text": "Samuel"}]}, "source": "Twitter for Android", "created_at": "2021-06-07T00:18:04.000Z", "author_id": "87051914", "text": "RT @PortillogMayra: Clara Luz nervios\u00edsima\n\nno est\u00e1 segura si gana Adri\u00e1n o Samuel \n\n\ud83d\ude06", "id": "1401694914837205001", "referenced_tweets": [{"type": "retweeted", "id": "1401682268943437824"}], "public_metrics": {"retweet_count": 207, "reply_count": 0, "like_count": 0, "quote_count": 0}}, "includes": {"users": [{"public_metrics": {"followers_count": 107, "following_count": 205, "tweet_count": 17582, "listed_count": 0}, "name": "jacknetos", "id": "87051914", "username": "wamire", "verified": false, "created_at": "2009-11-02T22:58:05.000Z", "protected": false, "location": "Coyoac\u00e1n, Distrito Federal", "description": "la felicidad no es una constante ....s\u00f3lo son momentos....."}]}, "matching_rules": [{"id": 1401678016993017863, "tag": "Clara Luz"}]}