{"data": {"entities": {"mentions": [{"start": 3, "end": 18, "username": "PortillogMayra"}], "annotations": [{"start": 20, "end": 28, "probability": 0.924, "type": "Person", "normalized_text": "Clara Luz"}, {"start": 67, "end": 72, "probability": 0.9894, "type": "Person", "normalized_text": "Adri\u00e1n"}, {"start": 76, "end": 83, "probability": 0.7073, "type": "Person", "normalized_text": "Samuel"}]}, "source": "Twitter for Android", "created_at": "2021-06-07T00:19:10.000Z", "author_id": "770323756925329408", "text": "RT @PortillogMayra: Clara Luz nervios\u00edsima\n\nno est\u00e1 segura si gana Adri\u00e1n o Samuel \n\n\ud83d\ude06", "id": "1401695189354401796", "referenced_tweets": [{"type": "retweeted", "id": "1401682268943437824"}], "public_metrics": {"retweet_count": 212, "reply_count": 0, "like_count": 0, "quote_count": 0}}, "includes": {"users": [{"public_metrics": {"followers_count": 189, "following_count": 629, "tweet_count": 19888, "listed_count": 0}, "name": "Speed Racer", "id": "770323756925329408", "username": "SpeedRacerMTY", "verified": false, "created_at": "2016-08-29T18:14:30.000Z", "protected": false, "location": "Monterrey, Nuevo Le\u00f3n", "description": "Vamos por todas las canicas\u00a1\u00a1\u00a1"}]}, "matching_rules": [{"id": 1401678016993017863, "tag": "Clara Luz"}]}