{"data": {"entities": {"mentions": [{"start": 3, "end": 11, "username": "xavok84"}], "urls": [{"start": 52, "end": 75, "url": "https://t.co/2uA2FHriuD", "expanded_url": "https://twitter.com/xavok84/status/1401691978430038019/photo/1", "display_url": "pic.twitter.com/2uA2FHriuD"}], "annotations": [{"start": 41, "end": 49, "probability": 0.8163, "type": "Person", "normalized_text": "Clara Luz"}]}, "source": "Twitter for Android", "created_at": "2021-06-07T00:19:16.000Z", "author_id": "1333062996", "attachments": {"media_keys": ["3_1401691976630738944"]}, "text": "RT @xavok84: Raniere cuando vea llegar a Clara Luz. https://t.co/2uA2FHriuD", "id": "1401695215459745793", "referenced_tweets": [{"type": "retweeted", "id": "1401691978430038019"}], "public_metrics": {"retweet_count": 7, "reply_count": 0, "like_count": 0, "quote_count": 0}}, "includes": {"users": [{"public_metrics": {"followers_count": 23, "following_count": 150, "tweet_count": 418, "listed_count": 0}, "name": "Toledo", "id": "1333062996", "username": "bartsaw5", "verified": false, "created_at": "2013-04-07T03:41:12.000Z", "protected": false, "location": "Tuxtla Guti\u00e9rrez, Chiapas", "description": "Entre m\u00e1s p\u00fablico m\u00e1s aburrido y triste estoy"}]}, "matching_rules": [{"id": 1401678016993017863, "tag": "Clara Luz"}]}