{"data": {"entities": {"mentions": [{"start": 3, "end": 16, "username": "Pamelita0321"}, {"start": 26, "end": 41, "username": "samuel_garcias"}]}, "source": "Twitter for Android", "created_at": "2021-06-07T00:19:21.000Z", "author_id": "2975782689", "text": "RT @Pamelita0321: Si gana @samuel_garcias en nuevo leon me dar\u00e1 un chingo de verg\u00fcenza por mi estado. Buscar\u00e9 otro que me adopte. \ud83d\ude2d\ud83d\ude2d\ud83d\ude2d", "id": "1401695236225654794", "referenced_tweets": [{"type": "retweeted", "id": "1401465811844407298"}], "public_metrics": {"retweet_count": 664, "reply_count": 0, "like_count": 0, "quote_count": 0}}, "includes": {"users": [{"public_metrics": {"followers_count": 18756, "following_count": 18834, "tweet_count": 113943, "listed_count": 20}, "name": "\u24bf\u24de\u24e2\u24d4 \u24c1\u24e4\u24d8\u24e2 \u00a9h\u00aa\u00a1\u00ae\u00a4 \u00f0\u20ac \u00a9\u00a4\u00ae\u00aaz\u00a4\u0301n\ud83d\udcaf\ud83d\udc9e", "id": "2975782689", "username": "joecorvette67", "verified": false, "created_at": "2015-01-13T04:02:52.000Z", "protected": false, "location": "CDMX \u2763\ufe0f", "description": "Qu\u00e9 culpa tengo de haber nacido con el Coraz\u00f3n de mi lado izquierdo y ser de Izquierda \ud83d\udcaf\u2764\ud83c\uddf2\ud83c\uddfd\n#AMLOLujoDePresidente"}]}, "matching_rules": [{"id": 1401678016993017864, "tag": "Samuel Garcia"}]}