{"data": {"entities": {"mentions": [{"start": 0, "end": 12, "username": "DiegoAlcanX"}, {"start": 13, "end": 29, "username": "AdrianDeLaGarza"}], "annotations": [{"start": 68, "end": 80, "probability": 0.9989, "type": "Person", "normalized_text": "Samuel Garc\u00eda"}]}, "source": "Twitter for iPhone", "created_at": "2021-06-07T00:19:48.000Z", "author_id": "1394368819603333122", "text": "@DiegoAlcanX @AdrianDeLaGarza Que horror y que verg\u00fcenza. De seguro Samuel Garc\u00eda est\u00e1 detr\u00e1s de todo esto", "id": "1401695348976914439", "referenced_tweets": [{"type": "replied_to", "id": "1401694881135747073"}], "public_metrics": {"retweet_count": 0, "reply_count": 0, "like_count": 0, "quote_count": 0}, "in_reply_to_user_id": "1392137749407223818"}, "includes": {"users": [{"public_metrics": {"followers_count": 92, "following_count": 95, "tweet_count": 1216, "listed_count": 0}, "name": "Susanad\u00edaz7", "id": "1394368819603333122", "username": "Susanadaz71", "verified": false, "created_at": "2021-05-17T19:07:20.000Z", "protected": false, "description": "Peace\ud83d\udc9b"}]}, "matching_rules": [{"id": 1401678016993017861, "tag": "Adrian de la Garza"}]}