{"data": {"entities": {"mentions": [{"start": 3, "end": 18, "username": "CarlosAJimnez4"}, {"start": 23, "end": 38, "username": "samuel_garcias"}], "annotations": [{"start": 44, "end": 53, "probability": 0.2394, "type": "Other", "normalized_text": "Nuevo Leon"}]}, "source": "Twitter for Android", "created_at": "2021-06-07T00:19:55.000Z", "author_id": "2996486722", "text": "RT @CarlosAJimnez4: Si @samuel_garcias gana Nuevo Leon, entonces porque presumen de \"inteligentes\"?", "id": "1401695380450934785", "referenced_tweets": [{"type": "retweeted", "id": "1401644171979591680"}], "public_metrics": {"retweet_count": 233, "reply_count": 0, "like_count": 0, "quote_count": 0}}, "includes": {"users": [{"public_metrics": {"followers_count": 427, "following_count": 816, "tweet_count": 78610, "listed_count": 2}, "name": "fidel sanchezalmanza", "id": "2996486722", "username": "fidsanalm", "verified": false, "created_at": "2015-01-24T20:04:13.000Z", "protected": false, "location": "Tijuana, Baja California", "description": "de S.L.P.artesano de la construccion (alba\u00f1il) secundaria.6 a\u00f1os en ejercito en el servicio de transmisiones,creo en mexico,creo en las mujeres."}]}, "matching_rules": [{"id": 1401678016993017864, "tag": "Samuel Garcia"}]}