{"data": {"entities": {"mentions": [{"start": 3, "end": 15, "username": "cesarulloag"}, {"start": 28, "end": 44, "username": "AdrianDeLaGarza"}], "annotations": [{"start": 95, "end": 100, "probability": 0.9321, "type": "Person", "normalized_text": "Adri\u00e1n"}]}, "source": "Twitter Web App", "created_at": "2021-06-07T00:20:25.000Z", "author_id": "246513359", "text": "RT @cesarulloag: \u201cLe pido a @AdrianDeLaGarza que acepte los resultados que me dan la victoria. Adri\u00e1n, todo va a estar mejor\u201d.- @samuel_gar\u2026", "id": "1401695505252438016", "referenced_tweets": [{"type": "retweeted", "id": "1401678319276462081"}], "public_metrics": {"retweet_count": 22, "reply_count": 0, "like_count": 0, "quote_count": 0}}, "includes": {"users": [{"public_metrics": {"followers_count": 160, "following_count": 442, "tweet_count": 3844, "listed_count": 0}, "name": "M\u00f3nica Oyervides", "id": "246513359", "username": "MonicaOyervides", "verified": false, "created_at": "2011-02-02T22:48:49.000Z", "protected": false, "location": "Nuevo Le\u00f3n, M\u00e9xico", "description": "\u2728 Be the light"}]}, "matching_rules": [{"id": 1401678016993017864, "tag": "Samuel Garcia"}, {"id": 1401678016993017861, "tag": "Adrian de la Garza"}]}