{"data": {"entities": {"mentions": [{"start": 3, "end": 18, "username": "claraluzflores"}]}, "source": "Twitter for iPhone", "created_at": "2021-06-07T00:20:27.000Z", "author_id": "150083046", "text": "RT @claraluzflores: Concluye la jornada electoral. Esperar\u00e9 con responsabilidad los resultados que emitan las autoridades electorales; los\u2026", "id": "1401695516015173633", "referenced_tweets": [{"type": "retweeted", "id": "1401692802854047745"}], "public_metrics": {"retweet_count": 42, "reply_count": 0, "like_count": 0, "quote_count": 0}}, "includes": {"users": [{"public_metrics": {"followers_count": 53, "following_count": 658, "tweet_count": 4839, "listed_count": 2}, "name": "ricardo al", "id": "150083046", "username": "rich_lopz", "verified": false, "created_at": "2010-05-31T01:38:51.000Z", "protected": false, "location": "Monterrey, N.L.", "description": ""}]}, "matching_rules": [{"id": 1401678016993017863, "tag": "Clara Luz"}]}