{"data": {"entities": {"mentions": [{"start": 3, "end": 12, "username": "emeequis"}]}, "source": "Twitter for Android", "created_at": "2021-06-07T00:20:48.000Z", "author_id": "156418833", "text": "RT @emeequis: \u00bfRESIGNADA?\n\n\"Esperar\u00e9 con responsabilidad los resultados que emitan las autoridades electorales... Hago un llamado a los otr\u2026", "id": "1401695602052931584", "referenced_tweets": [{"type": "retweeted", "id": "1401695409215610880"}], "public_metrics": {"retweet_count": 1, "reply_count": 0, "like_count": 0, "quote_count": 0}}, "includes": {"users": [{"public_metrics": {"followers_count": 4685, "following_count": 4227, "tweet_count": 5526, "listed_count": 0}, "name": "Marcos L\u00f3pez", "id": "156418833", "username": "Marcos_LopAlv", "verified": false, "created_at": "2010-06-16T22:20:21.000Z", "protected": false, "location": "Hermosillo, Sonora", "description": "Me gusta escribir y leer | Escrib\u00eda una columna, pero me fregu\u00e9 la rodilla | 10/11/2018\u2764\ufe0f | Sinaloense en Sonora | \u00a1S\u00edgueme, luego te explico!"}]}, "matching_rules": [{"id": 1401678016993017863, "tag": "Clara Luz"}]}