{"data": {"entities": {"urls": [{"start": 19, "end": 42, "url": "https://t.co/QOmqgaA7wQ", "expanded_url": "https://twitter.com/joel_valdezn/status/1401693299656826880", "display_url": "twitter.com/joel_valdezn/s\u2026"}]}, "source": "Twitter Web App", "created_at": "2021-06-07T00:21:34.000Z", "author_id": "105782506", "text": "Su silla se\u00f1ora... https://t.co/QOmqgaA7wQ", "id": "1401695794659397632", "referenced_tweets": [{"type": "quoted", "id": "1401693299656826880"}], "public_metrics": {"retweet_count": 0, "reply_count": 0, "like_count": 0, "quote_count": 0}}, "includes": {"users": [{"public_metrics": {"followers_count": 2824, "following_count": 3389, "tweet_count": 28258, "listed_count": 29}, "name": "Salvador Cacho", "id": "105782506", "username": "scachog", "verified": false, "created_at": "2010-01-17T13:17:07.000Z", "protected": false, "description": "#HechoEnM\u00e9xico \ud83c\uddf2\ud83c\uddfd\ud83d\ude4c\ud83c\udffd C.Pol \ud83d\ude47\ud83c\udffb https://t.co/pKVmF41nNu \ud83d\udc68\ud83c\udffb\u200d\ud83d\udcbbCofundador de @agregamx \ud83d\uded2\u2795\u2764\ufe0f\ud83d\udc9aTodo lo escrito aqu\u00ed es a t\u00edtulo personal"}]}, "matching_rules": [{"id": 1401678016993017863, "tag": "Clara Luz"}]}