{"data": {"entities": {"mentions": [{"start": 3, "end": 15, "username": "maca_online"}], "annotations": [{"start": 47, "end": 55, "probability": 0.8514, "type": "Person", "normalized_text": "Clara Luz"}]}, "source": "Twitter for iPhone", "created_at": "2021-06-07T00:21:56.000Z", "author_id": "164426802", "text": "RT @maca_online: Aqu\u00ed se puede ver una foto de Clara Luz acompa\u00f1ada por todos sus simpatizantes.", "id": "1401695888721039369", "referenced_tweets": [{"type": "retweeted", "id": "1399922664681185282"}], "public_metrics": {"retweet_count": 120, "reply_count": 0, "like_count": 0, "quote_count": 0}}, "includes": {"users": [{"public_metrics": {"followers_count": 229, "following_count": 195, "tweet_count": 28681, "listed_count": 10}, "name": "Alfredo S\u00e1nchez", "id": "164426802", "username": "Alfredburro", "verified": false, "created_at": "2010-07-08T21:21:30.000Z", "protected": false, "location": "Puebla, M\u00e9xico", "description": "...est\u00e1s en mute \u203c\ufe0f"}]}, "matching_rules": [{"id": 1401678016993017863, "tag": "Clara Luz"}]}