{"data": {"entities": {"mentions": [{"start": 42, "end": 56, "username": "colosioriojas"}], "urls": [{"start": 57, "end": 80, "url": "https://t.co/63uMyZPxdg", "expanded_url": "https://twitter.com/politicomx/status/1401695439099994117", "display_url": "twitter.com/politicomx/sta\u2026"}], "annotations": [{"start": 5, "end": 10, "probability": 0.7613, "type": "Place", "normalized_text": "M\u00e9xico"}, {"start": 22, "end": 30, "probability": 0.986, "type": "Place", "normalized_text": "Monterrey"}]}, "source": "Twitter for iPhone", "created_at": "2021-06-07T00:22:05.000Z", "author_id": "255330507", "text": "Otro M\u00e9xico renace en Monterrey. \ud83c\udf4a\ud83e\udde1\nBravo @colosioriojas https://t.co/63uMyZPxdg", "id": "1401695925089734663", "context_annotations": [{"domain": {"id": "119", "name": "Holiday", "description": "Holidays like Christmas or Halloween"}, "entity": {"id": "1286645331686350848", "name": "Dia de la Independencia (Grito de Dolores) ", "description": "This entity includes conversations about Dia de la Independencia (Grito de Dolores) for all years."}}], "referenced_tweets": [{"type": "quoted", "id": "1401695439099994117"}], "public_metrics": {"retweet_count": 0, "reply_count": 0, "like_count": 0, "quote_count": 0}}, "includes": {"users": [{"public_metrics": {"followers_count": 11070, "following_count": 2357, "tweet_count": 50535, "listed_count": 47}, "name": "Marisol Calva \ud83d\udc9a", "id": "255330507", "username": "Marisol_Calva", "verified": false, "created_at": "2011-02-21T04:05:41.000Z", "protected": false, "location": "Puebla #Distrito20", "description": "Secretaria de la Comisi\u00f3n Nacional de Redes Sociales de @MovCiudadanoMx\ud83c\udf4a|Polit\u00f3loga |Mtra en Gobierno y Adm\u00f3n| ex candidata a Diputada| Feminista \ud83d\udc9c #Ser\u00e1Ley\ud83d\udc9a"}]}, "matching_rules": [{"id": 1401678016993017864, "tag": "Samuel Garcia"}]}