{"data": {"entities": {"mentions": [{"start": 3, "end": 11, "username": "sussy44"}], "annotations": [{"start": 13, "end": 18, "probability": 0.616, "type": "Person", "normalized_text": "Morena"}, {"start": 39, "end": 48, "probability": 0.4771, "type": "Place", "normalized_text": "Nuevo Le\u00f3n"}, {"start": 61, "end": 69, "probability": 0.7878, "type": "Person", "normalized_text": "Clara Luz"}]}, "source": "Twitter for Android", "created_at": "2021-06-07T00:23:05.000Z", "author_id": "293029623", "text": "RT @sussy44: Morena le hizo un favor a Nuevo Le\u00f3n en poner a Clara Luz de candidata..", "id": "1401696178203463691", "referenced_tweets": [{"type": "retweeted", "id": "1401693502610853890"}], "public_metrics": {"retweet_count": 4, "reply_count": 0, "like_count": 0, "quote_count": 0}}, "includes": {"users": [{"public_metrics": {"followers_count": 165, "following_count": 559, "tweet_count": 3738, "listed_count": 1}, "name": "Edson \ud83d\udc4a\ud83d\udc2f", "id": "293029623", "username": "edson_r4", "verified": false, "created_at": "2011-05-04T16:54:25.000Z", "protected": false, "location": "Mty. Mexico", "description": "Regio, amo el f\u00fatbol \u26bd (y a mi familia \ud83d\udc68\u200d\ud83d\udc69\u200d\ud83d\udc66\u200d\ud83d\udc66), No lo heredamos nacimos Tigres! \ud83c\udf1f\ud83d\udc05\ud83c\udfc6\nCarpe Diem... \ud83d\ude09"}]}, "matching_rules": [{"id": 1401678016993017863, "tag": "Clara Luz"}]}