{"data": {"entities": {"mentions": [{"start": 3, "end": 12, "username": "LCUgalde"}, {"start": 48, "end": 63, "username": "samuel_garcias"}], "annotations": [{"start": 86, "end": 95, "probability": 0.916, "type": "Place", "normalized_text": "Nuevo Le\u00f3n"}]}, "source": "Twitter for iPhone", "created_at": "2021-06-07T00:23:10.000Z", "author_id": "33504076", "text": "RT @LCUgalde: Ya empez\u00f3 la irresponsabilidad. \n\n@samuel_garcias se declara ganador en Nuevo Le\u00f3n. \n\nSi va arriba, \u00bfcu\u00e1l es la prisa? \n\nY ll\u2026", "id": "1401696197182562304", "referenced_tweets": [{"type": "retweeted", "id": "1401678219040940032"}], "public_metrics": {"retweet_count": 166, "reply_count": 0, "like_count": 0, "quote_count": 0}}, "includes": {"users": [{"public_metrics": {"followers_count": 7339, "following_count": 794, "tweet_count": 185926, "listed_count": 105}, "name": "Informaci\u00f3n Directa", "id": "33504076", "username": "la_extra", "verified": false, "created_at": "2009-04-20T13:03:23.000Z", "protected": false, "location": "Morelia, Michoac\u00e1n, M\u00e9xico", "description": "informaci\u00f3n de forma directa con m\u00e1s de 24 a\u00f1os de experiencia en la ciudad de Morelia, Michoac\u00e1n"}]}, "matching_rules": [{"id": 1401678016993017864, "tag": "Samuel Garcia"}]}