{"data": {"entities": {"mentions": [{"start": 0, "end": 16, "username": "PabloBarajas017"}], "annotations": [{"start": 57, "end": 69, "probability": 0.9979, "type": "Person", "normalized_text": "Samuel Garcia"}]}, "source": "Twitter for iPhone", "created_at": "2021-06-07T00:24:12.000Z", "author_id": "1210940525903110144", "text": "@PabloBarajas017 Lo que no se entendio es que el jefe de Samuel Garcia en su partido es intimo amigo del vejete, otro montaje, y ahi van, saludos.", "id": "1401696458877935616", "referenced_tweets": [{"type": "replied_to", "id": "1401695230341095426"}], "public_metrics": {"retweet_count": 0, "reply_count": 0, "like_count": 0, "quote_count": 0}, "in_reply_to_user_id": "951191650402959365"}, "includes": {"users": [{"public_metrics": {"followers_count": 10720, "following_count": 9015, "tweet_count": 8958, "listed_count": 3}, "name": "Jefe Yoda", "id": "1210940525903110144", "username": "yooddaa29", "verified": false, "created_at": "2019-12-28T15:08:34.000Z", "protected": false, "description": "Profesionista, deportista alto rendimiento (Medio Ironman (nadar, bici, correr))maratonista, alergico a lo chairos, y anti PEJEE me gusta el desm@dre"}]}, "matching_rules": [{"id": 1401678016993017864, "tag": "Samuel Garcia"}]}