{"data": {"entities": {"mentions": [{"start": 3, "end": 19, "username": "AdrianDeLaGarza"}], "urls": [{"start": 49, "end": 72, "url": "https://t.co/F1Hlt5v7K3", "expanded_url": "https://twitter.com/AdrianDeLaGarza/status/1401679458277412866/photo/1", "display_url": "pic.twitter.com/F1Hlt5v7K3"}]}, "source": "Twitter for Android", "created_at": "2021-06-07T00:24:42.000Z", "author_id": "1253008578614624256", "attachments": {"media_keys": ["3_1401679211857944584"]}, "text": "RT @AdrianDeLaGarza: \u00a1TODO VA A ESTAR BIEN! \ud83d\udcaa\ud83c\udffc\ud83d\udc4a\ud83c\udffc https://t.co/F1Hlt5v7K3", "id": "1401696583234822145", "referenced_tweets": [{"type": "retweeted", "id": "1401679458277412866"}], "public_metrics": {"retweet_count": 379, "reply_count": 0, "like_count": 0, "quote_count": 0}}, "includes": {"users": [{"public_metrics": {"followers_count": 675, "following_count": 1373, "tweet_count": 33931, "listed_count": 0}, "name": "@E.F.R.C_70", "id": "1253008578614624256", "username": "EFRC701", "verified": false, "created_at": "2020-04-22T17:12:46.000Z", "protected": false, "description": "De regreso ... Claro y Directo ... Te sigo, me sigues ... y unidos somos m\u00e1s fuertes ... \ud83d\udcaa"}]}, "matching_rules": [{"id": 1401678016993017861, "tag": "Adrian de la Garza"}]}