{"data": {"entities": {"mentions": [{"start": 0, "end": 15, "username": "claraluzflores"}, {"start": 37, "end": 49, "username": "CENMorenaMX"}]}, "source": "Twitter for Android", "created_at": "2021-06-07T00:25:36.000Z", "author_id": "3090516388", "text": "@claraluzflores Pasa por tu cheque a @CENMorenaMX gracias por tu participaci\u00f3n", "id": "1401696808234070016", "referenced_tweets": [{"type": "replied_to", "id": "1401692802854047745"}], "public_metrics": {"retweet_count": 0, "reply_count": 0, "like_count": 0, "quote_count": 0}, "in_reply_to_user_id": "224678647"}, "includes": {"users": [{"public_metrics": {"followers_count": 121, "following_count": 477, "tweet_count": 5883, "listed_count": 0}, "name": "Laura Andrea \ud83d\udc2f", "id": "3090516388", "username": "landrea67", "verified": false, "created_at": "2015-03-13T02:59:40.000Z", "protected": false, "description": "me cae mal YSQ"}]}, "matching_rules": [{"id": 1401678016993017863, "tag": "Clara Luz"}]}