{"data": {"entities": {"mentions": [{"start": 0, "end": 11, "username": "LunaDeCafe"}, {"start": 12, "end": 27, "username": "samuel_garcias"}, {"start": 28, "end": 44, "username": "AdrianDeLaGarza"}]}, "source": "Twitter for Android", "created_at": "2021-06-07T00:25:47.000Z", "author_id": "852014203451736064", "text": "@LunaDeCafe @samuel_garcias @AdrianDeLaGarza Fueron muy irresponsables\nAl salir alas 6 de la tarde en\nPunto a declararse \"vencedores\" ....", "id": "1401696858372808704", "referenced_tweets": [{"type": "replied_to", "id": "1401694187603562497"}], "public_metrics": {"retweet_count": 0, "reply_count": 0, "like_count": 0, "quote_count": 0}, "in_reply_to_user_id": "202914656"}, "includes": {"users": [{"public_metrics": {"followers_count": 1340, "following_count": 1286, "tweet_count": 46286, "listed_count": 1}, "name": "Rey Obreg\u00f3n", "id": "852014203451736064", "username": "reyobregon2", "verified": false, "created_at": "2017-04-12T04:23:10.000Z", "protected": false, "location": "Humble, TX", "description": "Agradecido con Dios por sus bendiciones, 100% Regio, Americanista de Coraz\u00f3n"}]}, "matching_rules": [{"id": 1401678016993017864, "tag": "Samuel Garcia"}, {"id": 1401678016993017861, "tag": "Adrian de la Garza"}]}