{"data": {"entities": {"mentions": [{"start": 3, "end": 19, "username": "AdrianDeLaGarza"}], "urls": [{"start": 49, "end": 72, "url": "https://t.co/F1Hlt5v7K3", "expanded_url": "https://twitter.com/AdrianDeLaGarza/status/1401679458277412866/photo/1", "display_url": "pic.twitter.com/F1Hlt5v7K3"}]}, "source": "TweetDeck", "created_at": "2021-06-07T00:25:56.000Z", "author_id": "1323361038365085702", "attachments": {"media_keys": ["3_1401679211857944584"]}, "text": "RT @AdrianDeLaGarza: \u00a1TODO VA A ESTAR BIEN! \ud83d\udcaa\ud83c\udffc\ud83d\udc4a\ud83c\udffc https://t.co/F1Hlt5v7K3", "id": "1401696892770263043", "referenced_tweets": [{"type": "retweeted", "id": "1401679458277412866"}], "public_metrics": {"retweet_count": 392, "reply_count": 0, "like_count": 0, "quote_count": 0}}, "includes": {"users": [{"public_metrics": {"followers_count": 13, "following_count": 78, "tweet_count": 965, "listed_count": 0}, "name": "Ernesto Martinez", "id": "1323361038365085702", "username": "ErnestoJMtnez", "verified": false, "created_at": "2020-11-02T20:27:25.000Z", "protected": false, "description": "Nac\u00ed en Monterrey, Nuevo Le\u00f3n. Aficionado de Tigres, drag\u00f3n ball, Marvel, geek."}]}, "matching_rules": [{"id": 1401678016993017861, "tag": "Adrian de la Garza"}]}