{"data": {"entities": {"mentions": [{"start": 3, "end": 13, "username": "GlodeJo07"}], "urls": [{"start": 107, "end": 130, "url": "https://t.co/uLDujUMqTP", "expanded_url": "https://twitter.com/GlodeJo07/status/1401682107634794500/photo/1", "display_url": "pic.twitter.com/uLDujUMqTP"}], "annotations": [{"start": 72, "end": 81, "probability": 0.6326, "type": "Place", "normalized_text": "Nuevo Le\u00f3n"}, {"start": 87, "end": 95, "probability": 0.735, "type": "Person", "normalized_text": "Clara Luz"}]}, "source": "Twitter for Android", "created_at": "2021-06-07T00:26:58.000Z", "author_id": "1399975450311544833", "attachments": {"media_keys": ["3_1401682104304517123"]}, "text": "RT @GlodeJo07: Mi perrita tiene m\u00e1s posibilidades de ser gobernadora de Nuevo Le\u00f3n qu\u00e9 Clara Luz, la neta. https://t.co/uLDujUMqTP", "id": "1401697155216117761", "referenced_tweets": [{"type": "retweeted", "id": "1401682107634794500"}], "public_metrics": {"retweet_count": 86, "reply_count": 0, "like_count": 0, "quote_count": 0}}, "includes": {"users": [{"public_metrics": {"followers_count": 3, "following_count": 76, "tweet_count": 62, "listed_count": 0}, "name": "jrmp13213@gmail.com", "id": "1399975450311544833", "username": "jrmp13213", "verified": false, "created_at": "2021-06-02T06:26:09.000Z", "protected": false, "description": ""}]}, "matching_rules": [{"id": 1401678016993017863, "tag": "Clara Luz"}]}