{"data": {"entities": {"mentions": [{"start": 3, "end": 19, "username": "AdrianDeLaGarza"}], "urls": [{"start": 49, "end": 72, "url": "https://t.co/F1Hlt5v7K3", "expanded_url": "https://twitter.com/AdrianDeLaGarza/status/1401679458277412866/photo/1", "display_url": "pic.twitter.com/F1Hlt5v7K3"}]}, "source": "Twitter for Android", "created_at": "2021-06-07T00:27:04.000Z", "author_id": "135352213", "attachments": {"media_keys": ["3_1401679211857944584"]}, "text": "RT @AdrianDeLaGarza: \u00a1TODO VA A ESTAR BIEN! \ud83d\udcaa\ud83c\udffc\ud83d\udc4a\ud83c\udffc https://t.co/F1Hlt5v7K3", "id": "1401697177525706753", "referenced_tweets": [{"type": "retweeted", "id": "1401679458277412866"}], "public_metrics": {"retweet_count": 398, "reply_count": 0, "like_count": 0, "quote_count": 0}}, "includes": {"users": [{"public_metrics": {"followers_count": 96, "following_count": 200, "tweet_count": 21023, "listed_count": 2}, "name": "Rodrigo Avila", "id": "135352213", "username": "rodrigoavila91", "verified": false, "created_at": "2010-04-21T02:20:51.000Z", "protected": false, "description": "\u00bfPor qu\u00e9 negar que son lo mejor que se puso en este lugar?"}]}, "matching_rules": [{"id": 1401678016993017861, "tag": "Adrian de la Garza"}]}