{"data": {"entities": {"mentions": [{"start": 3, "end": 18, "username": "claraluzflores"}]}, "source": "Twitter for iPhone", "created_at": "2021-06-07T00:28:46.000Z", "author_id": "1325281480919179265", "text": "RT @claraluzflores: Concluye la jornada electoral. Esperar\u00e9 con responsabilidad los resultados que emitan las autoridades electorales; los\u2026", "id": "1401697607890739202", "referenced_tweets": [{"type": "retweeted", "id": "1401692802854047745"}], "public_metrics": {"retweet_count": 53, "reply_count": 0, "like_count": 0, "quote_count": 0}}, "includes": {"users": [{"public_metrics": {"followers_count": 256, "following_count": 417, "tweet_count": 41667, "listed_count": 0}, "name": "Robert 70@iclou.com", "id": "1325281480919179265", "username": "Robert70iclouc1", "verified": false, "created_at": "2020-11-08T03:39:51.000Z", "protected": false, "description": "Siempre positivo"}]}, "matching_rules": [{"id": 1401678016993017863, "tag": "Clara Luz"}]}