{"data": {"entities": {"mentions": [{"start": 3, "end": 18, "username": "CarlosAJimnez4"}, {"start": 23, "end": 38, "username": "samuel_garcias"}], "annotations": [{"start": 44, "end": 53, "probability": 0.2394, "type": "Other", "normalized_text": "Nuevo Leon"}]}, "source": "Twitter for Android", "created_at": "2021-06-07T00:29:15.000Z", "author_id": "588583146", "text": "RT @CarlosAJimnez4: Si @samuel_garcias gana Nuevo Leon, entonces porque presumen de \"inteligentes\"?", "id": "1401697727931682822", "referenced_tweets": [{"type": "retweeted", "id": "1401644171979591680"}], "public_metrics": {"retweet_count": 260, "reply_count": 0, "like_count": 0, "quote_count": 0}}, "includes": {"users": [{"public_metrics": {"followers_count": 1183, "following_count": 629, "tweet_count": 180221, "listed_count": 39}, "name": "Mercedes Bocanegra", "id": "588583146", "username": "mercedesmejiab", "verified": false, "created_at": "2012-05-23T18:55:49.000Z", "protected": false, "location": "M\u00e9xico", "description": "La violencia en M\u00e9xico debe terminar, quienes asesinan a buenos Mexicanos matan tambi\u00e9n a la Patria."}]}, "matching_rules": [{"id": 1401678016993017864, "tag": "Samuel Garcia"}]}