{"data": {"source": "Twitter Web App", "created_at": "2021-06-07T00:30:00.000Z", "author_id": "124349997", "text": "Ya salio Adrian de la Garza que va impugnar, No la Chinguen", "id": "1401697917191196675", "entities": {"annotations": [{"start": 9, "end": 26, "probability": 0.6971, "type": "Person", "normalized_text": "Adrian de la Garza"}]}, "public_metrics": {"retweet_count": 0, "reply_count": 0, "like_count": 0, "quote_count": 0}}, "includes": {"users": [{"public_metrics": {"followers_count": 100, "following_count": 56, "tweet_count": 1468, "listed_count": 1}, "name": "Jesus Gonzalez", "id": "124349997", "username": "chuysepulveda", "verified": false, "created_at": "2010-03-19T03:30:44.000Z", "protected": false, "location": "Monterrey N.L.", "description": "Lic. Derecho, Fiscalista, Siniestros,  Marcas y patentes, abogado,  deportista hunza y hombre paleolitico."}]}, "matching_rules": [{"id": 1401678016993017861, "tag": "Adrian de la Garza"}]}