{"data": {"entities": {"mentions": [{"start": 3, "end": 15, "username": "Susanadaz71"}, {"start": 109, "end": 125, "username": "AdrianDeLaGarza"}], "annotations": [{"start": 42, "end": 54, "probability": 0.9989, "type": "Person", "normalized_text": "Samuel Garc\u00eda"}]}, "source": "Twitter for Android", "created_at": "2021-06-07T00:30:36.000Z", "author_id": "1401046549245747212", "text": "RT @Susanadaz71: A mi esto me huele a que Samuel Garc\u00eda no acepta la derrota y una vez m\u00e1s jug\u00e1ndole sucio a @AdrianDeLaGarza! Que verg\u00fcenz\u2026", "id": "1401698069737996288", "referenced_tweets": [{"type": "retweeted", "id": "1401697911637958656"}], "public_metrics": {"retweet_count": 1, "reply_count": 0, "like_count": 0, "quote_count": 0}}, "includes": {"users": [{"public_metrics": {"followers_count": 58, "following_count": 343, "tweet_count": 349, "listed_count": 0}, "name": "Chava Ortiz", "id": "1401046549245747212", "username": "OrtizPChava", "verified": false, "created_at": "2021-06-05T05:21:51.000Z", "protected": false, "description": "Me cerraron mi cuenta anterior :("}]}, "matching_rules": [{"id": 1401678016993017861, "tag": "Adrian de la Garza"}]}