{"data": {"entities": {"mentions": [{"start": 3, "end": 17, "username": "PikachuRayado"}], "annotations": [{"start": 57, "end": 65, "probability": 0.8804, "type": "Person", "normalized_text": "Clara Luz"}]}, "source": "Twitter for Android", "created_at": "2021-06-07T00:30:47.000Z", "author_id": "1245735838975168513", "text": "RT @PikachuRayado: En la fila se nota quien va votar por Clara Luz , su aroma los delata pinche gente sucia en chanclas. \n\nTan siquiera su\u2026", "id": "1401698115879591936", "referenced_tweets": [{"type": "retweeted", "id": "1401567625734406148"}], "public_metrics": {"retweet_count": 12, "reply_count": 0, "like_count": 0, "quote_count": 0}}, "includes": {"users": [{"public_metrics": {"followers_count": 23, "following_count": 51, "tweet_count": 1133, "listed_count": 0}, "name": "Tuptmlatam", "id": "1245735838975168513", "username": "tuptmlatam", "verified": false, "created_at": "2020-04-02T15:32:31.000Z", "protected": false, "description": "Twiteo lo que me da la gana y me vale mucha verga tu opini\u00f3n.\n\n@ClubAmerica\ud83d\udc99"}]}, "matching_rules": [{"id": 1401678016993017863, "tag": "Clara Luz"}]}