{"data": {"entities": {"mentions": [{"start": 3, "end": 18, "username": "PortillogMayra"}], "annotations": [{"start": 20, "end": 28, "probability": 0.924, "type": "Person", "normalized_text": "Clara Luz"}, {"start": 67, "end": 72, "probability": 0.9894, "type": "Person", "normalized_text": "Adri\u00e1n"}, {"start": 76, "end": 83, "probability": 0.7073, "type": "Person", "normalized_text": "Samuel"}]}, "source": "Twitter for iPhone", "created_at": "2021-06-07T00:31:11.000Z", "author_id": "1028345433641443328", "text": "RT @PortillogMayra: Clara Luz nervios\u00edsima\n\nno est\u00e1 segura si gana Adri\u00e1n o Samuel \n\n\ud83d\ude06", "id": "1401698215762739202", "referenced_tweets": [{"type": "retweeted", "id": "1401682268943437824"}], "public_metrics": {"retweet_count": 272, "reply_count": 0, "like_count": 0, "quote_count": 0}}, "includes": {"users": [{"public_metrics": {"followers_count": 16, "following_count": 49, "tweet_count": 352, "listed_count": 0}, "name": "Mafer :)", "id": "1028345433641443328", "username": "MaferGHdez", "verified": false, "created_at": "2018-08-11T18:20:31.000Z", "protected": false, "location": "Miguel Hidalgo", "description": "hola usar\u00e9 m\u00e1s Twitter."}]}, "matching_rules": [{"id": 1401678016993017863, "tag": "Clara Luz"}]}