{"data": {"entities": {"mentions": [{"start": 3, "end": 13, "username": "GlodeJo07"}], "urls": [{"start": 107, "end": 130, "url": "https://t.co/uLDujUMqTP", "expanded_url": "https://twitter.com/GlodeJo07/status/1401682107634794500/photo/1", "display_url": "pic.twitter.com/uLDujUMqTP"}], "annotations": [{"start": 72, "end": 81, "probability": 0.6326, "type": "Place", "normalized_text": "Nuevo Le\u00f3n"}, {"start": 87, "end": 95, "probability": 0.735, "type": "Person", "normalized_text": "Clara Luz"}]}, "source": "Twitter for Android", "created_at": "2021-06-07T00:31:16.000Z", "author_id": "2844735060", "attachments": {"media_keys": ["3_1401682104304517123"]}, "text": "RT @GlodeJo07: Mi perrita tiene m\u00e1s posibilidades de ser gobernadora de Nuevo Le\u00f3n qu\u00e9 Clara Luz, la neta. https://t.co/uLDujUMqTP", "id": "1401698234997805059", "referenced_tweets": [{"type": "retweeted", "id": "1401682107634794500"}], "public_metrics": {"retweet_count": 89, "reply_count": 0, "like_count": 0, "quote_count": 0}}, "includes": {"users": [{"public_metrics": {"followers_count": 1773, "following_count": 3462, "tweet_count": 36204, "listed_count": 1}, "name": "Leon Vega", "id": "2844735060", "username": "LeonVegaRXM", "verified": false, "created_at": "2014-10-07T21:04:26.000Z", "protected": false, "location": "Monterrey", "description": "Aficionado de Tigres de la UANL. En este mundo todos buscamos la felicidad. Vivamos en armon\u00eda. Y un dia exista democracia en nuestro M\u00e9xico lindo. #RxM"}]}, "matching_rules": [{"id": 1401678016993017863, "tag": "Clara Luz"}]}