{"data": {"entities": {"mentions": [{"start": 0, "end": 15, "username": "Patriciomonero"}, {"start": 28, "end": 43, "username": "samuel_garcias"}]}, "source": "Twitter for Android", "created_at": "2021-06-07T00:31:42.000Z", "author_id": "84981605", "text": "@Patriciomonero Qu\u00e9 asco el @samuel_garcias Ojal\u00e1 los del norte dejen de procrear entre primos \ud83e\udd23\ud83e\udd23\ud83e\udd23", "id": "1401698346708914179", "referenced_tweets": [{"type": "replied_to", "id": "1401617080105922564"}], "public_metrics": {"retweet_count": 0, "reply_count": 0, "like_count": 0, "quote_count": 0}, "in_reply_to_user_id": "79576754"}, "includes": {"users": [{"public_metrics": {"followers_count": 104, "following_count": 249, "tweet_count": 1689, "listed_count": 0}, "name": "Ricardo Audiffred", "id": "84981605", "username": "rick_audiffred", "verified": false, "created_at": "2009-10-25T01:32:56.000Z", "protected": false, "description": ""}]}, "matching_rules": [{"id": 1401678016993017864, "tag": "Samuel Garcia"}]}