{"data": {"entities": {"mentions": [{"start": 3, "end": 14, "username": "PumaChairo"}]}, "source": "Twitter for Android", "created_at": "2021-06-07T00:33:26.000Z", "author_id": "118577888", "text": "RT @PumaChairo: Ya falta poquito para que esos que dec\u00edan que esper\u00e1ramos a que pasar\u00e1n las elecciones se pronuncien contra el marranero qu\u2026", "id": "1401698780274167809", "referenced_tweets": [{"type": "retweeted", "id": "1401685961289781250"}], "public_metrics": {"retweet_count": 66, "reply_count": 0, "like_count": 0, "quote_count": 0}}, "includes": {"users": [{"public_metrics": {"followers_count": 2005, "following_count": 2825, "tweet_count": 83431, "listed_count": 44}, "name": "Roy", "id": "118577888", "username": "rodriuxx", "verified": false, "created_at": "2010-03-01T03:38:48.000Z", "protected": false, "location": "chicago il.", "description": "twitero por curiosidad,adicto por necesidad de saber mas.....doy RT a todo lo q aporte algo bueno para la sociedad. #votomasivoMORENA."}]}, "matching_rules": [{"id": 1401678016993017863, "tag": "Clara Luz"}]}