{"data": {"source": "Twitter for Android", "created_at": "2021-06-07T00:34:14.000Z", "author_id": "1236727255977656322", "text": "La cara de la anor\u00e9xica y fifi del narcotr\u00e1fico, Mariana Rodriguez, esposa del narcojunior de Samuel Garcia, lo dice absolutamente todo.\nDesencajada y forzada a contestar a las entrevistas en los medios de comunicaci\u00f3n.\nLa gente de Nuevo Leon, es una yacimiento de imbeciles...", "id": "1401698983202930689", "entities": {"annotations": [{"start": 49, "end": 65, "probability": 0.9984, "type": "Person", "normalized_text": "Mariana Rodriguez"}, {"start": 94, "end": 106, "probability": 0.9946, "type": "Person", "normalized_text": "Samuel Garcia"}, {"start": 232, "end": 241, "probability": 0.5167, "type": "Person", "normalized_text": "Nuevo Leon"}]}, "public_metrics": {"retweet_count": 0, "reply_count": 0, "like_count": 0, "quote_count": 0}}, "includes": {"users": [{"public_metrics": {"followers_count": 2693, "following_count": 3612, "tweet_count": 11149, "listed_count": 2}, "name": "Juan Cop\u00e9rnico...", "id": "1236727255977656322", "username": "pacopernico9", "verified": false, "created_at": "2020-03-08T18:55:44.000Z", "protected": false, "location": "Planeta Tierra", "description": "La ciencia es m\u00e1s que un simple conjunto de conocimientos: es una manera de pensar..."}]}, "matching_rules": [{"id": 1401678016993017864, "tag": "Samuel Garcia"}]}