{"data": {"entities": {"mentions": [{"start": 0, "end": 15, "username": "claraluzflores"}, {"start": 16, "end": 32, "username": "ABarloventoInfo"}], "annotations": [{"start": 39, "end": 42, "probability": 0.4346, "type": "Person", "normalized_text": "Le\u00f3n"}]}, "source": "Twitter for Android", "created_at": "2021-06-07T00:34:38.000Z", "author_id": "983043601310593026", "text": "@claraluzflores @ABarloventoInfo Nuevo Le\u00f3n no te merec\u00eda, perdiste ya vete a dormir y morena perdi\u00f3 por ti. No vuelvas a mentir \ud83d\ude2d", "id": "1401699084025614340", "referenced_tweets": [{"type": "replied_to", "id": "1401692802854047745"}], "public_metrics": {"retweet_count": 0, "reply_count": 0, "like_count": 0, "quote_count": 0}, "in_reply_to_user_id": "224678647"}, "includes": {"users": [{"public_metrics": {"followers_count": 81, "following_count": 298, "tweet_count": 5416, "listed_count": 1}, "name": "Rafael Valdez", "id": "983043601310593026", "username": "RAVAMIRANDA", "verified": false, "created_at": "2018-04-08T18:07:13.000Z", "protected": false, "location": "Ciudad de Mexico", "description": "Con"}]}, "matching_rules": [{"id": 1401678016993017863, "tag": "Clara Luz"}]}