{"data": {"entities": {"hashtags": [{"start": 104, "end": 115, "tag": "MorenaSeVa"}, {"start": 116, "end": 130, "tag": "MorenaNoPuede"}, {"start": 131, "end": 150, "tag": "VotarEsDeChingones"}, {"start": 151, "end": 168, "tag": "VotaParaBotarlos"}], "mentions": [{"start": 0, "end": 15, "username": "claraluzflores"}], "annotations": [{"start": 99, "end": 104, "probability": 0.4567, "type": "Person", "normalized_text": "Morena"}]}, "source": "Twitter for iPhone", "created_at": "2021-06-07T00:34:49.000Z", "author_id": "1059922326421151744", "text": "@claraluzflores \u201cCon responsabilidad\u201d\u2026 traducci\u00f3n: se que ya perd\u00ed \ud83e\udd23\ud83e\udd23\ud83e\udd23\ud83e\udd23 \u00a1\u00a1a chingar a su madre Morena!! #MorenaSeVa #MorenaNoPuede #VotarEsDeChingones #VotaParaBotarlos", "id": "1401699131672965122", "referenced_tweets": [{"type": "replied_to", "id": "1401692802854047745"}], "public_metrics": {"retweet_count": 0, "reply_count": 0, "like_count": 0, "quote_count": 0}, "in_reply_to_user_id": "224678647"}, "includes": {"users": [{"public_metrics": {"followers_count": 1036, "following_count": 1637, "tweet_count": 37695, "listed_count": 2}, "name": "Dl. Balaur \ud83c\udde9\ud83c\uddf0\ud83c\uddee\ud83c\uddf1", "id": "1059922326421151744", "username": "CaptainBalaur", "verified": false, "created_at": "2018-11-06T21:35:49.000Z", "protected": false, "location": "\u05d9\u05e9\u05e8\u05d0\u05dc", "description": "Democracia + Populismo = Tiran\u00eda de Ignorantes. Haz Patria \ud83c\uddf2\ud83c\uddfd #VotoUtil. Es un HORROR y un ERROR estar con Obrador"}]}, "matching_rules": [{"id": 1401678016993017863, "tag": "Clara Luz"}]}