{"data": {"source": "Twitter Web App", "created_at": "2021-06-07T00:35:09.000Z", "author_id": "1481759436", "text": "Dice Clara Luz en milenio que es irresponsable salir a decir qu\u00e9 ya ganaron... que se lo diga a su dirigente Mario Delgado que sali\u00f3 a decir que ganaron y no mencion\u00f3 Nuevo Le\u00f3n. Mas bien perdi\u00f3. jajaja", "id": "1401699212752920576", "entities": {"annotations": [{"start": 5, "end": 13, "probability": 0.9609, "type": "Person", "normalized_text": "Clara Luz"}, {"start": 109, "end": 121, "probability": 0.9959, "type": "Person", "normalized_text": "Mario Delgado"}, {"start": 167, "end": 176, "probability": 0.2807, "type": "Place", "normalized_text": "Nuevo Le\u00f3n"}]}, "public_metrics": {"retweet_count": 0, "reply_count": 0, "like_count": 0, "quote_count": 0}}, "includes": {"users": [{"public_metrics": {"followers_count": 1510, "following_count": 1970, "tweet_count": 29473, "listed_count": 3}, "name": "L a u r a A r a n a", "id": "1481759436", "username": "MissArana_", "verified": false, "created_at": "2013-06-04T09:04:38.000Z", "protected": false, "location": "M\u00e9xico", "description": "#Periodista #Journalist Reportera \ud83c\uddf2\ud83c\uddfd/ Portal de Noticias Cita Textual @citatextualnews / El truco est\u00e1, en la inteligencia emocional \ud83d\ude0f\ud83d\ude0c\ud83d\ude09"}]}, "matching_rules": [{"id": 1401678016993017863, "tag": "Clara Luz"}]}