{"data": {"entities": {"mentions": [{"start": 5, "end": 21, "username": "AdrianDeLaGarza"}], "urls": [{"start": 60, "end": 83, "url": "https://t.co/Z89y80GcSy", "expanded_url": "https://twitter.com/jair5197/status/1401699281195646983/video/1", "display_url": "pic.twitter.com/Z89y80GcSy"}]}, "source": "Twitter for Android", "created_at": "2021-06-07T00:35:25.000Z", "author_id": "1006977827315462144", "attachments": {"media_keys": ["7_1401699200589602817"]}, "text": "Gan\u00f3 @AdrianDeLaGarza mi genteeeeeee \nA mamarlaaaaaaa \ud83d\udd25\ud83d\udd25\ud83d\udd25\ud83d\udd25\ud83d\udd25 https://t.co/Z89y80GcSy", "id": "1401699281195646983", "public_metrics": {"retweet_count": 0, "reply_count": 0, "like_count": 0, "quote_count": 0}}, "includes": {"users": [{"public_metrics": {"followers_count": 209, "following_count": 683, "tweet_count": 36177, "listed_count": 1}, "name": "GG\ud83e\udd37\ud83c\udffe\u200d\u2642\ufe0f", "id": "1006977827315462144", "username": "jair5197", "verified": false, "created_at": "2018-06-13T19:13:17.000Z", "protected": false, "description": "Tigres\ud83d\udc2f  Milan \ud83d\udd34\u26ab\ud83d\udd34\u26ab\ud83d\udd34\nNahuelista \ud83d\udc2f"}]}, "matching_rules": [{"id": 1401678016993017861, "tag": "Adrian de la Garza"}]}