{"data": {"entities": {"mentions": [{"start": 0, "end": 12, "username": "OrtizPChava"}, {"start": 13, "end": 29, "username": "AdrianDeLaGarza"}], "annotations": [{"start": 51, "end": 56, "probability": 0.8108, "type": "Person", "normalized_text": "Adri\u00e1n"}]}, "source": "Twitter for iPhone", "created_at": "2021-06-07T00:35:32.000Z", "author_id": "1387855934098132992", "text": "@OrtizPChava @AdrianDeLaGarza felicidades a mi lic Adri\u00e1n, sin duda alguna es el mejor! \ud83e\udd70", "id": "1401699309222076418", "referenced_tweets": [{"type": "replied_to", "id": "1401697875520749570"}], "public_metrics": {"retweet_count": 0, "reply_count": 0, "like_count": 0, "quote_count": 0}, "in_reply_to_user_id": "1401046549245747212"}, "includes": {"users": [{"public_metrics": {"followers_count": 110, "following_count": 96, "tweet_count": 1585, "listed_count": 0}, "name": "Laura Sanchez", "id": "1387855934098132992", "username": "Laurarttt", "verified": false, "created_at": "2021-04-29T19:47:07.000Z", "protected": false, "description": ""}]}, "matching_rules": [{"id": 1401678016993017861, "tag": "Adrian de la Garza"}]}