{"data": {"entities": {"mentions": [{"start": 0, "end": 12, "username": "Aury_Vargas"}, {"start": 13, "end": 28, "username": "samuel_garcias"}]}, "source": "Twitter for iPhone", "created_at": "2021-06-07T00:35:53.000Z", "author_id": "117582903", "text": "@Aury_Vargas @samuel_garcias Ya gan\u00f3???", "id": "1401699397415706625", "referenced_tweets": [{"type": "replied_to", "id": "1401692564563038216"}], "public_metrics": {"retweet_count": 0, "reply_count": 0, "like_count": 0, "quote_count": 0}, "in_reply_to_user_id": "108115291"}, "includes": {"users": [{"public_metrics": {"followers_count": 384, "following_count": 368, "tweet_count": 26584, "listed_count": 0}, "name": "EC\ud83c\udf49", "id": "117582903", "username": "maricuchisch", "verified": false, "created_at": "2010-02-26T00:21:58.000Z", "protected": false, "description": "\u2764\ufe0f"}]}, "matching_rules": [{"id": 1401678016993017864, "tag": "Samuel Garcia"}]}