{"data": {"entities": {"mentions": [{"start": 3, "end": 19, "username": "AdrianDeLaGarza"}], "urls": [{"start": 49, "end": 72, "url": "https://t.co/F1Hlt5v7K3", "expanded_url": "https://twitter.com/AdrianDeLaGarza/status/1401679458277412866/photo/1", "display_url": "pic.twitter.com/F1Hlt5v7K3"}]}, "source": "Twitter Web App", "created_at": "2021-06-07T00:37:41.000Z", "author_id": "150852236", "attachments": {"media_keys": ["3_1401679211857944584"]}, "text": "RT @AdrianDeLaGarza: \u00a1TODO VA A ESTAR BIEN! \ud83d\udcaa\ud83c\udffc\ud83d\udc4a\ud83c\udffc https://t.co/F1Hlt5v7K3", "id": "1401699850459230212", "referenced_tweets": [{"type": "retweeted", "id": "1401679458277412866"}], "public_metrics": {"retweet_count": 444, "reply_count": 0, "like_count": 0, "quote_count": 0}}, "includes": {"users": [{"public_metrics": {"followers_count": 2204, "following_count": 2873, "tweet_count": 925, "listed_count": 4}, "name": "Ali Black Soul \ud83d\udda4", "id": "150852236", "username": "GOBlackSoul", "verified": false, "created_at": "2010-06-02T00:26:43.000Z", "protected": false, "location": "Monterrey", "description": "Es mucho mejor caminar como loba solitaria en la direcci\u00f3n correcta, que seguir a la manada en la direcci\u00f3n incorrecta. #MujeresUnidas #Feministas \u2764\ufe0f #SDV"}]}, "matching_rules": [{"id": 1401678016993017861, "tag": "Adrian de la Garza"}]}