{"data": {"entities": {"mentions": [{"start": 0, "end": 9, "username": "mannuu11"}, {"start": 10, "end": 25, "username": "AsiEsMonterrey"}, {"start": 26, "end": 42, "username": "AdrianDeLaGarza"}, {"start": 43, "end": 59, "username": "FerLarrazabalNL"}, {"start": 60, "end": 74, "username": "samuelgarcias"}, {"start": 75, "end": 90, "username": "claraluzflores"}], "annotations": [{"start": 98, "end": 103, "probability": 0.9993, "type": "Person", "normalized_text": "Samuel"}, {"start": 107, "end": 112, "probability": 0.9985, "type": "Person", "normalized_text": "Adrian"}]}, "source": "Twitter for Android", "created_at": "2021-06-07T00:38:07.000Z", "author_id": "2645865059", "text": "@mannuu11 @AsiEsMonterrey @AdrianDeLaGarza @FerLarrazabalNL @samuelgarcias @claraluzflores Ambos. Samuel y Adrian no debieron de haberse declarado ganadores.", "id": "1401699959674707975", "referenced_tweets": [{"type": "replied_to", "id": "1401699478047014916"}], "public_metrics": {"retweet_count": 0, "reply_count": 0, "like_count": 0, "quote_count": 0}, "in_reply_to_user_id": "189652229"}, "includes": {"users": [{"public_metrics": {"followers_count": 64, "following_count": 675, "tweet_count": 661, "listed_count": 0}, "name": "Franco Wentz", "id": "2645865059", "username": "francowentz", "verified": false, "created_at": "2014-06-27T03:58:10.000Z", "protected": false, "description": "S\u00f3lo vine a reir."}]}, "matching_rules": [{"id": 1401678016993017862, "tag": "Fernando Larrazabal"}, {"id": 1401678016993017863, "tag": "Clara Luz"}, {"id": 1401678016993017861, "tag": "Adrian de la Garza"}]}