{"data": {"entities": {"mentions": [{"start": 3, "end": 16, "username": "alixestriker"}], "annotations": [{"start": 30, "end": 42, "probability": 0.9945, "type": "Person", "normalized_text": "Samuel Garcia"}, {"start": 45, "end": 57, "probability": 0.9932, "type": "Person", "normalized_text": "Alfredo Adame"}]}, "source": "Twitter for Android", "created_at": "2021-06-07T00:39:11.000Z", "author_id": "374142202", "text": "RT @alixestriker: Ojal\u00e1 gane; Samuel Garcia, Alfredo Adame y Tinieblas para que se les quite a ustedes lo pendejo.", "id": "1401700227384500231", "referenced_tweets": [{"type": "retweeted", "id": "1401646860293529602"}], "public_metrics": {"retweet_count": 35, "reply_count": 0, "like_count": 0, "quote_count": 0}}, "includes": {"users": [{"public_metrics": {"followers_count": 2482, "following_count": 430, "tweet_count": 3378, "listed_count": 19}, "name": "Mirrey Panda \ud83d\udc3c", "id": "374142202", "username": "MirreyPetacon", "verified": false, "created_at": "2011-09-15T19:44:44.000Z", "protected": false, "location": "Cuautitl\u00e1n Izcalli, M\u00e9xico", "description": "Gordo, feo, prieto, pobre.\nRey de los typos.\nEl mesero mas guapo de mi colonia.            \n\n\n     301015 \ud83d\udc94 070120"}]}, "matching_rules": [{"id": 1401678016993017864, "tag": "Samuel Garcia"}]}