{"data": {"entities": {"mentions": [{"start": 0, "end": 8, "username": "ZMyBerg"}, {"start": 9, "end": 22, "username": "Amada_Raquel"}, {"start": 23, "end": 39, "username": "FerLarrazabalNL"}, {"start": 40, "end": 56, "username": "AdrianDeLaGarza"}], "annotations": [{"start": 79, "end": 88, "probability": 0.7984, "type": "Place", "normalized_text": "Nuevo Le\u00f3n"}, {"start": 93, "end": 101, "probability": 0.4998, "type": "Person", "normalized_text": "Samuelito"}]}, "source": "Twitter for Android", "created_at": "2021-06-07T00:39:12.000Z", "author_id": "1236174960877420544", "text": "@ZMyBerg @Amada_Raquel @FerLarrazabalNL @AdrianDeLaGarza Si sabes c\u00f3mo aqu\u00ed en Nuevo Le\u00f3n,el Samuelito dice que gan\u00f3", "id": "1401700233092993026", "referenced_tweets": [{"type": "replied_to", "id": "1401682421146398720"}], "public_metrics": {"retweet_count": 0, "reply_count": 0, "like_count": 0, "quote_count": 0}, "in_reply_to_user_id": "1322571595458772997"}, "includes": {"users": [{"public_metrics": {"followers_count": 582, "following_count": 868, "tweet_count": 53662, "listed_count": 1}, "name": "\u00d3scar Rdz.", "id": "1236174960877420544", "username": "scar56627397", "verified": false, "created_at": "2020-03-07T06:21:01.000Z", "protected": false, "location": "Monterrey, Nuevo Le\u00f3n", "description": "artesano, Antiamlo"}]}, "matching_rules": [{"id": 1401678016993017862, "tag": "Fernando Larrazabal"}, {"id": 1401678016993017861, "tag": "Adrian de la Garza"}]}