{"data": {"entities": {"mentions": [{"start": 3, "end": 16, "username": "Pamelita0321"}, {"start": 26, "end": 41, "username": "samuel_garcias"}]}, "source": "Twitter for Android", "created_at": "2021-06-07T00:39:39.000Z", "author_id": "2416609134", "text": "RT @Pamelita0321: Si gana @samuel_garcias en nuevo leon me dar\u00e1 un chingo de verg\u00fcenza por mi estado. Buscar\u00e9 otro que me adopte. \ud83d\ude2d\ud83d\ude2d\ud83d\ude2d", "id": "1401700347823939585", "referenced_tweets": [{"type": "retweeted", "id": "1401465811844407298"}], "public_metrics": {"retweet_count": 681, "reply_count": 0, "like_count": 0, "quote_count": 0}}, "includes": {"users": [{"public_metrics": {"followers_count": 1886, "following_count": 3032, "tweet_count": 36955, "listed_count": 4}, "name": "Cristy #REDAMLOVE", "id": "2416609134", "username": "CSupervision", "verified": false, "created_at": "2014-03-28T23:47:33.000Z", "protected": false, "description": ""}]}, "matching_rules": [{"id": 1401678016993017864, "tag": "Samuel Garcia"}]}