{"data": {"entities": {"hashtags": [{"start": 18, "end": 33, "tag": "Elecciones2021"}], "mentions": [{"start": 3, "end": 14, "username": "telediario"}, {"start": 105, "end": 120, "username": "samuel_garcias"}], "annotations": [{"start": 51, "end": 70, "probability": 0.699, "type": "Organization", "normalized_text": "Movimiento Ciudadano"}, {"start": 94, "end": 103, "probability": 0.6203, "type": "Place", "normalized_text": "Nuevo Le\u00f3n"}]}, "source": "Twitter for Android", "created_at": "2021-06-07T00:40:25.000Z", "author_id": "1210280636713320448", "text": "RT @telediario: \ud83d\udde3 #Elecciones2021 El candidato de Movimiento Ciudadano por la gubernatura de Nuevo Le\u00f3n, @samuel_garcias, asegura una victo\u2026", "id": "1401700538031423492", "referenced_tweets": [{"type": "retweeted", "id": "1401698603647778819"}], "public_metrics": {"retweet_count": 4, "reply_count": 0, "like_count": 0, "quote_count": 0}}, "includes": {"users": [{"public_metrics": {"followers_count": 138, "following_count": 205, "tweet_count": 119037, "listed_count": 0}, "name": "Alberto", "id": "1210280636713320448", "username": "Luis62358867", "verified": false, "created_at": "2019-12-26T19:26:14.000Z", "protected": false, "description": "trabajando en Uber"}]}, "matching_rules": [{"id": 1401678016993017864, "tag": "Samuel Garcia"}]}