{"data": {"entities": {"mentions": [{"start": 3, "end": 11, "username": "jjjt000"}]}, "source": "Twitter for iPhone", "created_at": "2021-06-07T00:40:41.000Z", "author_id": "83907074", "text": "RT @jjjt000: mi abuelo quer\u00eda votar x clara luz y pos nimoro a esconderle la ine", "id": "1401700605966655492", "referenced_tweets": [{"type": "retweeted", "id": "1401571779190177795"}], "public_metrics": {"retweet_count": 108, "reply_count": 0, "like_count": 0, "quote_count": 0}}, "includes": {"users": [{"public_metrics": {"followers_count": 245, "following_count": 356, "tweet_count": 2301, "listed_count": 0}, "name": "jorge alberto gomez", "id": "83907074", "username": "jorge721", "verified": false, "created_at": "2009-10-20T19:19:22.000Z", "protected": false, "location": "Monterrey", "description": "No mires hacia atras ! Aun no has visto nada.ANTI AMLO"}]}, "matching_rules": [{"id": 1401678016993017863, "tag": "Clara Luz"}]}