{"data": {"entities": {"mentions": [{"start": 3, "end": 19, "username": "MorenaSalazar00"}, {"start": 70, "end": 85, "username": "samuel_garcias"}]}, "source": "Twitter Web App", "created_at": "2021-06-07T00:40:52.000Z", "author_id": "2551849994", "text": "RT @MorenaSalazar00: Por lo visto, los gringos ya tienen al t\u00edtere de @samuel_garcias para que la droga y las armas  pasen sin problema alg\u2026", "id": "1401700650996563968", "referenced_tweets": [{"type": "retweeted", "id": "1401699458065309696"}], "public_metrics": {"retweet_count": 7, "reply_count": 0, "like_count": 0, "quote_count": 0}}, "includes": {"users": [{"public_metrics": {"followers_count": 5153, "following_count": 5167, "tweet_count": 287161, "listed_count": 110}, "name": "sergio alan salazar munguia", "id": "2551849994", "username": "checoalan73", "verified": false, "created_at": "2014-06-07T05:45:36.000Z", "protected": false, "location": "Mexico", "description": "morena, unam, cowboys, dolphins, celtics, yankees, starts, star wars, marvel, liga de la justicia, verdad, igualdad, equidad y hasta el Infinito y mas alla"}]}, "matching_rules": [{"id": 1401678016993017864, "tag": "Samuel Garcia"}]}