{"data": {"entities": {"mentions": [{"start": 3, "end": 12, "username": "LCUgalde"}, {"start": 48, "end": 63, "username": "samuel_garcias"}], "annotations": [{"start": 86, "end": 95, "probability": 0.916, "type": "Place", "normalized_text": "Nuevo Le\u00f3n"}]}, "source": "Twitter for Android", "created_at": "2021-06-07T00:42:27.000Z", "author_id": "402919849", "text": "RT @LCUgalde: Ya empez\u00f3 la irresponsabilidad. \n\n@samuel_garcias se declara ganador en Nuevo Le\u00f3n. \n\nSi va arriba, \u00bfcu\u00e1l es la prisa? \n\nY ll\u2026", "id": "1401701051984711680", "referenced_tweets": [{"type": "retweeted", "id": "1401678219040940032"}], "public_metrics": {"retweet_count": 194, "reply_count": 0, "like_count": 0, "quote_count": 0}}, "includes": {"users": [{"public_metrics": {"followers_count": 3168, "following_count": 3381, "tweet_count": 29975, "listed_count": 0}, "name": "Alexo", "id": "402919849", "username": "AleMalpi", "verified": false, "created_at": "2011-11-01T19:22:40.000Z", "protected": false, "location": "M\u00e9xico \ud83c\uddf2\ud83c\uddfd", "description": "Ingeniero de profesi\u00f3n y Puma de coraz\u00f3n!!! \ud83c\uddf2\ud83c\uddfd, fan de la F1 \ud83c\udfce Amlof\u00f3bico. Carpe diem"}]}, "matching_rules": [{"id": 1401678016993017864, "tag": "Samuel Garcia"}]}