{"data": {"entities": {"mentions": [{"start": 40, "end": 56, "username": "AdrianDeLaGarza"}], "urls": [{"start": 117, "end": 140, "url": "https://t.co/JEd6Ouv0T3", "expanded_url": "https://twitter.com/elnorte/status/1401699634117058566", "display_url": "twitter.com/elnorte/status\u2026"}]}, "source": "Twitter for Android", "created_at": "2021-06-07T00:42:50.000Z", "author_id": "988098121", "text": "La misma secci\u00f3n que fue invalidada por @AdrianDeLaGarza cuando perdi\u00f3 el primer conteo por la alcald\u00eda hacr 3 a\u00f1os. https://t.co/JEd6Ouv0T3", "id": "1401701145605771268", "referenced_tweets": [{"type": "quoted", "id": "1401699634117058566"}], "public_metrics": {"retweet_count": 0, "reply_count": 0, "like_count": 0, "quote_count": 0}}, "includes": {"users": [{"public_metrics": {"followers_count": 220, "following_count": 480, "tweet_count": 34290, "listed_count": 3}, "name": "La mano de oro", "id": "988098121", "username": "juandness", "verified": false, "created_at": "2012-12-04T05:25:56.000Z", "protected": false, "description": "no me gusta el menudo pero a menudo me gustas t\u00fa\n\nhttps://t.co/hU6fPbjUEc"}]}, "matching_rules": [{"id": 1401678016993017861, "tag": "Adrian de la Garza"}]}