{"data": {"entities": {"mentions": [{"start": 3, "end": 12, "username": "vijara12"}, {"start": 14, "end": 22, "username": "ZMyBerg"}, {"start": 23, "end": 39, "username": "FerLarrazabalNL"}, {"start": 40, "end": 56, "username": "AdrianDeLaGarza"}, {"start": 90, "end": 102, "username": "MarkoCortes"}]}, "source": "Twitter for iPhone", "created_at": "2021-06-07T00:43:25.000Z", "author_id": "4434235637", "text": "RT @vijara12: @ZMyBerg @FerLarrazabalNL @AdrianDeLaGarza Va la primera... chingatumadre   @MarkoCortes  \n\u00a1\u00a1\u00a1 debiste declinar para el pri!!!", "id": "1401701292590895105", "referenced_tweets": [{"type": "retweeted", "id": "1401691053401460737"}], "public_metrics": {"retweet_count": 6, "reply_count": 0, "like_count": 0, "quote_count": 0}}, "includes": {"users": [{"public_metrics": {"followers_count": 31009, "following_count": 16636, "tweet_count": 234480, "listed_count": 30}, "name": "Festival Alegria", "id": "4434235637", "username": "FestivalChin", "verified": false, "created_at": "2015-12-10T05:24:26.000Z", "protected": false, "description": ""}]}, "matching_rules": [{"id": 1401678016993017862, "tag": "Fernando Larrazabal"}, {"id": 1401678016993017861, "tag": "Adrian de la Garza"}]}