{"data": {"entities": {"mentions": [{"start": 3, "end": 19, "username": "PrincessGaalaxy"}], "urls": [{"start": 62, "end": 85, "url": "https://t.co/xKyHtenLzP", "expanded_url": "https://twitter.com/z_syndicate/status/1266955319877554177/video/1", "display_url": "pic.twitter.com/xKyHtenLzP"}], "annotations": [{"start": 38, "end": 50, "probability": 0.9814, "type": "Person", "normalized_text": "samuel garcia"}]}, "source": "Twitter for Android", "created_at": "2021-06-07T00:43:27.000Z", "author_id": "1267252464606236672", "attachments": {"media_keys": ["7_1266955283915513861"]}, "text": "RT @PrincessGaalaxy: Rezando para que samuel garcia no gane \n https://t.co/xKyHtenLzP", "id": "1401701301185036297", "referenced_tweets": [{"type": "retweeted", "id": "1401626169179508739"}], "public_metrics": {"retweet_count": 338, "reply_count": 0, "like_count": 0, "quote_count": 0}}, "includes": {"users": [{"public_metrics": {"followers_count": 0, "following_count": 120, "tweet_count": 456, "listed_count": 0}, "name": "Erubey Blanco", "id": "1267252464606236672", "username": "EddieEB13", "verified": false, "created_at": "2020-06-01T00:31:56.000Z", "protected": false, "description": ""}]}, "matching_rules": [{"id": 1401678016993017864, "tag": "Samuel Garcia"}]}