{"data": {"entities": {"mentions": [{"start": 3, "end": 17, "username": "javiersolis70"}, {"start": 19, "end": 27, "username": "ZMyBerg"}, {"start": 28, "end": 41, "username": "CanalesMatia"}, {"start": 42, "end": 58, "username": "FerLarrazabalNL"}, {"start": 59, "end": 75, "username": "AdrianDeLaGarza"}], "annotations": [{"start": 127, "end": 131, "probability": 0.7877, "type": "Person", "normalized_text": "marco"}]}, "source": "Twitter for Android", "created_at": "2021-06-07T00:43:53.000Z", "author_id": "940682179549581313", "text": "RT @javiersolis70: @ZMyBerg @CanalesMatia @FerLarrazabalNL @AdrianDeLaGarza Queda claro que lo tiene agarrado de los tanates a marco as\u00ed qu\u2026", "id": "1401701412627693571", "referenced_tweets": [{"type": "retweeted", "id": "1401693540296663044"}], "public_metrics": {"retweet_count": 1, "reply_count": 0, "like_count": 0, "quote_count": 0}}, "includes": {"users": [{"public_metrics": {"followers_count": 2633, "following_count": 1172, "tweet_count": 170013, "listed_count": 3}, "name": "Matia Guadalupe Canales Guevara", "id": "940682179549581313", "username": "CanalesMatia", "verified": false, "created_at": "2017-12-12T20:38:03.000Z", "protected": false, "description": ""}]}, "matching_rules": [{"id": 1401678016993017862, "tag": "Fernando Larrazabal"}, {"id": 1401678016993017861, "tag": "Adrian de la Garza"}]}