{"data": {"entities": {"mentions": [{"start": 0, "end": 11, "username": "a_chatly69"}, {"start": 12, "end": 28, "username": "AdrianDeLaGarza"}]}, "source": "Twitter for iPhone", "created_at": "2021-06-07T00:44:04.000Z", "author_id": "68054287", "text": "@a_chatly69 @AdrianDeLaGarza En la primera del prep gan\u00f3", "id": "1401701456454033409", "referenced_tweets": [{"type": "replied_to", "id": "1401701303428988928"}], "public_metrics": {"retweet_count": 0, "reply_count": 0, "like_count": 0, "quote_count": 0}, "in_reply_to_user_id": "698178979635679232"}, "includes": {"users": [{"public_metrics": {"followers_count": 89287, "following_count": 254, "tweet_count": 32658, "listed_count": 99}, "name": "Nina Morales \ud83d\udc9c", "id": "68054287", "username": "ninamoraless", "verified": false, "created_at": "2009-08-23T02:54:57.000Z", "protected": false, "location": "Monterrey Nuevo Leon ", "description": "Doctora Coraz\u00f3n \ud83d\udc69\ud83c\udfff\u200d\u2695\ufe0f Tigre \ud83d\udc2f Vaquera\u2b50\ufe0f Sult\u00e1n \u26be\ufe0f Redsox \ud83e\udde6RM\ud83d\udc51 karinamorales0405@gmail.com"}]}, "matching_rules": [{"id": 1401678016993017861, "tag": "Adrian de la Garza"}]}