{"data": {"entities": {"mentions": [{"start": 0, "end": 10, "username": "Rodomart2"}, {"start": 11, "end": 22, "username": "AlvarJaime"}, {"start": 23, "end": 39, "username": "FerLarrazabalNL"}, {"start": 40, "end": 56, "username": "AdrianDeLaGarza"}]}, "source": "Twitter for iPhone", "created_at": "2021-06-07T00:44:20.000Z", "author_id": "831982349571260421", "text": "@Rodomart2 @AlvarJaime @FerLarrazabalNL @AdrianDeLaGarza Suscribo!!", "id": "1401701525127315459", "referenced_tweets": [{"type": "replied_to", "id": "1401701391521955844"}], "public_metrics": {"retweet_count": 0, "reply_count": 0, "like_count": 0, "quote_count": 0}, "in_reply_to_user_id": "1284301635875823619"}, "includes": {"users": [{"public_metrics": {"followers_count": 2735, "following_count": 2854, "tweet_count": 13536, "listed_count": 3}, "name": "Pedro D P\u00e9rez\ud83d\udd8b", "id": "831982349571260421", "username": "pdalmacio01", "verified": false, "created_at": "2017-02-15T21:43:44.000Z", "protected": false, "location": "No soy de aqui, ni soy de alla", "description": "No andar\u00e9 bajo tierra, tan s\u00f3lo porque la muerte ande cerca. No provocar\u00e9 mi propia muerte, cuando vaya a mi tumba ir\u00e9 con la frente en alto..."}]}, "matching_rules": [{"id": 1401678016993017862, "tag": "Fernando Larrazabal"}, {"id": 1401678016993017861, "tag": "Adrian de la Garza"}]}