{"data": {"entities": {"mentions": [{"start": 3, "end": 19, "username": "AdrianDeLaGarza"}], "urls": [{"start": 49, "end": 72, "url": "https://t.co/F1Hlt5v7K3", "expanded_url": "https://twitter.com/AdrianDeLaGarza/status/1401679458277412866/photo/1", "display_url": "pic.twitter.com/F1Hlt5v7K3"}]}, "source": "Twitter for Android", "created_at": "2021-06-07T00:44:29.000Z", "author_id": "2355758892", "attachments": {"media_keys": ["3_1401679211857944584"]}, "text": "RT @AdrianDeLaGarza: \u00a1TODO VA A ESTAR BIEN! \ud83d\udcaa\ud83c\udffc\ud83d\udc4a\ud83c\udffc https://t.co/F1Hlt5v7K3", "id": "1401701560867082243", "referenced_tweets": [{"type": "retweeted", "id": "1401679458277412866"}], "public_metrics": {"retweet_count": 471, "reply_count": 0, "like_count": 0, "quote_count": 0}}, "includes": {"users": [{"public_metrics": {"followers_count": 1583, "following_count": 3074, "tweet_count": 13930, "listed_count": 2}, "name": "Andre", "id": "2355758892", "username": "AndreHicksTS", "verified": false, "created_at": "2014-02-22T04:18:57.000Z", "protected": false, "description": "Anti-AMLO. En favor de las mujeres de este pa\u00eds al que el presidente desprecia. En favor de cambiar esta 4T que nos est\u00e1 llevando, ahora si, al despe\u00f1adero."}]}, "matching_rules": [{"id": 1401678016993017861, "tag": "Adrian de la Garza"}]}