{"data": {"entities": {"mentions": [{"start": 3, "end": 11, "username": "jjjt000"}]}, "source": "Twitter for iPhone", "created_at": "2021-06-07T00:44:40.000Z", "author_id": "1056892400520622082", "text": "RT @jjjt000: mi abuelo quer\u00eda votar x clara luz y pos nimoro a esconderle la ine", "id": "1401701608291975171", "referenced_tweets": [{"type": "retweeted", "id": "1401571779190177795"}], "public_metrics": {"retweet_count": 113, "reply_count": 0, "like_count": 0, "quote_count": 0}}, "includes": {"users": [{"public_metrics": {"followers_count": 129, "following_count": 278, "tweet_count": 3602, "listed_count": 0}, "name": "Ma Guadalupe Carrillo", "id": "1056892400520622082", "username": "MaGuada48828046", "verified": false, "created_at": "2018-10-29T12:55:59.000Z", "protected": false, "description": ""}]}, "matching_rules": [{"id": 1401678016993017863, "tag": "Clara Luz"}]}