{"data": {"entities": {"mentions": [{"start": 0, "end": 15, "username": "samuel_garcias"}], "annotations": [{"start": 27, "end": 35, "probability": 0.9106, "type": "Product", "normalized_text": "Instagram"}]}, "source": "Twitter for Android", "created_at": "2021-06-07T00:44:46.000Z", "author_id": "347907284", "text": "@samuel_garcias Fuente: mi Instagram.\n\nNo mamar con los chairos naranjas...\ud83d\ude44\ud83d\ude44\ud83d\ude44", "id": "1401701633374015489", "context_annotations": [{"domain": {"id": "46", "name": "Brand Category", "description": "Categories within Brand Verticals that narrow down the scope of Brands"}, "entity": {"id": "781974596752842752", "name": "Services"}}, {"domain": {"id": "47", "name": "Brand", "description": "Brands and Companies"}, "entity": {"id": "10041893684", "name": "Instagram"}}], "referenced_tweets": [{"type": "replied_to", "id": "1401686737911353344"}], "public_metrics": {"retweet_count": 1, "reply_count": 0, "like_count": 0, "quote_count": 0}, "in_reply_to_user_id": "258973851"}, "includes": {"users": [{"public_metrics": {"followers_count": 4555, "following_count": 5002, "tweet_count": 56773, "listed_count": 5}, "name": "Sebasti\u00e1n Romero \ud83c\uddf2\ud83c\uddfd\ud83c\uddea\ud83c\uddf8 #VaPorMexico", "id": "347907284", "username": "mazacuato", "verified": false, "created_at": "2011-08-03T15:20:45.000Z", "protected": false, "location": "Monterrey, Mexico", "description": "La vida solo se vive una vez...VIVE HOY !!! Aunque haya que luchar contra gigantes disfrazados de molinos de viento, y realidades que no se ajustan a tus sue\u00f1os"}]}, "matching_rules": [{"id": 1401678016993017864, "tag": "Samuel Garcia"}]}