{"data": {"entities": {"mentions": [{"start": 0, "end": 14, "username": "AlvarezMaynez"}, {"start": 15, "end": 30, "username": "samuel_garcias"}]}, "source": "Twitter for iPhone", "created_at": "2021-06-07T00:45:13.000Z", "author_id": "246415540", "text": "@AlvarezMaynez @samuel_garcias Habr\u00eda que esperar al ine", "id": "1401701747232493568", "referenced_tweets": [{"type": "replied_to", "id": "1401676551276666880"}], "public_metrics": {"retweet_count": 0, "reply_count": 0, "like_count": 0, "quote_count": 0}, "in_reply_to_user_id": "201171691"}, "includes": {"users": [{"public_metrics": {"followers_count": 2121, "following_count": 3752, "tweet_count": 76223, "listed_count": 15}, "name": "juan carlos", "id": "246415540", "username": "jccf0909", "verified": false, "created_at": "2011-02-02T19:06:05.000Z", "protected": false, "location": "Monterrey, Mexico", "description": "\u0f68\u0f7c\u0f7e\u0f0b\u0f58\u0f0b\u0f4e\u0f72\u0f0b\u0f54\u0f0b\u0f51\u0fa8\u0f7a\u0f0b\u0f67\u0f71\u0f74\u0f83\u0f0d"}]}, "matching_rules": [{"id": 1401678016993017864, "tag": "Samuel Garcia"}]}