{"data": {"entities": {"mentions": [{"start": 3, "end": 15, "username": "luisghernan"}, {"start": 30, "end": 46, "username": "PartidoMorenaMx"}]}, "source": "Twitter Web App", "created_at": "2021-06-07T00:45:16.000Z", "author_id": "1077684347128479744", "text": "RT @luisghernan: CAMPANAZO DE @PartidoMorenaMx\n\n\ud83d\udd25Se llevar\u00eda 10 de 15 gubernaturas: Morena es ya partido dominante en el pa\u00eds\n\n\ud83d\udd25Estrepitoso\u2026", "id": "1401701758519414786", "referenced_tweets": [{"type": "retweeted", "id": "1401701209354825733"}], "public_metrics": {"retweet_count": 19, "reply_count": 0, "like_count": 0, "quote_count": 0}}, "includes": {"users": [{"public_metrics": {"followers_count": 154, "following_count": 313, "tweet_count": 8222, "listed_count": 0}, "name": "Chelena", "id": "1077684347128479744", "username": "Chelena37966266", "verified": false, "created_at": "2018-12-25T21:55:45.000Z", "protected": false, "description": "De izquierda de coraz\u00f3n, detesto la injusticia, racismo y clasismo. Siguiendo a gente inteligente."}]}, "matching_rules": [{"id": 1401678016993017863, "tag": "Clara Luz"}]}