{"data": {"entities": {"mentions": [{"start": 3, "end": 19, "username": "Guiller01801607"}], "annotations": [{"start": 30, "end": 42, "probability": 0.9831, "type": "Person", "normalized_text": "Samuel Garcia"}, {"start": 46, "end": 58, "probability": 0.9953, "type": "Person", "normalized_text": "Alfredo Adame"}]}, "source": "Twitter Web App", "created_at": "2021-06-07T00:45:34.000Z", "author_id": "110518977", "text": "RT @Guiller01801607: Si ganan Samuel Garcia y Alfredo Adame ahora si les devolver\u00e9 todas las mentadas de madre que recib\u00ed cuando fui su Lor\u2026", "id": "1401701835950505986", "referenced_tweets": [{"type": "retweeted", "id": "1401655554548899843"}], "public_metrics": {"retweet_count": 53, "reply_count": 0, "like_count": 0, "quote_count": 0}}, "includes": {"users": [{"public_metrics": {"followers_count": 5593, "following_count": 86, "tweet_count": 224906, "listed_count": 75}, "name": "Berna", "id": "110518977", "username": "Berna_BM", "verified": false, "created_at": "2010-02-01T20:56:24.000Z", "protected": false, "description": "#MarketingOnline\n#BeBest \n#SocialMedia\n#Frabricante \n#Comerciante"}]}, "matching_rules": [{"id": 1401678016993017864, "tag": "Samuel Garcia"}]}