{"data": {"entities": {"mentions": [{"start": 3, "end": 15, "username": "luisghernan"}, {"start": 32, "end": 47, "username": "claraluzflores"}, {"start": 93, "end": 109, "username": "PartidoMorenaMx"}]}, "source": "Twitter for Android", "created_at": "2021-06-07T00:46:06.000Z", "author_id": "3168964376", "text": "RT @luisghernan: Esta noche...\n\n@claraluzflores se convierte en el \n\nFRACASO M\u00c1S GRANDE \n\nde @PartidoMorenaMx \n\nSe hunde hasta el CUARTO LU\u2026", "id": "1401701970046509056", "referenced_tweets": [{"type": "retweeted", "id": "1401682306738294785"}], "public_metrics": {"retweet_count": 109, "reply_count": 0, "like_count": 0, "quote_count": 0}}, "includes": {"users": [{"public_metrics": {"followers_count": 659, "following_count": 936, "tweet_count": 57755, "listed_count": 0}, "name": "Juan Carlos Ch\u00e1vez", "id": "3168964376", "username": "jcchavez_6870", "verified": false, "created_at": "2015-04-23T15:49:43.000Z", "protected": false, "description": ""}]}, "matching_rules": [{"id": 1401678016993017863, "tag": "Clara Luz"}]}