{"data": {"source": "Twitter for iPhone", "created_at": "2021-06-07T00:46:27.000Z", "author_id": "341196280", "text": "samuel garcia es el we que tiene 0 kills 0 assists 15 de da\u00f1o pero llega al \u00faltimo circulo", "id": "1401702059313934342", "entities": {"annotations": [{"start": 0, "end": 12, "probability": 0.9784, "type": "Person", "normalized_text": "samuel garcia"}]}, "referenced_tweets": [{"type": "replied_to", "id": "1401701707793436681"}], "public_metrics": {"retweet_count": 0, "reply_count": 0, "like_count": 0, "quote_count": 0}, "in_reply_to_user_id": "341196280"}, "includes": {"users": [{"public_metrics": {"followers_count": 1406, "following_count": 269, "tweet_count": 41670, "listed_count": 13}, "name": "aldrich is currently drinking coffee and having a", "id": "341196280", "username": "badvibesforever", "verified": false, "created_at": "2011-07-23T23:53:04.000Z", "protected": false, "description": "@lonelyafterlife"}]}, "matching_rules": [{"id": 1401678016993017864, "tag": "Samuel Garcia"}]}