{"data": {"entities": {"hashtags": [{"start": 14, "end": 21, "tag": "Meta21"}, {"start": 61, "end": 71, "tag": "NuevoLe\u00f3n"}], "mentions": [{"start": 3, "end": 12, "username": "azucenau"}]}, "source": "Twitter for iPhone", "created_at": "2021-06-07T00:46:36.000Z", "author_id": "1050401644767105024", "text": "RT @azucenau: #Meta21 | \"Nos hemos llevado la gubernatura de #NuevoLe\u00f3n pero esperaremos que sea el instituto el que ratifique nuestro triu\u2026", "id": "1401702096148258818", "referenced_tweets": [{"type": "retweeted", "id": "1401696544819236869"}], "public_metrics": {"retweet_count": 12, "reply_count": 0, "like_count": 0, "quote_count": 0}}, "includes": {"users": [{"public_metrics": {"followers_count": 22, "following_count": 198, "tweet_count": 11830, "listed_count": 0}, "name": "Saul Martinez", "id": "1050401644767105024", "username": "SaulMar51450218", "verified": false, "created_at": "2018-10-11T15:04:02.000Z", "protected": false, "description": ""}]}, "matching_rules": [{"id": 1401678016993017861, "tag": "Adrian de la Garza"}]}