{"data": {"entities": {"mentions": [{"start": 3, "end": 19, "username": "octaviohalvarez"}], "annotations": [{"start": 38, "end": 47, "probability": 0.7814, "type": "Place", "normalized_text": "Nuevo Le\u00f3n"}, {"start": 50, "end": 58, "probability": 0.9515, "type": "Person", "normalized_text": "Clara Luz"}]}, "source": "Twitter for iPhone", "created_at": "2021-06-07T00:46:47.000Z", "author_id": "41016667", "text": "RT @octaviohalvarez: Entonces qu\u00e9? En Nuevo Le\u00f3n, Clara Luz perdi\u00f3 por culpa de los que criticamos su candidatura?\nO ya est\u00e1n listos para t\u2026", "id": "1401702139655827456", "referenced_tweets": [{"type": "retweeted", "id": "1401699793907372040"}], "public_metrics": {"retweet_count": 11, "reply_count": 0, "like_count": 0, "quote_count": 0}}, "includes": {"users": [{"public_metrics": {"followers_count": 632, "following_count": 1340, "tweet_count": 33527, "listed_count": 0}, "name": "Maica Sol Chairovska", "id": "41016667", "username": "MaicaSol", "verified": false, "created_at": "2009-05-19T00:56:53.000Z", "protected": false, "location": "Mexico", "description": ""}]}, "matching_rules": [{"id": 1401678016993017863, "tag": "Clara Luz"}]}