{"data": {"entities": {"mentions": [{"start": 0, "end": 13, "username": "JesusChuyCon"}, {"start": 14, "end": 29, "username": "samuel_garcias"}, {"start": 30, "end": 46, "username": "AdrianDeLaGarza"}], "annotations": [{"start": 80, "end": 89, "probability": 0.4677, "type": "Place", "normalized_text": "Nuevo Le\u00f3n"}, {"start": 110, "end": 122, "probability": 0.9992, "type": "Person", "normalized_text": "Samuel Garc\u00eda"}]}, "source": "Twitter for Android", "created_at": "2021-06-07T00:46:52.000Z", "author_id": "1401046549245747212", "text": "@JesusChuyCon @samuel_garcias @AdrianDeLaGarza Nos quieren robar la elecci\u00f3n de Nuevo Le\u00f3n, no se vale, obvio Samuel Garc\u00eda es quien est\u00e1 detr\u00e1s", "id": "1401702164045524992", "referenced_tweets": [{"type": "replied_to", "id": "1401701447272697860"}], "public_metrics": {"retweet_count": 0, "reply_count": 0, "like_count": 0, "quote_count": 0}, "in_reply_to_user_id": "1397008849958227968"}, "includes": {"users": [{"public_metrics": {"followers_count": 58, "following_count": 343, "tweet_count": 352, "listed_count": 0}, "name": "Chava Ortiz", "id": "1401046549245747212", "username": "OrtizPChava", "verified": false, "created_at": "2021-06-05T05:21:51.000Z", "protected": false, "description": "Me cerraron mi cuenta anterior :("}]}, "matching_rules": [{"id": 1401678016993017864, "tag": "Samuel Garcia"}, {"id": 1401678016993017861, "tag": "Adrian de la Garza"}]}