{"data": {"entities": {"mentions": [{"start": 3, "end": 11, "username": "ZMyBerg"}, {"start": 26, "end": 42, "username": "FerLarrazabalNL"}], "annotations": [{"start": 77, "end": 86, "probability": 0.8332, "type": "Place", "normalized_text": "Nuevo Le\u00f3n"}]}, "source": "Twitter for Android", "created_at": "2021-06-07T00:47:16.000Z", "author_id": "160241847", "text": "RT @ZMyBerg: Se los dije. @FerLarrazabalNL se va hasta la cuarta posici\u00f3n en Nuevo Le\u00f3n. Pinches panistas necios que no saben jugar en equi\u2026", "id": "1401702262741798914", "referenced_tweets": [{"type": "retweeted", "id": "1401682421146398720"}], "public_metrics": {"retweet_count": 186, "reply_count": 0, "like_count": 0, "quote_count": 0}}, "includes": {"users": [{"public_metrics": {"followers_count": 8182, "following_count": 1643, "tweet_count": 125105, "listed_count": 13}, "name": "Werita", "id": "160241847", "username": "lostwithdragons", "verified": false, "created_at": "2010-06-27T16:20:55.000Z", "protected": false, "location": "Rep\u00fablica de Fifidonia", "description": "Asistente personal de @PKSsoy @BaksLive @Lizgottik\n\nFan #1 @SimonDePiedra"}]}, "matching_rules": [{"id": 1401678016993017862, "tag": "Fernando Larrazabal"}, {"id": 1401678016993017861, "tag": "Adrian de la Garza"}]}