{"data": {"entities": {"mentions": [{"start": 3, "end": 14, "username": "javazquezv"}, {"start": 68, "end": 83, "username": "samuel_garcias"}]}, "source": "Twitter for Android", "created_at": "2021-06-07T00:49:00.000Z", "author_id": "30419875", "text": "RT @javazquezv: \u201cManos le van a faltar al licenciado de la garza\u201d \n\n@samuel_garcias", "id": "1401702700551704577", "referenced_tweets": [{"type": "retweeted", "id": "1401700852092571657"}], "public_metrics": {"retweet_count": 1, "reply_count": 0, "like_count": 0, "quote_count": 0}}, "includes": {"users": [{"public_metrics": {"followers_count": 622, "following_count": 291, "tweet_count": 76918, "listed_count": 20}, "name": "\u00a1\u1d07\u029f \u1d0d\u1d07\u0274\ua731\u1d00\u1d0a\u1d07\u0280\u1d0f \u1d05\u1d07\u029f \ua731\u1d00\u0299\u1d0f\u0280, \u1d07\u029f \u1d0d\u1d07\u0274\ua731\u1d00\u1d0a\u1d07\u0280\u1d0f!", "id": "30419875", "username": "cecilindro", "verified": false, "created_at": "2009-04-11T07:59:50.000Z", "protected": false, "location": "Monterrey, Mx.", "description": "Mi persona @kiiimchipop. Naturalizado regio. Vendehumo profesional. Casado con la mejor mujer de la galaxia. #wencho4ever"}]}, "matching_rules": [{"id": 1401678016993017864, "tag": "Samuel Garcia"}]}