{"data": {"entities": {"mentions": [{"start": 0, "end": 13, "username": "Pamelita0321"}, {"start": 14, "end": 29, "username": "samuel_garcias"}], "annotations": [{"start": 69, "end": 78, "probability": 0.9331, "type": "Place", "normalized_text": "Nuevo Le\u00f3n"}]}, "source": "Twitter Web App", "created_at": "2021-06-07T00:49:19.000Z", "author_id": "1197189675259219973", "text": "@Pamelita0321 @samuel_garcias Si gana esa corrupta lacra criminal en Nuevo Le\u00f3n eso quiere decir que es un estado mega corrupto como el carajo y en realidad gana el crimen y los narcos", "id": "1401702778519629829", "context_annotations": [{"domain": {"id": "3", "name": "TV Shows", "description": "Television shows from around the world"}, "entity": {"id": "10040067950", "name": "Narcos"}}], "referenced_tweets": [{"type": "replied_to", "id": "1401465811844407298"}], "public_metrics": {"retweet_count": 0, "reply_count": 0, "like_count": 0, "quote_count": 0}, "in_reply_to_user_id": "781845435518332928"}, "includes": {"users": [{"public_metrics": {"followers_count": 83, "following_count": 144, "tweet_count": 16669, "listed_count": 0}, "name": "Alvaro Yado Huerta", "id": "1197189675259219973", "username": "AlvaroYado", "verified": false, "created_at": "2019-11-20T16:27:39.000Z", "protected": false, "description": ""}]}, "matching_rules": [{"id": 1401678016993017864, "tag": "Samuel Garcia"}]}