{"data": {"entities": {"mentions": [{"start": 3, "end": 11, "username": "jjjt000"}]}, "source": "Twitter Web App", "created_at": "2021-06-07T00:49:24.000Z", "author_id": "936773015802732545", "text": "RT @jjjt000: mi abuelo quer\u00eda votar x clara luz y pos nimoro a esconderle la ine", "id": "1401702797880463362", "referenced_tweets": [{"type": "retweeted", "id": "1401571779190177795"}], "public_metrics": {"retweet_count": 119, "reply_count": 0, "like_count": 0, "quote_count": 0}}, "includes": {"users": [{"public_metrics": {"followers_count": 274, "following_count": 17, "tweet_count": 40997, "listed_count": 0}, "name": "Rosalba Su\u00e1rez C.", "id": "936773015802732545", "username": "rosalbasuarez00", "verified": false, "created_at": "2017-12-02T01:44:26.000Z", "protected": false, "description": ""}]}, "matching_rules": [{"id": 1401678016993017863, "tag": "Clara Luz"}]}