{"data": {"entities": {"mentions": [{"start": 3, "end": 17, "username": "GustavoRocMtz"}], "annotations": [{"start": 19, "end": 36, "probability": 0.6831, "type": "Place", "normalized_text": "Colonia Las Palmas"}, {"start": 39, "end": 50, "probability": 0.3311, "type": "Place", "normalized_text": "Garc\u00eda, N.L."}, {"start": 75, "end": 87, "probability": 0.3657, "type": "Place", "normalized_text": "Tacoma blanca"}]}, "source": "Twitter Web App", "created_at": "2021-06-07T00:49:50.000Z", "author_id": "1309231424709427201", "text": "RT @GustavoRocMtz: Colonia Las Palmas, Garc\u00eda, N.L. reportan una camioneta Tacoma blanca, con personas armadas a bordo impidiendo que las p\u2026", "id": "1401702907884363776", "referenced_tweets": [{"type": "retweeted", "id": "1401635123439751169"}], "public_metrics": {"retweet_count": 139, "reply_count": 0, "like_count": 0, "quote_count": 0}}, "includes": {"users": [{"public_metrics": {"followers_count": 3289, "following_count": 4996, "tweet_count": 18461, "listed_count": 7}, "name": "Venustiano Carranza", "id": "1309231424709427201", "username": "AlbertanoRotado", "verified": false, "created_at": "2020-09-24T20:41:25.000Z", "protected": false, "location": "Mexico", "description": "#AMLOHaciendoHistoria\nEl ser humano es un ente politico\nCompromiso moral con Mexico.\nLa verdad nos hara libres.\n#4T\nLa patria es primero."}]}, "matching_rules": [{"id": 1401678016993017861, "tag": "Adrian de la Garza"}]}