{"data": {"entities": {"mentions": [{"start": 0, "end": 16, "username": "ESTRADA87012066"}, {"start": 17, "end": 31, "username": "GuillermoGCan"}, {"start": 32, "end": 48, "username": "AdrianDeLaGarza"}], "urls": [{"start": 160, "end": 183, "url": "https://t.co/6ZgK5QHVi4", "expanded_url": "https://twitter.com/Charly57078788/status/1401702915987886084/photo/1", "display_url": "pic.twitter.com/6ZgK5QHVi4"}], "annotations": [{"start": 104, "end": 111, "probability": 0.9239, "type": "Person", "normalized_text": "Samuel"}, {"start": 134, "end": 146, "probability": 0.3917, "type": "Person", "normalized_text": "Garza Morena"}]}, "source": "Twitter for Android", "created_at": "2021-06-07T00:49:52.000Z", "author_id": "1183264636252180480", "attachments": {"media_keys": ["3_1401702910032072710"]}, "text": "@ESTRADA87012066 @GuillermoGCan @AdrianDeLaGarza Es bueno no ser fanatico para mi eran tres gallos , \n1 Samuel \n2 larrazabal \n3 de la Garza \nMorena ni de broma https://t.co/6ZgK5QHVi4", "id": "1401702915987886084", "referenced_tweets": [{"type": "replied_to", "id": "1401684446634516485"}], "public_metrics": {"retweet_count": 0, "reply_count": 0, "like_count": 0, "quote_count": 0}, "in_reply_to_user_id": "1270153502237569024"}, "includes": {"users": [{"public_metrics": {"followers_count": 23, "following_count": 297, "tweet_count": 1923, "listed_count": 0}, "name": "antimoreno", "id": "1183264636252180480", "username": "Charly57078788", "verified": false, "created_at": "2019-10-13T06:14:16.000Z", "protected": false, "location": "Monterrey, Nuevo Le\u00f3n", "description": "ingue a su mauser el peje."}]}, "matching_rules": [{"id": 1401678016993017861, "tag": "Adrian de la Garza"}]}