{"data": {"entities": {"mentions": [{"start": 0, "end": 12, "username": "ExpPolitica"}, {"start": 13, "end": 26, "username": "PRI_Nacional"}, {"start": 27, "end": 42, "username": "MovCiudadanoMX"}, {"start": 43, "end": 57, "username": "mario_delgado"}, {"start": 58, "end": 72, "username": "colosioriojas"}, {"start": 73, "end": 83, "username": "Lidstelle"}]}, "source": "Twitter for Android", "created_at": "2021-06-07T00:50:17.000Z", "author_id": "136833988", "text": "@ExpPolitica @PRI_Nacional @MovCiudadanoMX @mario_delgado @colosioriojas @Lidstelle El tono derrotista de su voz \"triunfalista\" lo dice todo \"confirmamos que perdimos en donde no esper\u00e1bamos ganar, pero cre\u00edamos que si por un milagro que no lleg\u00f3\".", "id": "1401703021134987269", "referenced_tweets": [{"type": "replied_to", "id": "1401702203723849732"}], "public_metrics": {"retweet_count": 0, "reply_count": 0, "like_count": 0, "quote_count": 0}, "in_reply_to_user_id": "380567317"}, "includes": {"users": [{"public_metrics": {"followers_count": 73, "following_count": 391, "tweet_count": 7156, "listed_count": 0}, "name": "Nuevonormal y Fantoche", "id": "136833988", "username": "NuevoNormalMex", "verified": false, "created_at": "2010-04-25T02:21:04.000Z", "protected": false, "description": "habitante de Postpandemia en busca de la felicidad nuevonormal. Sufro de paladar colonizado."}]}, "matching_rules": [{"id": 1401678016993017864, "tag": "Samuel Garcia"}]}