{"data": {"entities": {"mentions": [{"start": 3, "end": 16, "username": "LaloGarca071"}, {"start": 36, "end": 52, "username": "AdrianDeLaGarza"}], "annotations": [{"start": 56, "end": 65, "probability": 0.9394, "type": "Place", "normalized_text": "Nuevo Le\u00f3n"}]}, "source": "Twitter for Android", "created_at": "2021-06-07T00:51:17.000Z", "author_id": "1397006893416071175", "text": "RT @LaloGarca071: Enhorabuena, gan\u00f3 @AdrianDeLaGarza en Nuevo Le\u00f3n! \ud83e\udd73, todo va a estar bien y por fin tendremos el gobernador que Nuevo Le\u00f3\u2026", "id": "1401703273648820229", "referenced_tweets": [{"type": "retweeted", "id": "1401701772318683139"}], "public_metrics": {"retweet_count": 16, "reply_count": 0, "like_count": 0, "quote_count": 0}}, "includes": {"users": [{"public_metrics": {"followers_count": 37, "following_count": 60, "tweet_count": 311, "listed_count": 0}, "name": "Adrian Vargas Perez", "id": "1397006893416071175", "username": "AdrianVargasPe3", "verified": false, "created_at": "2021-05-25T01:49:41.000Z", "protected": false, "description": "Adicto a las Chivas y al trabajo!!\nDesde NL somos chivahermanos"}]}, "matching_rules": [{"id": 1401678016993017861, "tag": "Adrian de la Garza"}]}