{"data": {"entities": {"mentions": [{"start": 0, "end": 15, "username": "claraluzflores"}, {"start": 16, "end": 26, "username": "molotovmx"}], "annotations": [{"start": 33, "end": 36, "probability": 0.3367, "type": "Person", "normalized_text": "Le\u00f3n"}, {"start": 107, "end": 113, "probability": 0.9942, "type": "Person", "normalized_text": "Tatiana"}, {"start": 196, "end": 204, "probability": 0.9349, "type": "Person", "normalized_text": "Clara Luz"}, {"start": 251, "end": 253, "probability": 0.9121, "type": "Organization", "normalized_text": "INE"}]}, "source": "Twitter Web App", "created_at": "2021-06-07T00:53:17.000Z", "author_id": "428664247", "text": "@claraluzflores @molotovmx Nuevo Le\u00f3n es de derecha, por eso una candidata de derecha (la otra de derecha, Tatiana, perd\u00eda seg\u00fan las encuestas).\nLo malo es que la simpleza o costumbre, condujo a  Clara Luz a mentir y que el chapul\u00edn que nos impuso el INE, nunca le pidi\u00f3 que se disculpara y se tard\u00f3 de m\u00e1s.", "id": "1401703778693177345", "referenced_tweets": [{"type": "replied_to", "id": "1401692802854047745"}], "public_metrics": {"retweet_count": 0, "reply_count": 0, "like_count": 0, "quote_count": 0}, "in_reply_to_user_id": "224678647"}, "includes": {"users": [{"public_metrics": {"followers_count": 647, "following_count": 339, "tweet_count": 50641, "listed_count": 3}, "name": "Rudolskiev Martinevski Chavez", "id": "428664247", "username": "rdlfmrtnz", "verified": false, "created_at": "2011-12-05T01:31:26.000Z", "protected": false, "description": "Marxista, aunque Marx no lo era. Si me dicen comunista, a esta altura de mi vida, me honra. No hay sociedad m\u00e1s elevada ni humana."}]}, "matching_rules": [{"id": 1401678016993017863, "tag": "Clara Luz"}]}