{"data": {"entities": {"mentions": [{"start": 3, "end": 13, "username": "yooddaa29"}], "annotations": [{"start": 46, "end": 55, "probability": 0.8415, "type": "Place", "normalized_text": "Nuevo Leon"}, {"start": 79, "end": 91, "probability": 0.9869, "type": "Person", "normalized_text": "Samuel Garcia"}, {"start": 97, "end": 114, "probability": 0.733, "type": "Person", "normalized_text": "Adrian de la Garza"}]}, "source": "Twitter for Android", "created_at": "2021-06-07T00:53:44.000Z", "author_id": "1180846563532296192", "text": "RT @yooddaa29: Tristemente les anuncio que en Nuevo Leon no todo estara bien.\n\nSamuel Garcia 36%\nAdrian de la Garza 28%.\n\nFelicidades para\u2026", "id": "1401703892358938624", "referenced_tweets": [{"type": "retweeted", "id": "1401678536604196866"}], "public_metrics": {"retweet_count": 88, "reply_count": 0, "like_count": 0, "quote_count": 0}}, "includes": {"users": [{"public_metrics": {"followers_count": 1198, "following_count": 1472, "tweet_count": 9890, "listed_count": 1}, "name": "Liasacnicte\u2764\ufe0f\ud83c\uddf2\ud83c\uddfd", "id": "1180846563532296192", "username": "Liasacnicte1", "verified": false, "created_at": "2019-10-06T14:05:45.000Z", "protected": false, "description": "Harta de las injusticias...pacifista pero nada de quedarme callada! Fiel a mi presidente y su gran calidad humana!!"}]}, "matching_rules": [{"id": 1401678016993017864, "tag": "Samuel Garcia"}, {"id": 1401678016993017861, "tag": "Adrian de la Garza"}]}