{"data": {"entities": {"mentions": [{"start": 0, "end": 14, "username": "Euskolegas995"}, {"start": 15, "end": 30, "username": "samuel_garcias"}], "urls": [{"start": 60, "end": 83, "url": "https://t.co/RzL9PRbz79", "expanded_url": "https://www.ceenl.mx", "display_url": "ceenl.mx", "status": 200, "title": "Comisi\u00f3n Estatal Electoral Nuevo Le\u00f3n", "description": "La Comisi\u00f3n Estatal Electoral es la instituci\u00f3n responsable de preparar, organizar y vigilar las elecciones de Gobernador, Diputados y Ayuntamientos en el estado de Nuevo Le\u00f3n. Es un organismo aut\u00f3nomo, independiente y ciudadano, integrado por siete Comisionados Ciudadanos que funcionan como cuerpo colegiado y un equipo t\u00e9cnico administrativo integrado por el Servicio Profesional Electoral.", "unwound_url": "https://www.ceenl.mx"}], "annotations": [{"start": 53, "end": 58, "probability": 0.9874, "type": "Person", "normalized_text": "Samuel"}]}, "source": "Twitter for iPhone", "created_at": "2021-06-07T00:53:49.000Z", "author_id": "194290463", "text": "@Euskolegas995 @samuel_garcias Bueno y si va ganando Samuel https://t.co/RzL9PRbz79", "id": "1401703913003356167", "referenced_tweets": [{"type": "replied_to", "id": "1401703435678932996"}], "public_metrics": {"retweet_count": 0, "reply_count": 0, "like_count": 0, "quote_count": 0}, "in_reply_to_user_id": "123987842"}, "includes": {"users": [{"public_metrics": {"followers_count": 220, "following_count": 372, "tweet_count": 3299, "listed_count": 0}, "name": "Lady Any", "id": "194290463", "username": "LadyAny23", "verified": false, "created_at": "2010-09-23T20:41:00.000Z", "protected": false, "description": "Brutally Honest. Me gusta sacar a pasear mi lado obscuro en Twitter"}]}, "matching_rules": [{"id": 1401678016993017864, "tag": "Samuel Garcia"}]}