{"data": {"entities": {"mentions": [{"start": 3, "end": 11, "username": "ZMyBerg"}, {"start": 26, "end": 42, "username": "FerLarrazabalNL"}], "annotations": [{"start": 77, "end": 86, "probability": 0.8332, "type": "Place", "normalized_text": "Nuevo Le\u00f3n"}]}, "source": "Twitter Web App", "created_at": "2021-06-07T00:54:29.000Z", "author_id": "215556605", "text": "RT @ZMyBerg: Se los dije. @FerLarrazabalNL se va hasta la cuarta posici\u00f3n en Nuevo Le\u00f3n. Pinches panistas necios que no saben jugar en equi\u2026", "id": "1401704079475101709", "referenced_tweets": [{"type": "retweeted", "id": "1401682421146398720"}], "public_metrics": {"retweet_count": 212, "reply_count": 0, "like_count": 0, "quote_count": 0}}, "includes": {"users": [{"public_metrics": {"followers_count": 411, "following_count": 1166, "tweet_count": 10021, "listed_count": 0}, "name": "cesar r pe\u00f1a novia", "id": "215556605", "username": "pegasonovia", "verified": false, "created_at": "2010-11-14T08:09:13.000Z", "protected": false, "description": "odio al asno de palacio, que con ba\u00f1os de pureza da una falsa fachada de lo que en realidad es y sera reconocido como el peor genocida y criminal presidentucho"}]}, "matching_rules": [{"id": 1401678016993017862, "tag": "Fernando Larrazabal"}, {"id": 1401678016993017861, "tag": "Adrian de la Garza"}]}