{"data": {"entities": {"mentions": [{"start": 0, "end": 15, "username": "faustormzchapa"}, {"start": 16, "end": 31, "username": "claraluzflores"}]}, "source": "Twitter for iPhone", "created_at": "2021-06-07T00:54:33.000Z", "author_id": "156297381", "text": "@faustormzchapa @claraluzflores El que juega golf", "id": "1401704094646013963", "referenced_tweets": [{"type": "replied_to", "id": "1401703379840245763"}], "public_metrics": {"retweet_count": 0, "reply_count": 0, "like_count": 0, "quote_count": 0}, "in_reply_to_user_id": "181837148"}, "includes": {"users": [{"public_metrics": {"followers_count": 97, "following_count": 524, "tweet_count": 5889, "listed_count": 1}, "name": "Rafael Q.", "id": "156297381", "username": "rafaeleqv", "verified": false, "created_at": "2010-06-16T15:10:41.000Z", "protected": false, "location": "Monterrey", "description": ""}]}, "matching_rules": [{"id": 1401678016993017863, "tag": "Clara Luz"}]}