{"data": {"entities": {"mentions": [{"start": 3, "end": 18, "username": "lonjaVengadora"}], "annotations": [{"start": 25, "end": 33, "probability": 0.9324, "type": "Person", "normalized_text": "Clara Luz"}, {"start": 42, "end": 48, "probability": 0.6532, "type": "Person", "normalized_text": "Raniere"}]}, "source": "Twitter for Android", "created_at": "2021-06-07T00:55:06.000Z", "author_id": "610078621", "text": "RT @lonjaVengadora: Dice Clara Luz que ni Raniere se la cogio tan duro cuando estaba en NXIVM como se la cogieron hoy en las urnas https://\u2026", "id": "1401704233292992515", "referenced_tweets": [{"type": "retweeted", "id": "1401696666957217798"}], "public_metrics": {"retweet_count": 11, "reply_count": 0, "like_count": 0, "quote_count": 0}}, "includes": {"users": [{"public_metrics": {"followers_count": 665, "following_count": 1992, "tweet_count": 78785, "listed_count": 0}, "name": "Chamaquillo Chilisquillo", "id": "610078621", "username": "johnydai", "verified": false, "created_at": "2012-06-16T15:39:09.000Z", "protected": false, "description": ""}]}, "matching_rules": [{"id": 1401678016993017863, "tag": "Clara Luz"}]}