{"data": {"entities": {"hashtags": [{"start": 0, "end": 15, "tag": "Elecciones2021"}, {"start": 201, "end": 210, "tag": "LaOctava"}], "mentions": [{"start": 103, "end": 118, "username": "samuel_garcias"}, {"start": 157, "end": 173, "username": "AdrianDeLaGarza"}, {"start": 184, "end": 197, "username": "HernanGomezB"}], "urls": [{"start": 214, "end": 237, "url": "https://t.co/ygyMFb8M3a", "expanded_url": "http://bit.ly/3z4USAl", "display_url": "bit.ly/3z4USAl", "images": [{"url": "https://pbs.twimg.com/news_img/1401691210021019650/EZgk-hqD?format=jpg&name=orig", "width": 1280, "height": 720}, {"url": "https://pbs.twimg.com/news_img/1401691210021019650/EZgk-hqD?format=jpg&name=150x150", "width": 150, "height": 150}], "status": 200, "title": "EN VIVO I \u00bfQui\u00e9n va ganando las Elecciones 2021?", "description": "#LaOctava #Elecciones2021", "unwound_url": "https://www.youtube.com/watch?v=74LVBCd1_Ks"}, {"start": 238, "end": 261, "url": "https://t.co/ZKBSo3csAN", "expanded_url": "https://twitter.com/laoctavadigital/status/1401704323457892352/video/1", "display_url": "pic.twitter.com/ZKBSo3csAN"}], "annotations": [{"start": 30, "end": 39, "probability": 0.9254, "type": "Place", "normalized_text": "Nuevo Le\u00f3n"}, {"start": 88, "end": 100, "probability": 0.999, "type": "Person", "normalized_text": "Samuel Garc\u00eda"}]}, "source": "Twitter Media Studio - LiveCut", "created_at": "2021-06-07T00:55:27.000Z", "author_id": "164337327", "attachments": {"media_keys": ["13_1401704066284101637"]}, "text": "#Elecciones2021 | La gente en Nuevo Le\u00f3n dec\u00eda que si mucha gente sale a votar, ganar\u00eda Samuel Garc\u00eda (@samuel_garcias), de lo contrario quien ganar\u00eda ser\u00eda @AdrianDeLaGarza, menciona @HernanGomezB. \n\n#LaOctava \u25b6\ufe0f https://t.co/ygyMFb8M3a https://t.co/ZKBSo3csAN", "id": "1401704323457892352", "public_metrics": {"retweet_count": 0, "reply_count": 0, "like_count": 0, "quote_count": 0}}, "includes": {"users": [{"public_metrics": {"followers_count": 118245, "following_count": 50, "tweet_count": 103949, "listed_count": 543}, "name": "LA OCTAVA", "id": "164337327", "username": "laoctavadigital", "verified": false, "created_at": "2010-07-08T16:41:16.000Z", "protected": false, "location": "M\u00e9xico, D.F", "description": "PERIODISMO Y CREDIBILIDAD\nVe nuestra transmisi\u00f3n EN VIVO en https://t.co/hQw1eUFTby"}]}, "matching_rules": [{"id": 1401678016993017864, "tag": "Samuel Garcia"}, {"id": 1401678016993017861, "tag": "Adrian de la Garza"}]}