{"data": {"entities": {"mentions": [{"start": 0, "end": 15, "username": "claraluzflores"}], "annotations": [{"start": 61, "end": 66, "probability": 0.3747, "type": "Person", "normalized_text": "MORENA"}]}, "source": "Twitter for Android", "created_at": "2021-06-07T00:55:46.000Z", "author_id": "1369156908096106498", "text": "@claraluzflores Ya si\u00e9ntese se\u00f1ora, \"donde la gente trabaja, MORENA no pasa\".", "id": "1401704403745312774", "referenced_tweets": [{"type": "replied_to", "id": "1401692802854047745"}], "public_metrics": {"retweet_count": 0, "reply_count": 0, "like_count": 0, "quote_count": 0}, "in_reply_to_user_id": "224678647"}, "includes": {"users": [{"public_metrics": {"followers_count": 11, "following_count": 101, "tweet_count": 261, "listed_count": 0}, "name": "AzotaChairos", "id": "1369156908096106498", "username": "AzotaChairos", "verified": false, "created_at": "2021-03-09T05:23:57.000Z", "protected": false, "description": "Detesto el atole con el dedo. Al\u00e9rgico a la farsa de la 4T.\n\nAntipeje & Antichairos."}]}, "matching_rules": [{"id": 1401678016993017863, "tag": "Clara Luz"}]}