{"data": {"entities": {"mentions": [{"start": 3, "end": 16, "username": "alixestriker"}], "annotations": [{"start": 30, "end": 42, "probability": 0.9945, "type": "Person", "normalized_text": "Samuel Garcia"}, {"start": 45, "end": 57, "probability": 0.9932, "type": "Person", "normalized_text": "Alfredo Adame"}]}, "source": "Twitter for Android", "created_at": "2021-06-07T00:56:19.000Z", "author_id": "3214636611", "text": "RT @alixestriker: Ojal\u00e1 gane; Samuel Garcia, Alfredo Adame y Tinieblas para que se les quite a ustedes lo pendejo.", "id": "1401704538818629634", "referenced_tweets": [{"type": "retweeted", "id": "1401646860293529602"}], "public_metrics": {"retweet_count": 37, "reply_count": 0, "like_count": 0, "quote_count": 0}}, "includes": {"users": [{"public_metrics": {"followers_count": 56, "following_count": 1520, "tweet_count": 8380, "listed_count": 0}, "name": "\u79c1\u306f\u60aa\u9b54\u3067\u3059", "id": "3214636611", "username": "dondiablowey", "verified": false, "created_at": "2015-04-27T21:02:23.000Z", "protected": false, "location": "narnia", "description": "Soy el mejor ejemplo de como no vivir."}]}, "matching_rules": [{"id": 1401678016993017864, "tag": "Samuel Garcia"}]}