{"data": {"entities": {"urls": [{"start": 47, "end": 70, "url": "https://t.co/OW0MkgQkWv", "expanded_url": "https://twitter.com/ChicaDelTrendMX/status/1401705060187389953/photo/1", "display_url": "pic.twitter.com/OW0MkgQkWv"}], "annotations": [{"start": 0, "end": 4, "probability": 0.5162, "type": "Person", "normalized_text": "Clara"}, {"start": 36, "end": 45, "probability": 0.937, "type": "Place", "normalized_text": "Nuevo Le\u00f3n"}]}, "source": "Twitter for iPhone", "created_at": "2021-06-07T00:58:23.000Z", "author_id": "1307826213189279749", "attachments": {"media_keys": ["3_1401705055435341826"]}, "text": "Clara luz al terminar la jornada en Nuevo Le\u00f3n https://t.co/OW0MkgQkWv", "id": "1401705060187389953", "public_metrics": {"retweet_count": 0, "reply_count": 0, "like_count": 0, "quote_count": 0}}, "includes": {"users": [{"public_metrics": {"followers_count": 2189, "following_count": 2351, "tweet_count": 3340, "listed_count": 5}, "name": "La Chica del Trend", "id": "1307826213189279749", "username": "ChicaDelTrendMX", "verified": false, "created_at": "2020-09-20T23:37:40.000Z", "protected": false, "description": "Llevaba medias negras, bufanda a cuadros y minifalda azul... #CDMX #ProAMLO #AntiFa \ud83d\udeabDM -Somos maliciosos y hostiles- SDV - Volunt https://t.co/gtJjrisREu"}]}, "matching_rules": [{"id": 1401678016993017863, "tag": "Clara Luz"}]}