{"data": {"entities": {"mentions": [{"start": 3, "end": 18, "username": "CarlosAJimnez4"}, {"start": 23, "end": 38, "username": "samuel_garcias"}], "annotations": [{"start": 44, "end": 53, "probability": 0.2394, "type": "Other", "normalized_text": "Nuevo Leon"}]}, "source": "Twitter for Android", "created_at": "2021-06-07T00:58:53.000Z", "author_id": "563354771", "text": "RT @CarlosAJimnez4: Si @samuel_garcias gana Nuevo Leon, entonces porque presumen de \"inteligentes\"?", "id": "1401705184527622147", "referenced_tweets": [{"type": "retweeted", "id": "1401644171979591680"}], "public_metrics": {"retweet_count": 354, "reply_count": 0, "like_count": 0, "quote_count": 0}}, "includes": {"users": [{"public_metrics": {"followers_count": 95, "following_count": 171, "tweet_count": 5304, "listed_count": 0}, "name": "Doryss", "id": "563354771", "username": "OlivaDorys", "verified": false, "created_at": "2012-04-26T02:00:31.000Z", "protected": false, "description": ""}]}, "matching_rules": [{"id": 1401678016993017864, "tag": "Samuel Garcia"}]}