{"data": {"source": "Twitter for iPhone", "created_at": "2021-06-07T00:59:00.000Z", "author_id": "1307427615498792965", "text": "Clara luz subiendo \u2026", "id": "1401705214311284744", "public_metrics": {"retweet_count": 0, "reply_count": 0, "like_count": 0, "quote_count": 0}}, "includes": {"users": [{"public_metrics": {"followers_count": 1008, "following_count": 920, "tweet_count": 9842, "listed_count": 2}, "name": "LA PATRONA", "id": "1307427615498792965", "username": "la_patronamx", "verified": false, "created_at": "2020-09-19T21:14:41.000Z", "protected": false, "location": "En mi reinado", "description": "MI PECHO NO ES BODEGA \ud83d\udddd De repente hablo con animales \ud83d\ude4a\ud83d\ude49  no soy VENDIDA \ud83e\udd72 No soy cuenta falsa, soy an\u00f3nima \ud83d\udc7a"}]}, "matching_rules": [{"id": 1401678016993017863, "tag": "Clara Luz"}]}