{"data": {"entities": {"mentions": [{"start": 0, "end": 16, "username": "monerohernandez"}], "annotations": [{"start": 23, "end": 31, "probability": 0.8524, "type": "Person", "normalized_text": "Clara Luz"}]}, "source": "Twitter for Android", "created_at": "2021-06-07T00:59:41.000Z", "author_id": "2519710458", "text": "@monerohernandez \u00bfGan\u00f3 Clara Luz?", "id": "1401705388098027521", "referenced_tweets": [{"type": "replied_to", "id": "1401694854535581704"}], "public_metrics": {"retweet_count": 0, "reply_count": 0, "like_count": 0, "quote_count": 0}, "in_reply_to_user_id": "53316590"}, "includes": {"users": [{"public_metrics": {"followers_count": 162, "following_count": 2429, "tweet_count": 3733, "listed_count": 1}, "name": "Francisco Garcia", "id": "2519710458", "username": "pacostereo_1", "verified": false, "created_at": "2014-05-24T06:55:47.000Z", "protected": false, "description": "Tijuanense, rockero, sodero, necaxista, cosplayer, anti-4T, fif\u00ed, conservador, neoliberal, pero sobretodo 100% taurino.\n\ud83c\udde9\ud83c\uddf0"}]}, "matching_rules": [{"id": 1401678016993017863, "tag": "Clara Luz"}]}