{"data": {"entities": {"mentions": [{"start": 0, "end": 14, "username": "Bitia13958475"}, {"start": 15, "end": 27, "username": "luisghernan"}, {"start": 28, "end": 40, "username": "SoyMexicana"}, {"start": 41, "end": 56, "username": "claraluzflores"}, {"start": 57, "end": 73, "username": "PartidoMorenaMx"}, {"start": 74, "end": 88, "username": "mario_delgado"}]}, "source": "Twitter Web App", "created_at": "2021-06-07T00:59:49.000Z", "author_id": "1309231424709427201", "text": "@Bitia13958475 @luisghernan @SoyMexicana @claraluzflores @PartidoMorenaMx @mario_delgado Aunque gane, es priista, propiedad del narco.", "id": "1401705422478725122", "referenced_tweets": [{"type": "replied_to", "id": "1401702207515414533"}], "public_metrics": {"retweet_count": 0, "reply_count": 0, "like_count": 0, "quote_count": 0}, "in_reply_to_user_id": "1003493817776001026"}, "includes": {"users": [{"public_metrics": {"followers_count": 3290, "following_count": 4995, "tweet_count": 18467, "listed_count": 7}, "name": "Venustiano Carranza", "id": "1309231424709427201", "username": "AlbertanoRotado", "verified": false, "created_at": "2020-09-24T20:41:25.000Z", "protected": false, "location": "Mexico", "description": "#AMLOHaciendoHistoria\nEl ser humano es un ente politico\nCompromiso moral con Mexico.\nLa verdad nos hara libres.\n#4T\nLa patria es primero."}]}, "matching_rules": [{"id": 1401678016993017863, "tag": "Clara Luz"}]}