{"data": {"entities": {"mentions": [{"start": 3, "end": 14, "username": "ClementeCH"}, {"start": 17, "end": 32, "username": "samuel_garcias"}], "annotations": [{"start": 63, "end": 72, "probability": 0.6995, "type": "Place", "normalized_text": "Nuevo Le\u00f3n"}]}, "source": "Twitter for iPad", "created_at": "2021-06-07T01:00:09.000Z", "author_id": "1237800266726080521", "text": "RT @ClementeCH: \u00a1@samuel_garcias ser\u00e1 el pr\u00f3ximo gobernador de Nuevo Le\u00f3n! Su triunfo es irreversible, as\u00ed lo indican nuestras encuestas de\u2026", "id": "1401705507002454016", "referenced_tweets": [{"type": "retweeted", "id": "1401705220778999809"}], "public_metrics": {"retweet_count": 1, "reply_count": 0, "like_count": 0, "quote_count": 0}}, "includes": {"users": [{"public_metrics": {"followers_count": 7191, "following_count": 7571, "tweet_count": 39344, "listed_count": 4}, "name": "\ud83e\udde1\ud83c\udff3\ufe0f\u200d\ud83c\udf08El general Zapatos \ud83c\udff3\ufe0f\u200d\ud83c\udf08\ud83e\udde1", "id": "1237800266726080521", "username": "GralZapatos", "verified": false, "created_at": "2020-03-11T17:59:22.000Z", "protected": false, "location": "Zapopan, Jalisco", "description": "\u00c1nimo! M\u00e9xico se pintar\u00e1 de naranja! #EquipoZapopan #ZapopanTienePresente #ZapopanConFrangie."}]}, "matching_rules": [{"id": 1401678016993017864, "tag": "Samuel Garcia"}]}