{"data": {"entities": {"hashtags": [{"start": 39, "end": 55, "tag": "YoConLarrazabal"}, {"start": 56, "end": 64, "tag": "votapan"}, {"start": 65, "end": 74, "tag": "votoutil"}, {"start": 75, "end": 96, "tag": "LarrazabalGobernador"}]}, "source": "Twitter for Android", "created_at": "2021-06-07T01:01:37.000Z", "author_id": "1385974573594669064", "text": "Ya digan los resultados!!! Que nervios\n#YoConLarrazabal #votapan #votoutil #LarrazabalGobernador", "id": "1401705873681092609", "public_metrics": {"retweet_count": 0, "reply_count": 0, "like_count": 0, "quote_count": 0}}, "includes": {"users": [{"public_metrics": {"followers_count": 7, "following_count": 43, "tweet_count": 116, "listed_count": 0}, "name": "Enrique Puente", "id": "1385974573594669064", "username": "Enrique53813134", "verified": false, "created_at": "2021-04-24T15:11:10.000Z", "protected": false, "description": "Ingeniero en mecatr\u00f3nica\nFIME-UANL\n\nA veces soy musico, solo a veces."}]}, "matching_rules": [{"id": 1401678016993017862, "tag": "Fernando Larrazabal"}]}