{"data": {"entities": {"mentions": [{"start": 0, "end": 11, "username": "EmiRuizPra"}, {"start": 12, "end": 27, "username": "samuel_garcias"}]}, "source": "Twitter for iPhone", "created_at": "2021-06-07T01:04:04.000Z", "author_id": "4879079290", "text": "@EmiRuizPra @samuel_garcias nadie pidio tu opinion papito", "id": "1401706492647124992", "referenced_tweets": [{"type": "replied_to", "id": "1401706166816849923"}], "public_metrics": {"retweet_count": 0, "reply_count": 0, "like_count": 0, "quote_count": 0}, "in_reply_to_user_id": "3537454155"}, "includes": {"users": [{"public_metrics": {"followers_count": 318, "following_count": 241, "tweet_count": 26708, "listed_count": 0}, "name": "chopiringa", "id": "4879079290", "username": "sofiaagaitann", "verified": false, "created_at": "2016-02-05T21:53:55.000Z", "protected": false, "location": "Tamaulipas, M\u00e9xico", "description": "do whatever the fuck makes you happy"}]}, "matching_rules": [{"id": 1401678016993017864, "tag": "Samuel Garcia"}]}