{"data": {"entities": {"mentions": [{"start": 3, "end": 19, "username": "AdrianDeLaGarza"}], "urls": [{"start": 49, "end": 72, "url": "https://t.co/F1Hlt5v7K3", "expanded_url": "https://twitter.com/AdrianDeLaGarza/status/1401679458277412866/photo/1", "display_url": "pic.twitter.com/F1Hlt5v7K3"}]}, "source": "Twitter for Android", "created_at": "2021-06-07T01:04:14.000Z", "author_id": "1027214143567216640", "attachments": {"media_keys": ["3_1401679211857944584"]}, "text": "RT @AdrianDeLaGarza: \u00a1TODO VA A ESTAR BIEN! \ud83d\udcaa\ud83c\udffc\ud83d\udc4a\ud83c\udffc https://t.co/F1Hlt5v7K3", "id": "1401706533306744836", "referenced_tweets": [{"type": "retweeted", "id": "1401679458277412866"}], "public_metrics": {"retweet_count": 514, "reply_count": 0, "like_count": 0, "quote_count": 0}}, "includes": {"users": [{"public_metrics": {"followers_count": 1364, "following_count": 1348, "tweet_count": 11875, "listed_count": 0}, "name": "Marco", "id": "1027214143567216640", "username": "Marco32465838", "verified": false, "created_at": "2018-08-08T15:25:11.000Z", "protected": false, "description": "Antichairo, unidos por M\u00e9xico."}]}, "matching_rules": [{"id": 1401678016993017861, "tag": "Adrian de la Garza"}]}