{"data": {"entities": {"mentions": [{"start": 227, "end": 242, "username": "claraluzflores"}]}, "source": "Twitter for iPhone", "created_at": "2021-06-07T01:04:49.000Z", "author_id": "1849888075", "text": "Te compraron a ti y ayudaste a comprar a otras \u201cinfluencers\u201d y pss hoy, una de tus compradas subiendo que no iba a votar por qu\u00e9 andaba bien cruda y burl\u00e1ndose de que se robaron una urna... Esta pa\u2019 que le regreses el dinero a @claraluzflores amiga!!! \ud83e\udd23", "id": "1401706677410402306", "public_metrics": {"retweet_count": 0, "reply_count": 0, "like_count": 0, "quote_count": 0}}, "includes": {"users": [{"public_metrics": {"followers_count": 625, "following_count": 396, "tweet_count": 17428, "listed_count": 1}, "name": "Malefikah", "id": "1849888075", "username": "AngelaalmaguerR", "verified": false, "created_at": "2013-09-10T00:27:08.000Z", "protected": false, "location": "Cybertron", "description": "\u201cNac\u00ed en el planeta tierra, pero segura estoy de que no pertenezco a el...\u201d"}]}, "matching_rules": [{"id": 1401678016993017863, "tag": "Clara Luz"}]}