{"data": {"entities": {"mentions": [{"start": 3, "end": 18, "username": "samuel_garcias"}]}, "source": "Twitter for iPhone", "created_at": "2021-06-07T01:05:41.000Z", "author_id": "152760252", "text": "RT @samuel_garcias: Gracias Nuevo Le\u00f3n, llevamos una ventaja de 10.5% y la tendencia nos sigue favoreciendo, los mantendr\u00e9 informados.\n\nHoy\u2026", "id": "1401706896155987974", "referenced_tweets": [{"type": "retweeted", "id": "1401686737911353344"}], "public_metrics": {"retweet_count": 126, "reply_count": 0, "like_count": 0, "quote_count": 0}}, "includes": {"users": [{"public_metrics": {"followers_count": 535, "following_count": 431, "tweet_count": 15948, "listed_count": 3}, "name": "Jos\u00e9Villarreal \uf8ff", "id": "152760252", "username": "andy96121", "verified": false, "created_at": "2010-06-06T20:19:38.000Z", "protected": false, "location": "Nuevo Le\u00f3n, M\u00e9xico", "description": "cada d\u00eda es una nueva oportunidad"}]}, "matching_rules": [{"id": 1401678016993017864, "tag": "Samuel Garcia"}]}