{"data": {"entities": {"mentions": [{"start": 0, "end": 13, "username": "pameestradaa"}, {"start": 14, "end": 30, "username": "AdrianDeLaGarza"}], "annotations": [{"start": 59, "end": 64, "probability": 0.9205, "type": "Person", "normalized_text": "ADRI\u00c1N"}, {"start": 86, "end": 91, "probability": 0.9461, "type": "Person", "normalized_text": "SAMUEL"}]}, "source": "Twitter Web App", "created_at": "2021-06-07T01:06:15.000Z", "author_id": "1400969324970528773", "text": "@pameestradaa @AdrianDeLaGarza EN ENCUESTAS DE SALIDA GANA ADRI\u00c1N CON MUCHO, LE SIGUE SAMUEL Y AL FINAL CLARA PUZ.", "id": "1401707041614348290", "referenced_tweets": [{"type": "replied_to", "id": "1401594526389637127"}], "public_metrics": {"retweet_count": 0, "reply_count": 0, "like_count": 0, "quote_count": 0}, "in_reply_to_user_id": "1394512344311640064"}, "includes": {"users": [{"public_metrics": {"followers_count": 42, "following_count": 168, "tweet_count": 103, "listed_count": 0}, "name": "MujeresContraAMLO NiUnVotoAMorena", "id": "1400969324970528773", "username": "KFantasmagor1", "verified": false, "created_at": "2021-06-05T00:15:40.000Z", "protected": false, "description": "De ecatepec"}]}, "matching_rules": [{"id": 1401678016993017861, "tag": "Adrian de la Garza"}]}