{"data": {"entities": {"mentions": [{"start": 3, "end": 16, "username": "pacopernico9"}], "annotations": [{"start": 67, "end": 83, "probability": 0.9985, "type": "Person", "normalized_text": "Mariana Rodriguez"}, {"start": 112, "end": 124, "probability": 0.9951, "type": "Person", "normalized_text": "Samuel Garcia"}]}, "source": "Twitter for Android", "created_at": "2021-06-07T01:06:17.000Z", "author_id": "161391975", "text": "RT @pacopernico9: La cara de la anor\u00e9xica y fifi del narcotr\u00e1fico, Mariana Rodriguez, esposa del narcojunior de Samuel Garcia, lo dice abso\u2026", "id": "1401707047092162568", "referenced_tweets": [{"type": "retweeted", "id": "1401705023151742979"}], "public_metrics": {"retweet_count": 4, "reply_count": 0, "like_count": 0, "quote_count": 0}}, "includes": {"users": [{"public_metrics": {"followers_count": 253, "following_count": 362, "tweet_count": 24120, "listed_count": 0}, "name": "Diego Sovietico", "id": "161391975", "username": "diegosovietico", "verified": false, "created_at": "2010-06-30T18:45:57.000Z", "protected": false, "description": "Soy chairo, Soy Socialista, PRO AMLO (ID)\nRes non verba"}]}, "matching_rules": [{"id": 1401678016993017864, "tag": "Samuel Garcia"}]}