{"data": {"entities": {"mentions": [{"start": 3, "end": 18, "username": "samuel_garcias"}]}, "source": "Twitter for Android", "created_at": "2021-06-07T01:06:35.000Z", "author_id": "3223895887", "text": "RT @samuel_garcias: Gracias Nuevo Le\u00f3n, llevamos una ventaja de 10.5% y la tendencia nos sigue favoreciendo, los mantendr\u00e9 informados.\n\nHoy\u2026", "id": "1401707122342105088", "referenced_tweets": [{"type": "retweeted", "id": "1401686737911353344"}], "public_metrics": {"retweet_count": 130, "reply_count": 0, "like_count": 0, "quote_count": 0}}, "includes": {"users": [{"public_metrics": {"followers_count": 33, "following_count": 1124, "tweet_count": 7888, "listed_count": 5}, "name": "Dariela de le\u00f3n", "id": "3223895887", "username": "AlcaDariela", "verified": false, "created_at": "2015-05-23T03:34:29.000Z", "protected": false, "description": ""}]}, "matching_rules": [{"id": 1401678016993017864, "tag": "Samuel Garcia"}]}