{"data": {"entities": {"mentions": [{"start": 0, "end": 16, "username": "MorenaSalazar00"}, {"start": 17, "end": 32, "username": "samuel_garcias"}], "annotations": [{"start": 64, "end": 73, "probability": 0.8996, "type": "Place", "normalized_text": "Tamaulipas"}]}, "source": "Twitter Web App", "created_at": "2021-06-07T01:07:09.000Z", "author_id": "1352673491284156417", "text": "@MorenaSalazar00 @samuel_garcias No tenemos aduana, todo es por Tamaulipas.", "id": "1401707267955716097", "referenced_tweets": [{"type": "replied_to", "id": "1401699458065309696"}], "public_metrics": {"retweet_count": 0, "reply_count": 0, "like_count": 0, "quote_count": 0}, "in_reply_to_user_id": "627037807"}, "includes": {"users": [{"public_metrics": {"followers_count": 1, "following_count": 4, "tweet_count": 31, "listed_count": 0}, "name": "Rfl_Amore", "id": "1352673491284156417", "username": "AmoreRfl", "verified": false, "created_at": "2021-01-22T17:44:38.000Z", "protected": false, "description": "Regionalista norestense"}]}, "matching_rules": [{"id": 1401678016993017864, "tag": "Samuel Garcia"}]}