{"data": {"entities": {"mentions": [{"start": 3, "end": 13, "username": "juannnito"}, {"start": 15, "end": 29, "username": "AlvarezMaynez"}, {"start": 30, "end": 45, "username": "samuel_garcias"}], "annotations": [{"start": 49, "end": 51, "probability": 0.5897, "type": "Organization", "normalized_text": "INE"}]}, "source": "Twitter for Android", "created_at": "2021-06-07T01:07:52.000Z", "author_id": "1316636823888642048", "text": "RT @juannnito: @AlvarezMaynez @samuel_garcias El INE acaba de decir que no hagan este tipo de anuncios... no que eran diferentes?", "id": "1401707445609811969", "referenced_tweets": [{"type": "retweeted", "id": "1401691797122949121"}], "public_metrics": {"retweet_count": 1, "reply_count": 0, "like_count": 0, "quote_count": 0}}, "includes": {"users": [{"public_metrics": {"followers_count": 836, "following_count": 1681, "tweet_count": 37001, "listed_count": 0}, "name": "Fernando Villalobos.", "id": "1316636823888642048", "username": "FVillalobos90", "verified": false, "created_at": "2020-10-15T07:07:52.000Z", "protected": false, "description": "A la perrada le duele que los mexicanos seamos aut\u00f3nomos y que tengamos criterio propio porqu\u00e9 as\u00ed no nos pueden meter en su corralito de ideolog\u00eda rancia."}]}, "matching_rules": [{"id": 1401678016993017864, "tag": "Samuel Garcia"}]}