{"data": {"entities": {"mentions": [{"start": 0, "end": 15, "username": "claraluzflores"}]}, "source": "Twitter for Android", "created_at": "2021-06-07T01:10:11.000Z", "author_id": "1223720965630308352", "text": "@claraluzflores Perdiste, est\u00fapida \ud83e\udd23\ud83e\udd23\ud83e\udd23\ud83e\udd23", "id": "1401708031365332995", "referenced_tweets": [{"type": "replied_to", "id": "1401692802854047745"}], "public_metrics": {"retweet_count": 0, "reply_count": 0, "like_count": 0, "quote_count": 0}, "in_reply_to_user_id": "224678647"}, "includes": {"users": [{"public_metrics": {"followers_count": 13699, "following_count": 12125, "tweet_count": 19446, "listed_count": 9}, "name": "Mariela A. Santacruz", "id": "1223720965630308352", "username": "marielalaleona", "verified": false, "created_at": "2020-02-01T21:33:27.000Z", "protected": false, "description": "#YoSoyAmigoDeLaLeona \ud83e\udd81\n\n#LosAmigosDeLaLeona \ud83e\udd81"}]}, "matching_rules": [{"id": 1401678016993017863, "tag": "Clara Luz"}]}