{"data": {"entities": {"mentions": [{"start": 3, "end": 18, "username": "samuel_garcias"}]}, "source": "Twitter for iPhone", "created_at": "2021-06-07T01:10:38.000Z", "author_id": "1251352644217647104", "text": "RT @samuel_garcias: Gracias Nuevo Le\u00f3n, llevamos una ventaja de 10.5% y la tendencia nos sigue favoreciendo, los mantendr\u00e9 informados.\n\nHoy\u2026", "id": "1401708144884072456", "referenced_tweets": [{"type": "retweeted", "id": "1401686737911353344"}], "public_metrics": {"retweet_count": 136, "reply_count": 0, "like_count": 0, "quote_count": 0}}, "includes": {"users": [{"public_metrics": {"followers_count": 8, "following_count": 56, "tweet_count": 133, "listed_count": 0}, "name": "M.E.", "id": "1251352644217647104", "username": "PeralesHinojosa", "verified": false, "created_at": "2020-04-18T03:31:53.000Z", "protected": false, "description": "La familia"}]}, "matching_rules": [{"id": 1401678016993017864, "tag": "Samuel Garcia"}]}