{"data": {"entities": {"mentions": [{"start": 3, "end": 18, "username": "PortillogMayra"}], "annotations": [{"start": 20, "end": 28, "probability": 0.924, "type": "Person", "normalized_text": "Clara Luz"}, {"start": 67, "end": 72, "probability": 0.9894, "type": "Person", "normalized_text": "Adri\u00e1n"}, {"start": 76, "end": 83, "probability": 0.7073, "type": "Person", "normalized_text": "Samuel"}]}, "source": "Twitter for Android", "created_at": "2021-06-07T01:13:08.000Z", "author_id": "128583831", "text": "RT @PortillogMayra: Clara Luz nervios\u00edsima\n\nno est\u00e1 segura si gana Adri\u00e1n o Samuel \n\n\ud83d\ude06", "id": "1401708773073428487", "referenced_tweets": [{"type": "retweeted", "id": "1401682268943437824"}], "public_metrics": {"retweet_count": 406, "reply_count": 0, "like_count": 0, "quote_count": 0}}, "includes": {"users": [{"public_metrics": {"followers_count": 2199, "following_count": 2345, "tweet_count": 35444, "listed_count": 0}, "name": "LRFG", "id": "128583831", "username": "JoeBlack1947", "verified": false, "created_at": "2010-04-01T15:14:12.000Z", "protected": false, "location": "M\u00e9xico, D.F.", "description": "2021 a cambiar lo que est\u00e1 mal."}]}, "matching_rules": [{"id": 1401678016993017863, "tag": "Clara Luz"}]}