{"data": {"entities": {"mentions": [{"start": 0, "end": 11, "username": "SergioOrz1"}, {"start": 12, "end": 28, "username": "AdrianDeLaGarza"}], "annotations": [{"start": 29, "end": 41, "probability": 0.9969, "type": "Person", "normalized_text": "Samuel Garc\u00eda"}]}, "source": "Twitter for Android", "created_at": "2021-06-07T01:13:32.000Z", "author_id": "1397008849958227968", "text": "@SergioOrz1 @AdrianDeLaGarza Samuel Garc\u00eda sabe que perdi\u00f3 esta campa\u00f1a y por eso est\u00e1 vandalizando las votaciones", "id": "1401708873359233026", "referenced_tweets": [{"type": "replied_to", "id": "1401707627269308419"}], "public_metrics": {"retweet_count": 0, "reply_count": 0, "like_count": 0, "quote_count": 0}, "in_reply_to_user_id": "1386434520497360896"}, "includes": {"users": [{"public_metrics": {"followers_count": 106, "following_count": 326, "tweet_count": 679, "listed_count": 0}, "name": "Jesus Contreras", "id": "1397008849958227968", "username": "JesusChuyCon", "verified": false, "created_at": "2021-05-25T01:57:26.000Z", "protected": false, "description": "Egresado de la UANL, Tigre de Corazon"}]}, "matching_rules": [{"id": 1401678016993017861, "tag": "Adrian de la Garza"}]}