{"data": {"entities": {"mentions": [{"start": 3, "end": 18, "username": "PortillogMayra"}], "annotations": [{"start": 20, "end": 28, "probability": 0.924, "type": "Person", "normalized_text": "Clara Luz"}, {"start": 67, "end": 72, "probability": 0.9894, "type": "Person", "normalized_text": "Adri\u00e1n"}, {"start": 76, "end": 83, "probability": 0.7073, "type": "Person", "normalized_text": "Samuel"}]}, "source": "Twitter for iPhone", "created_at": "2021-06-07T01:13:41.000Z", "author_id": "745813287984476160", "text": "RT @PortillogMayra: Clara Luz nervios\u00edsima\n\nno est\u00e1 segura si gana Adri\u00e1n o Samuel \n\n\ud83d\ude06", "id": "1401708910969561088", "referenced_tweets": [{"type": "retweeted", "id": "1401682268943437824"}], "public_metrics": {"retweet_count": 414, "reply_count": 0, "like_count": 0, "quote_count": 0}}, "includes": {"users": [{"public_metrics": {"followers_count": 2900, "following_count": 3133, "tweet_count": 74591, "listed_count": 1}, "name": "MecheAguilarV", "id": "745813287984476160", "username": "V1Meche", "verified": false, "created_at": "2016-06-23T02:58:39.000Z", "protected": false, "location": "M\u00e9xico", "description": "Ciudadana de a pie, Anti AMLO, Morena y chairos. Todos unidos contra Morena. #ElPeorGobiernoDeLaHistoria #VotoUtil"}]}, "matching_rules": [{"id": 1401678016993017863, "tag": "Clara Luz"}]}