{"data": {"entities": {"mentions": [{"start": 0, "end": 15, "username": "AsiEsMonterrey"}, {"start": 16, "end": 32, "username": "AdrianDeLaGarza"}, {"start": 33, "end": 49, "username": "FerLarrazabalNL"}, {"start": 50, "end": 64, "username": "samuelgarcias"}, {"start": 65, "end": 80, "username": "claraluzflores"}], "urls": [{"start": 88, "end": 111, "url": "https://t.co/TXs59Gm96D", "expanded_url": "https://twitter.com/IvanHer11603244/status/1401709104285077504/photo/1", "display_url": "pic.twitter.com/TXs59Gm96D"}]}, "source": "Twitter for iPhone", "created_at": "2021-06-07T01:14:27.000Z", "author_id": "1271875424897978379", "attachments": {"media_keys": ["16_1401709098161238016"]}, "text": "@AsiEsMonterrey @AdrianDeLaGarza @FerLarrazabalNL @samuelgarcias @claraluzflores B\u00e1\u00f1alo https://t.co/TXs59Gm96D", "id": "1401709104285077504", "referenced_tweets": [{"type": "replied_to", "id": "1401677059215310849"}], "public_metrics": {"retweet_count": 0, "reply_count": 0, "like_count": 0, "quote_count": 0}, "in_reply_to_user_id": "479822306"}, "includes": {"users": [{"public_metrics": {"followers_count": 256, "following_count": 380, "tweet_count": 1539, "listed_count": 0}, "name": "Ivan Hernandez", "id": "1271875424897978379", "username": "IvanHer11603244", "verified": false, "created_at": "2020-06-13T18:41:58.000Z", "protected": false, "description": "\ud83d\udc2f Cerveza, Tequila, y Feliz ! Viva Mexico Cabrones!!"}]}, "matching_rules": [{"id": 1401678016993017862, "tag": "Fernando Larrazabal"}, {"id": 1401678016993017863, "tag": "Clara Luz"}, {"id": 1401678016993017861, "tag": "Adrian de la Garza"}]}