{"data": {"entities": {"mentions": [{"start": 255, "end": 270, "username": "samuel_garcias"}], "annotations": [{"start": 6, "end": 9, "probability": 0.2629, "type": "Place", "normalized_text": "Le\u00f3n"}]}, "source": "Twitter Web App", "created_at": "2021-06-07T01:14:31.000Z", "author_id": "2893491907", "text": "Nuevo Le\u00f3n, fue el estado m\u00e1s atacado.Y tod@s los Regios sacamos la casta y defendimos a NL como perros!\ud83d\ude05\ud83d\udc15 Los quiero mucho o\u00edgan!\u2763Estoy Orgullosa de ser Regiomontana!*SOMOS UNOS PINCHES CHINGONES DE SIEMPRE!\ud83d\udc4a\ud83d\udc4a\ud83d\udc4aAnim\u00f3oooo!Tendremos el gober que Votamos, a @samuel_garcias \ud83d\udc48", "id": "1401709120244289538", "public_metrics": {"retweet_count": 0, "reply_count": 0, "like_count": 0, "quote_count": 0}}, "includes": {"users": [{"public_metrics": {"followers_count": 11609, "following_count": 7102, "tweet_count": 167109, "listed_count": 53}, "name": "\ud83c\uddf2\ud83c\uddfd \ud835\udd78\ud835\udd86\ud835\udd97\ud835\udd88\ud835\udd8a\ud835\udd91\ud835\udd86 \ud835\udd77\ud835\udd9a\ud835\udd96\ud835\udd9a\u00e9 \ud835\udd7d\ud835\udd86\ud835\udd93\ud835\udd8c\ud835\udd8a\ud835\udd91", "id": "2893491907", "username": "marcelaluqu", "verified": false, "created_at": "2014-11-08T06:02:17.000Z", "protected": false, "location": "San Pedro Garza Garc\u00eda, Nuevo ", "description": "#Senadora Supl x NL |\u2022Abogada|\u2022Maestr\u00eda=Dir Camp Elect|\u2022Agradecida a Dios\ud83d\ude4f\ud83c\udffb \ud83d\udc95*Pats~Brady~F1Hami~Juve~Federer~Raya2~Canelo~Lakers~Yankees~Cul\u00e9\ud83d\ude0a*Juicy Scooper"}]}, "matching_rules": [{"id": 1401678016993017864, "tag": "Samuel Garcia"}]}