{"data": {"entities": {"mentions": [{"start": 3, "end": 19, "username": "MiguelG23786419"}, {"start": 21, "end": 36, "username": "samuel_garcias"}]}, "source": "Twitter for iPhone", "created_at": "2021-06-07T01:15:07.000Z", "author_id": "1451659998", "text": "RT @MiguelG23786419: @samuel_garcias  \u00a1 ESTE SUJETO ACABA DE DECLARARSE GANADOR A LA GOBERNATURA DE NUEVO LE\u00d3N !\nA\u00fan no se si Re\u00edr \ud83e\udd23 o pone\u2026", "id": "1401709271708958723", "referenced_tweets": [{"type": "retweeted", "id": "1401678980093288453"}], "public_metrics": {"retweet_count": 9, "reply_count": 0, "like_count": 0, "quote_count": 0}}, "includes": {"users": [{"public_metrics": {"followers_count": 30, "following_count": 102, "tweet_count": 3750, "listed_count": 0}, "name": "Abel M", "id": "1451659998", "username": "mendozabel805", "verified": false, "created_at": "2013-05-23T14:42:56.000Z", "protected": false, "location": "California", "description": "Yo no pedi ser Mexicano, solo tube la Fortuna de serlo!! ..."}]}, "matching_rules": [{"id": 1401678016993017864, "tag": "Samuel Garcia"}]}