{"data": {"entities": {"mentions": [{"start": 3, "end": 17, "username": "PoetaCaminate"}], "annotations": [{"start": 22, "end": 26, "probability": 0.6776, "type": "Place", "normalized_text": "N. L."}, {"start": 64, "end": 69, "probability": 0.4588, "type": "Person", "normalized_text": "Morena"}, {"start": 122, "end": 130, "probability": 0.7524, "type": "Person", "normalized_text": "Clara Luz"}]}, "source": "Twitter for Android", "created_at": "2021-06-07T01:15:08.000Z", "author_id": "432032904", "text": "RT @PoetaCaminate: En N. L. las encuestas de salida indican que Morena va a perder. Desde que aceptaron la candidatura de Clara Luz, advert\u2026", "id": "1401709276566011907", "referenced_tweets": [{"type": "retweeted", "id": "1401694082175545344"}], "public_metrics": {"retweet_count": 67, "reply_count": 0, "like_count": 0, "quote_count": 0}}, "includes": {"users": [{"public_metrics": {"followers_count": 1491, "following_count": 585, "tweet_count": 129804, "listed_count": 29}, "name": "'Yihad del Mozimismo' Javier H F", "id": "432032904", "username": "HelgueraF", "verified": false, "created_at": "2011-12-08T23:39:23.000Z", "protected": false, "location": "En Veracruz Seguro te friegan!", "description": "Uno no es lo que quiere, sino lo que puede ser... soy un Payaso!: Molotov\n{No contesto a #PRIANbots ni #MorenaBots; los bloqueo} \nhttps://t.co/rTWysXMD5f"}]}, "matching_rules": [{"id": 1401678016993017863, "tag": "Clara Luz"}]}