{"data": {"entities": {"mentions": [{"start": 0, "end": 8, "username": "ZMyBerg"}, {"start": 9, "end": 25, "username": "FerLarrazabalNL"}, {"start": 26, "end": 42, "username": "AdrianDeLaGarza"}]}, "source": "Twitter Web App", "created_at": "2021-06-07T01:15:47.000Z", "author_id": "208291754", "text": "@ZMyBerg @FerLarrazabalNL @AdrianDeLaGarza De acuerdo. Pero hay un punto en que los votantes tienen que darse cuenta que su candidato ca abajo y que peligra el estado.", "id": "1401709438432645121", "referenced_tweets": [{"type": "replied_to", "id": "1401682421146398720"}], "public_metrics": {"retweet_count": 0, "reply_count": 0, "like_count": 0, "quote_count": 0}, "in_reply_to_user_id": "1322571595458772997"}, "includes": {"users": [{"public_metrics": {"followers_count": 2437, "following_count": 4979, "tweet_count": 30372, "listed_count": 6}, "name": "David Rojas", "id": "208291754", "username": "drojas_1", "verified": false, "created_at": "2010-10-27T00:49:13.000Z", "protected": false, "location": "Chez moi", "description": "En modo gratitud\ud83d\ude00"}]}, "matching_rules": [{"id": 1401678016993017862, "tag": "Fernando Larrazabal"}, {"id": 1401678016993017861, "tag": "Adrian de la Garza"}]}