{"data": {"entities": {"mentions": [{"start": 3, "end": 15, "username": "ExpPolitica"}, {"start": 17, "end": 30, "username": "PRI_Nacional"}, {"start": 31, "end": 46, "username": "MovCiudadanoMX"}, {"start": 47, "end": 61, "username": "mario_delgado"}, {"start": 62, "end": 76, "username": "colosioriojas"}, {"start": 77, "end": 87, "username": "Lidstelle"}], "annotations": [{"start": 105, "end": 107, "probability": 0.7615, "type": "Organization", "normalized_text": "PAN"}, {"start": 131, "end": 138, "probability": 0.4151, "type": "Place", "normalized_text": "Chihuahu"}]}, "source": "Twitter Web App", "created_at": "2021-06-07T01:16:19.000Z", "author_id": "404509793", "text": "RT @ExpPolitica: @PRI_Nacional @MovCiudadanoMX @mario_delgado @colosioriojas @Lidstelle La candidata del PAN por la gubernatura de Chihuahu\u2026", "id": "1401709571840880643", "referenced_tweets": [{"type": "retweeted", "id": "1401708706925006860"}], "public_metrics": {"retweet_count": 3, "reply_count": 0, "like_count": 0, "quote_count": 0}}, "includes": {"users": [{"public_metrics": {"followers_count": 1787, "following_count": 5002, "tweet_count": 13850, "listed_count": 3}, "name": "historia del amor de mexico internacional. siganos", "id": "404509793", "username": "SantiagoSalvad", "verified": false, "created_at": "2011-11-04T01:11:28.000Z", "protected": false, "location": "tolucamexico.tel.01722-5419014", "description": "la imagen musical que le canta al romanticismo. muy pronto en tu ciudad,ya que les robaremos el corazon y sus sentimientos con nuestra musica. y los seguimos."}]}, "matching_rules": [{"id": 1401678016993017864, "tag": "Samuel Garcia"}]}