{"data": {"entities": {"mentions": [{"start": 3, "end": 17, "username": "GustavoRocMtz"}], "annotations": [{"start": 19, "end": 36, "probability": 0.6831, "type": "Place", "normalized_text": "Colonia Las Palmas"}, {"start": 39, "end": 50, "probability": 0.3311, "type": "Place", "normalized_text": "Garc\u00eda, N.L."}, {"start": 75, "end": 87, "probability": 0.3657, "type": "Place", "normalized_text": "Tacoma blanca"}]}, "source": "Twitter for iPhone", "created_at": "2021-06-07T01:18:52.000Z", "author_id": "1470435908", "text": "RT @GustavoRocMtz: Colonia Las Palmas, Garc\u00eda, N.L. reportan una camioneta Tacoma blanca, con personas armadas a bordo impidiendo que las p\u2026", "id": "1401710214026383362", "referenced_tweets": [{"type": "retweeted", "id": "1401635123439751169"}], "public_metrics": {"retweet_count": 151, "reply_count": 0, "like_count": 0, "quote_count": 0}}, "includes": {"users": [{"public_metrics": {"followers_count": 3692, "following_count": 4999, "tweet_count": 291123, "listed_count": 100}, "name": "Compa Israel Bagundo", "id": "1470435908", "username": "IsraelBagundo", "verified": false, "created_at": "2013-05-30T19:00:05.000Z", "protected": false, "description": "#RedAmlover S\u00f3lo el pueblo organizado sacar\u00e1 adelante al pueblo de M\u00e9xico"}]}, "matching_rules": [{"id": 1401678016993017861, "tag": "Adrian de la Garza"}]}