{"data": {"entities": {"mentions": [{"start": 3, "end": 19, "username": "AdrianDeLaGarza"}], "urls": [{"start": 49, "end": 72, "url": "https://t.co/F1Hlt5v7K3", "expanded_url": "https://twitter.com/AdrianDeLaGarza/status/1401679458277412866/photo/1", "display_url": "pic.twitter.com/F1Hlt5v7K3"}]}, "source": "Twitter for iPhone", "created_at": "2021-06-07T01:18:57.000Z", "author_id": "345738317", "attachments": {"media_keys": ["3_1401679211857944584"]}, "text": "RT @AdrianDeLaGarza: \u00a1TODO VA A ESTAR BIEN! \ud83d\udcaa\ud83c\udffc\ud83d\udc4a\ud83c\udffc https://t.co/F1Hlt5v7K3", "id": "1401710237162344450", "referenced_tweets": [{"type": "retweeted", "id": "1401679458277412866"}], "public_metrics": {"retweet_count": 550, "reply_count": 0, "like_count": 0, "quote_count": 0}}, "includes": {"users": [{"public_metrics": {"followers_count": 826, "following_count": 977, "tweet_count": 11238, "listed_count": 3}, "name": "Gera", "id": "345738317", "username": "HelgueraG", "verified": false, "created_at": "2011-07-31T02:56:30.000Z", "protected": false, "location": "Queretaro", "description": "sin ataduras a la mediocridad y al conformismo."}]}, "matching_rules": [{"id": 1401678016993017861, "tag": "Adrian de la Garza"}]}