{"data": {"entities": {"hashtags": [{"start": 359, "end": 374, "tag": "ElValorDelVoto"}], "mentions": [{"start": 0, "end": 15, "username": "samuel_garcias"}, {"start": 16, "end": 32, "username": "lorenzocordovav"}, {"start": 33, "end": 48, "username": "pacocienfuegos"}, {"start": 49, "end": 63, "username": "lopezobrador_"}, {"start": 64, "end": 79, "username": "BeatrizGMuller"}, {"start": 80, "end": 96, "username": "SoyEvelynSalgad"}, {"start": 97, "end": 112, "username": "AccionNacional"}, {"start": 113, "end": 125, "username": "MarkoCortes"}, {"start": 126, "end": 139, "username": "Claudiashein"}, {"start": 140, "end": 147, "username": "vromog"}, {"start": 148, "end": 163, "username": "M_OlgaSCordero"}, {"start": 164, "end": 177, "username": "ChrisCastroB"}, {"start": 178, "end": 185, "username": "RGC_Mx"}, {"start": 186, "end": 200, "username": "AlfonsoDurazo"}, {"start": 201, "end": 212, "username": "rochamoya_"}, {"start": 213, "end": 229, "username": "ClaudiaPavlovic"}, {"start": 230, "end": 243, "username": "alitomorenoc"}, {"start": 244, "end": 254, "username": "INEMexico"}, {"start": 255, "end": 270, "username": "octaviopedroza"}, {"start": 271, "end": 286, "username": "DrCarlosLomeli"}, {"start": 287, "end": 302, "username": "EnriqueAlfaroR"}, {"start": 303, "end": 315, "username": "PabloLemusN"}, {"start": 316, "end": 329, "username": "MaruCampos_G"}, {"start": 330, "end": 341, "username": "rosaicela_"}, {"start": 342, "end": 358, "username": "AdrianDeLaGarza"}, {"start": 377, "end": 388, "username": "rochamoya_"}, {"start": 489, "end": 502, "username": "MarioZamoraG"}], "urls": [{"start": 503, "end": 526, "url": "https://t.co/7V8DPIh822", "expanded_url": "http://bit.ly/34SbQEj", "display_url": "bit.ly/34SbQEj", "status": 200, "title": "Reporte Indigo | Reporte \u00cdndigo se publica de lunes a viernes en la CDMX, Guadalajara y Monterrey. Noticias, entrevistas, opini\u00f3n, videos", "description": "Reporte \u00cdndigo se publica de lunes a viernes en la CDMX, Guadalajara y Monterrey. Noticias, entrevistas, opini\u00f3n, videos.", "unwound_url": "https://www.reporteindigo.com/"}, {"start": 527, "end": 550, "url": "https://t.co/pWuZL95lmP", "expanded_url": "https://twitter.com/Reporte_Indigo/status/1401710545259184133/video/1", "display_url": "pic.twitter.com/pWuZL95lmP"}], "annotations": [{"start": 426, "end": 432, "probability": 0.9913, "type": "Place", "normalized_text": "Sinaloa"}]}, "source": "TweetDeck", "created_at": "2021-06-07T01:20:11.000Z", "author_id": "31023547", "attachments": {"media_keys": ["7_1401710222498992131"]}, "text": "@samuel_garcias @lorenzocordovav @pacocienfuegos @lopezobrador_ @BeatrizGMuller @SoyEvelynSalgad @AccionNacional @MarkoCortes @Claudiashein @vromog @M_OlgaSCordero @ChrisCastroB @RGC_Mx @AlfonsoDurazo @rochamoya_ @ClaudiaPavlovic @alitomorenoc @INEMexico @octaviopedroza @DrCarlosLomeli @EnriqueAlfaroR @PabloLemusN @MaruCampos_G @rosaicela_ @AdrianDeLaGarza #ElValorDelVoto |\u00a0@rochamoya_ se declara ganador de la elecci\u00f3n en Sinaloa y asegura que su triunfo es por m\u00e1s de 20 puntos sobre @MarioZamoraG https://t.co/7V8DPIh822 https://t.co/pWuZL95lmP", "id": "1401710545259184133", "context_annotations": [{"domain": {"id": "10", "name": "Person", "description": "Named people in the world like Nelson Mandela"}, "entity": {"id": "905182543464472576", "name": "Andres Manuel Lopez Obrador", "description": "President of Mexico"}}, {"domain": {"id": "35", "name": "Politician", "description": "Politicians in the world, like Joe Biden"}, "entity": {"id": "905182543464472576", "name": "Andres Manuel Lopez Obrador", "description": "President of Mexico"}}, {"domain": {"id": "10", "name": "Person", "description": "Named people in the world like Nelson Mandela"}, "entity": {"id": "912378776016711680", "name": "Claudia Sheinbaum", "description": "Claudia Sheinbaum"}}, {"domain": {"id": "35", "name": "Politician", "description": "Politicians in the world, like Joe Biden"}, "entity": {"id": "912378776016711680", "name": "Claudia Sheinbaum", "description": "Claudia Sheinbaum"}}], "referenced_tweets": [{"type": "replied_to", "id": "1401680063347691522"}], "public_metrics": {"retweet_count": 0, "reply_count": 0, "like_count": 0, "quote_count": 0}, "in_reply_to_user_id": "31023547"}, "includes": {"users": [{"public_metrics": {"followers_count": 944085, "following_count": 650, "tweet_count": 285708, "listed_count": 5722}, "name": "Reporte \u00cdndigo", "id": "31023547", "username": "Reporte_Indigo", "verified": true, "created_at": "2009-04-14T01:47:10.000Z", "protected": false, "location": "CDMX / Guadalajara / Monterrey", "description": "Reporte \u00cdndigo es una multiplataforma de an\u00e1lisis e investigaci\u00f3n. Cons\u00faltanos: https://t.co/AITCL4SWPb Instagram: https://t.co/fGEwrfGS8e"}]}, "matching_rules": [{"id": 1401678016993017864, "tag": "Samuel Garcia"}, {"id": 1401678016993017861, "tag": "Adrian de la Garza"}]}