{"data": {"entities": {"mentions": [{"start": 3, "end": 17, "username": "PoetaCaminate"}], "annotations": [{"start": 22, "end": 26, "probability": 0.6776, "type": "Place", "normalized_text": "N. L."}, {"start": 64, "end": 69, "probability": 0.4588, "type": "Person", "normalized_text": "Morena"}, {"start": 122, "end": 130, "probability": 0.7524, "type": "Person", "normalized_text": "Clara Luz"}]}, "source": "Twitter Web App", "created_at": "2021-06-07T01:20:25.000Z", "author_id": "348858297", "text": "RT @PoetaCaminate: En N. L. las encuestas de salida indican que Morena va a perder. Desde que aceptaron la candidatura de Clara Luz, advert\u2026", "id": "1401710605262671879", "referenced_tweets": [{"type": "retweeted", "id": "1401694082175545344"}], "public_metrics": {"retweet_count": 72, "reply_count": 0, "like_count": 0, "quote_count": 0}}, "includes": {"users": [{"public_metrics": {"followers_count": 2529, "following_count": 2642, "tweet_count": 104064, "listed_count": 37}, "name": "Leonardo Delgado", "id": "348858297", "username": "Leonardo11mx", "verified": false, "created_at": "2011-08-05T03:35:21.000Z", "protected": false, "location": "M\u00e9xico", "description": "Bi\u00f3logo, investigador de la Biodiversidad. Inconforme con la situaci\u00f3n social, econ\u00f3mica, pol\u00edtica y ambiental de M\u00e9xico.\nTweets a t\u00edtulo personal."}]}, "matching_rules": [{"id": 1401678016993017863, "tag": "Clara Luz"}]}