{"data": {"entities": {"mentions": [{"start": 0, "end": 9, "username": "IvonneOP"}, {"start": 10, "end": 25, "username": "samuel_garcias"}]}, "source": "Twitter for iPhone", "created_at": "2021-06-07T01:20:43.000Z", "author_id": "1356685769071611905", "text": "@IvonneOP @samuel_garcias Estas pendeja o qu\u00e9? Jajaja vieja rid\u00edcula", "id": "1401710680097624068", "context_annotations": [{"domain": {"id": "10", "name": "Person", "description": "Named people in the world like Nelson Mandela"}, "entity": {"id": "905172814444953600", "name": "Ivonne Ortega Pacheco", "description": "Ivonne Ortega Pacheco"}}, {"domain": {"id": "35", "name": "Politician", "description": "Politicians in the world, like Joe Biden"}, "entity": {"id": "905172814444953600", "name": "Ivonne Ortega Pacheco", "description": "Ivonne Ortega Pacheco"}}], "referenced_tweets": [{"type": "replied_to", "id": "1401678283528359937"}], "public_metrics": {"retweet_count": 0, "reply_count": 0, "like_count": 0, "quote_count": 0}, "in_reply_to_user_id": "157013229"}, "includes": {"users": [{"public_metrics": {"followers_count": 4, "following_count": 5, "tweet_count": 179, "listed_count": 0}, "name": "Manolo Coronel", "id": "1356685769071611905", "username": "ManuelC14082915", "verified": false, "created_at": "2021-02-02T19:27:57.000Z", "protected": false, "description": "Nada que decir"}]}, "matching_rules": [{"id": 1401678016993017864, "tag": "Samuel Garcia"}]}