{"data": {"entities": {"mentions": [{"start": 3, "end": 18, "username": "CarlosAJimnez4"}, {"start": 23, "end": 38, "username": "samuel_garcias"}], "annotations": [{"start": 44, "end": 53, "probability": 0.2394, "type": "Other", "normalized_text": "Nuevo Leon"}]}, "source": "Twitter for iPhone", "created_at": "2021-06-07T01:21:00.000Z", "author_id": "356975694", "text": "RT @CarlosAJimnez4: Si @samuel_garcias gana Nuevo Leon, entonces porque presumen de \"inteligentes\"?", "id": "1401710752130650115", "referenced_tweets": [{"type": "retweeted", "id": "1401644171979591680"}], "public_metrics": {"retweet_count": 406, "reply_count": 0, "like_count": 0, "quote_count": 0}}, "includes": {"users": [{"public_metrics": {"followers_count": 134, "following_count": 629, "tweet_count": 17801, "listed_count": 0}, "name": "Carlos \"Colds\"", "id": "356975694", "username": "ca_frias", "verified": false, "created_at": "2011-08-17T17:10:36.000Z", "protected": false, "description": ""}]}, "matching_rules": [{"id": 1401678016993017864, "tag": "Samuel Garcia"}]}