{"data": {"entities": {"mentions": [{"start": 3, "end": 16, "username": "alixestriker"}], "annotations": [{"start": 30, "end": 42, "probability": 0.9945, "type": "Person", "normalized_text": "Samuel Garcia"}, {"start": 45, "end": 57, "probability": 0.9932, "type": "Person", "normalized_text": "Alfredo Adame"}]}, "source": "Twitter for Android", "created_at": "2021-06-07T01:21:14.000Z", "author_id": "2881723563", "text": "RT @alixestriker: Ojal\u00e1 gane; Samuel Garcia, Alfredo Adame y Tinieblas para que se les quite a ustedes lo pendejo.", "id": "1401710812402757636", "referenced_tweets": [{"type": "retweeted", "id": "1401646860293529602"}], "public_metrics": {"retweet_count": 42, "reply_count": 0, "like_count": 0, "quote_count": 0}}, "includes": {"users": [{"public_metrics": {"followers_count": 178, "following_count": 1076, "tweet_count": 1673, "listed_count": 0}, "name": "maximino lara", "id": "2881723563", "username": "blackdoggy74", "verified": false, "created_at": "2014-11-17T21:43:25.000Z", "protected": false, "description": ""}]}, "matching_rules": [{"id": 1401678016993017864, "tag": "Samuel Garcia"}]}