{"data": {"entities": {"mentions": [{"start": 3, "end": 18, "username": "Reporte_Indigo"}, {"start": 20, "end": 35, "username": "samuel_garcias"}, {"start": 36, "end": 52, "username": "lorenzocordovav"}, {"start": 53, "end": 68, "username": "pacocienfuegos"}, {"start": 69, "end": 83, "username": "lopezobrador_"}, {"start": 84, "end": 99, "username": "BeatrizGMuller"}, {"start": 100, "end": 116, "username": "SoyEvelynSalgad"}, {"start": 117, "end": 132, "username": "AccionNacional"}]}, "source": "Twitter for Android", "created_at": "2021-06-07T01:21:59.000Z", "author_id": "2381641285", "text": "RT @Reporte_Indigo: @samuel_garcias @lorenzocordovav @pacocienfuegos @lopezobrador_ @BeatrizGMuller @SoyEvelynSalgad @AccionNacional @Marko\u2026", "id": "1401710997543469057", "context_annotations": [{"domain": {"id": "10", "name": "Person", "description": "Named people in the world like Nelson Mandela"}, "entity": {"id": "905182543464472576", "name": "Andres Manuel Lopez Obrador", "description": "President of Mexico"}}, {"domain": {"id": "35", "name": "Politician", "description": "Politicians in the world, like Joe Biden"}, "entity": {"id": "905182543464472576", "name": "Andres Manuel Lopez Obrador", "description": "President of Mexico"}}], "referenced_tweets": [{"type": "retweeted", "id": "1401680063347691522"}], "public_metrics": {"retweet_count": 5, "reply_count": 0, "like_count": 0, "quote_count": 0}}, "includes": {"users": [{"public_metrics": {"followers_count": 262, "following_count": 1895, "tweet_count": 43421, "listed_count": 6}, "name": "Jorge Levieux", "id": "2381641285", "username": "jorlevieux", "verified": false, "created_at": "2014-03-10T06:19:12.000Z", "protected": false, "location": "Ciudad de Buenos Aires, Ar", "description": "ARGENTINO, PORTE\u00d1O, HINCHA DE RIVER PLATE"}]}, "matching_rules": [{"id": 1401678016993017864, "tag": "Samuel Garcia"}, {"id": 1401678016993017861, "tag": "Adrian de la Garza"}]}