{"data": {"entities": {"mentions": [{"start": 3, "end": 19, "username": "lupitamontiel09"}, {"start": 102, "end": 117, "username": "MovCiudadanoMX"}]}, "source": "Twitter for iPhone", "created_at": "2021-06-07T01:24:43.000Z", "author_id": "1695272454", "text": "RT @lupitamontiel09: Ay\u00fadenme a reportar en nuevo Loen\nMi hermana esta de representante de casilla de @MovCiudadanoMX \nAcueducto #6101 Ciud\u2026", "id": "1401711689368846337", "referenced_tweets": [{"type": "retweeted", "id": "1401705110783336450"}], "public_metrics": {"retweet_count": 15, "reply_count": 0, "like_count": 0, "quote_count": 0}}, "includes": {"users": [{"public_metrics": {"followers_count": 860, "following_count": 625, "tweet_count": 42774, "listed_count": 4}, "name": "m", "id": "1695272454", "username": "melychapa54", "verified": false, "created_at": "2013-08-24T02:13:26.000Z", "protected": false, "location": "La Chingada", "description": "say what u like I have no heart to break"}]}, "matching_rules": [{"id": 1401678016993017864, "tag": "Samuel Garcia"}]}