{"data": {"entities": {"mentions": [{"start": 0, "end": 14, "username": "PorfirioChica"}, {"start": 15, "end": 30, "username": "samuel_garcias"}], "annotations": [{"start": 68, "end": 73, "probability": 0.9646, "type": "Place", "normalized_text": "M\u00e9xico"}]}, "source": "Twitter for Android", "geo": {"place_id": "00248a624c64e405"}, "created_at": "2021-06-07T01:24:50.000Z", "author_id": "425631612", "text": "@PorfirioChica @samuel_garcias Posiblemente el futuro presidente de M\u00e9xico.", "id": "1401711715067346955", "context_annotations": [{"domain": {"id": "119", "name": "Holiday", "description": "Holidays like Christmas or Halloween"}, "entity": {"id": "1286645331686350848", "name": "Dia de la Independencia (Grito de Dolores) ", "description": "This entity includes conversations about Dia de la Independencia (Grito de Dolores) for all years."}}], "referenced_tweets": [{"type": "replied_to", "id": "1401710028172713985"}], "public_metrics": {"retweet_count": 0, "reply_count": 0, "like_count": 0, "quote_count": 0}, "in_reply_to_user_id": "461528480"}, "includes": {"users": [{"public_metrics": {"followers_count": 4540, "following_count": 555, "tweet_count": 80368, "listed_count": 11}, "name": "C\u00e9sar Serrano", "id": "425631612", "username": "Cezserrano", "verified": false, "created_at": "2011-12-01T07:15:30.000Z", "protected": false, "location": "El Salvador", "description": "Padre de una sirena. De un pueblito."}]}, "matching_rules": [{"id": 1401678016993017864, "tag": "Samuel Garcia"}]}