{"data": {"entities": {"mentions": [{"start": 3, "end": 19, "username": "lupitamontiel09"}, {"start": 102, "end": 117, "username": "MovCiudadanoMX"}]}, "source": "Twitter for iPhone", "created_at": "2021-06-07T01:25:21.000Z", "author_id": "3304580797", "text": "RT @lupitamontiel09: Ay\u00fadenme a reportar en nuevo Loen\nMi hermana esta de representante de casilla de @MovCiudadanoMX \nAcueducto #6101 Ciud\u2026", "id": "1401711845203976195", "referenced_tweets": [{"type": "retweeted", "id": "1401705110783336450"}], "public_metrics": {"retweet_count": 19, "reply_count": 0, "like_count": 0, "quote_count": 0}}, "includes": {"users": [{"public_metrics": {"followers_count": 553, "following_count": 470, "tweet_count": 32037, "listed_count": 2}, "name": "adriana", "id": "3304580797", "username": "adrycast04", "verified": false, "created_at": "2015-08-02T19:49:26.000Z", "protected": false, "location": "Monterrey, Nuevo Le\u00f3n", "description": "nanoo \ud83d\udc8d"}]}, "matching_rules": [{"id": 1401678016993017864, "tag": "Samuel Garcia"}]}