{"data": {"entities": {"mentions": [{"start": 3, "end": 15, "username": "luisghernan"}, {"start": 32, "end": 47, "username": "claraluzflores"}, {"start": 93, "end": 109, "username": "PartidoMorenaMx"}]}, "source": "Twitter for Android", "created_at": "2021-06-07T01:26:00.000Z", "author_id": "338700402", "text": "RT @luisghernan: Esta noche...\n\n@claraluzflores se convierte en el \n\nFRACASO M\u00c1S GRANDE \n\nde @PartidoMorenaMx \n\nSe hunde hasta el CUARTO LU\u2026", "id": "1401712012342726660", "referenced_tweets": [{"type": "retweeted", "id": "1401682306738294785"}], "public_metrics": {"retweet_count": 128, "reply_count": 0, "like_count": 0, "quote_count": 0}}, "includes": {"users": [{"public_metrics": {"followers_count": 2233, "following_count": 200, "tweet_count": 509094, "listed_count": 104}, "name": "ana maria quiroz", "id": "338700402", "username": "ajuix", "verified": false, "created_at": "2011-07-19T23:43:16.000Z", "protected": false, "location": "mexico df, del coy", "description": "yo,sujeta parecida a tlaconete retorciendose por comprender este endiablado mundo de lo humano"}]}, "matching_rules": [{"id": 1401678016993017863, "tag": "Clara Luz"}]}