{"data": {"entities": {"mentions": [{"start": 0, "end": 15, "username": "claraluzflores"}, {"start": 16, "end": 24, "username": "hekglez"}], "annotations": [{"start": 213, "end": 218, "probability": 0.8976, "type": "Place", "normalized_text": "M\u00e9xico"}]}, "source": "Twitter Web App", "created_at": "2021-06-07T01:26:19.000Z", "author_id": "996578891916632064", "text": "@claraluzflores @hekglez La \"izquierda evangelista mexicana\".   \n\nLa alta burocracia mexicana.  \n\nViendo lo pobre y lejos que est\u00e1n de ser progresistas, \n\ndel triunfalismo mesi\u00e1nico,\n\n a ser una partido m\u00e1s en el M\u00e9xico ensangrentado, violado y secuestrado.\n\nse suman en ser uno m\u00e1s.", "id": "1401712089505300485", "context_annotations": [{"domain": {"id": "3", "name": "TV Shows", "description": "Television shows from around the world"}, "entity": {"id": "10053579164", "name": "Pose", "description": "The legends, icons and ferocious house mothers of New York's underground ball culture.\n\nPhoto via @PoseFX"}}, {"domain": {"id": "4", "name": "TV Episodes", "description": "Television show episodes"}, "entity": {"id": "1397150806902669314", "name": "Series Finale", "description": "The legends, icons and ferocious house mothers of New York's underground ball culture.\n\nPhoto via @PoseFX"}}, {"domain": {"id": "119", "name": "Holiday", "description": "Holidays like Christmas or Halloween"}, "entity": {"id": "1286645331686350848", "name": "Dia de la Independencia (Grito de Dolores) ", "description": "This entity includes conversations about Dia de la Independencia (Grito de Dolores) for all years."}}], "referenced_tweets": [{"type": "replied_to", "id": "1401692802854047745"}], "public_metrics": {"retweet_count": 0, "reply_count": 0, "like_count": 0, "quote_count": 0}, "in_reply_to_user_id": "224678647"}, "includes": {"users": [{"public_metrics": {"followers_count": 207, "following_count": 523, "tweet_count": 14286, "listed_count": 1}, "name": "Estoy", "id": "996578891916632064", "username": "EduardoSiguenz4", "verified": false, "created_at": "2018-05-16T02:31:38.000Z", "protected": false, "description": "Operaciones & Logistica internacional de mercanc\u00edas -supplay chain. Compartiendo puertos, trenes, aeropuertos, carreteras y sue\u00f1os."}]}, "matching_rules": [{"id": 1401678016993017863, "tag": "Clara Luz"}]}