{"data": {"entities": {"mentions": [{"start": 3, "end": 13, "username": "ryodeDios"}, {"start": 62, "end": 78, "username": "AdrianDeLaGarza"}, {"start": 102, "end": 117, "username": "samuel_garcias"}], "annotations": [{"start": 51, "end": 57, "probability": 0.7283, "type": "Organization", "normalized_text": "PRI PRD"}]}, "source": "Twitter for Android", "created_at": "2021-06-07T01:26:25.000Z", "author_id": "2455543376", "text": "RT @ryodeDios: Vean esta chulada \ud83e\udd73\n\nVa ganando el PRI PRD con @AdrianDeLaGarza\nBravo \ud83d\udc4f \ud83d\udc4f \ud83d\udc4f \ud83d\udc4f\n\nBye Bye @samuel_garcias \ud83d\udc4b\n\nImagen v\u00eda @aleida\u2026", "id": "1401712113819820037", "referenced_tweets": [{"type": "retweeted", "id": "1401668750462656513"}], "public_metrics": {"retweet_count": 148, "reply_count": 0, "like_count": 0, "quote_count": 0}}, "includes": {"users": [{"public_metrics": {"followers_count": 780, "following_count": 819, "tweet_count": 5076, "listed_count": 0}, "name": "Edmundo Dantes", "id": "2455543376", "username": "jimyn3", "verified": false, "created_at": "2014-04-20T21:32:36.000Z", "protected": false, "description": "A favor del desarrollo de M\u00e9xico en todos sus aspectos , sin mentiras, sin falsos datos, sin 4 T, sin ma\u00f1aneras! \nS\u00edgueme y te sigo!"}]}, "matching_rules": [{"id": 1401678016993017864, "tag": "Samuel Garcia"}, {"id": 1401678016993017861, "tag": "Adrian de la Garza"}]}