{"data": {"entities": {"mentions": [{"start": 3, "end": 18, "username": "samuel_garcias"}]}, "source": "Twitter for Android", "created_at": "2021-06-07T01:26:43.000Z", "author_id": "1247948153921458176", "text": "RT @samuel_garcias: Gracias Nuevo Le\u00f3n, llevamos una ventaja de 10.5% y la tendencia nos sigue favoreciendo, los mantendr\u00e9 informados.\n\nHoy\u2026", "id": "1401712190953070595", "referenced_tweets": [{"type": "retweeted", "id": "1401686737911353344"}], "public_metrics": {"retweet_count": 146, "reply_count": 0, "like_count": 0, "quote_count": 0}}, "includes": {"users": [{"public_metrics": {"followers_count": 29, "following_count": 68, "tweet_count": 1754, "listed_count": 0}, "name": "Mia", "id": "1247948153921458176", "username": "Mia48681927", "verified": false, "created_at": "2020-04-08T18:04:03.000Z", "protected": false, "description": "Por siempre dentro de la verdad."}]}, "matching_rules": [{"id": 1401678016993017864, "tag": "Samuel Garcia"}]}