{"data": {"entities": {"hashtags": [{"start": 21, "end": 31, "tag": "NuevoLe\u00f3n"}], "mentions": [{"start": 3, "end": 17, "username": "GustavoRocMtz"}, {"start": 33, "end": 49, "username": "PartidoMorenaMx"}, {"start": 122, "end": 138, "username": "PartidoMorenaMx"}], "annotations": [{"start": 82, "end": 90, "probability": 0.6194, "type": "Person", "normalized_text": "Clara Luz"}, {"start": 109, "end": 120, "probability": 0.25, "type": "Other", "normalized_text": "Neo Leoneses"}]}, "source": "Twitter for Android", "created_at": "2021-06-07T01:27:05.000Z", "author_id": "1531931526", "text": "RT @GustavoRocMtz: A #NuevoLe\u00f3n  @PartidoMorenaMx lo entreg\u00f3 desde la elecci\u00f3n de Clara Luz, a nosotros, los Neo Leoneses @PartidoMorenaMx\u2026", "id": "1401712284330778625", "referenced_tweets": [{"type": "retweeted", "id": "1401711713343492097"}], "public_metrics": {"retweet_count": 8, "reply_count": 0, "like_count": 0, "quote_count": 0}}, "includes": {"users": [{"public_metrics": {"followers_count": 5435, "following_count": 4889, "tweet_count": 205086, "listed_count": 35}, "name": "javier hombre comun !", "id": "1531931526", "username": "jaca6311", "verified": false, "created_at": "2013-06-19T20:44:37.000Z", "protected": false, "location": "Sarasota Springs, FL", "description": "Licenciado en artes adivinatorias y alejo los malos espiritus ,,,para acabar pronto soy un Cabron Abierto...a toda propuesta indecorosa !! \ud83d\ude08\n#RedAMLOVE\ud83c\uddee\ud83c\uddf9"}]}, "matching_rules": [{"id": 1401678016993017863, "tag": "Clara Luz"}]}