{"data": {"entities": {"hashtags": [{"start": 46, "end": 56, "tag": "NuevoLe\u00f3n"}, {"start": 75, "end": 85, "tag": "VotaClara"}, {"start": 86, "end": 97, "tag": "VotaMorena"}, {"start": 98, "end": 105, "tag": "VotaPT"}, {"start": 106, "end": 123, "tag": "VotaNuevaAlianza"}], "mentions": [{"start": 3, "end": 18, "username": "claraluzflores"}]}, "source": "Twitter for Android", "created_at": "2021-06-07T01:27:34.000Z", "author_id": "897838244091621376", "text": "RT @claraluzflores: \u00a1Juntos haremos historia! #NuevoLe\u00f3n \n\nEste 6 de junio #VotaClara #VotaMorena #VotaPT #VotaNuevaAlianza #VotaPartidoVer\u2026", "id": "1401712404581564419", "referenced_tweets": [{"type": "retweeted", "id": "1399841627699486720"}], "public_metrics": {"retweet_count": 308, "reply_count": 0, "like_count": 0, "quote_count": 0}}, "includes": {"users": [{"public_metrics": {"followers_count": 4026, "following_count": 1662, "tweet_count": 62405, "listed_count": 15}, "name": "LUJO DE ELECTORERO \ud83d\udc8e", "id": "897838244091621376", "username": "Dios_Tollotzinx", "verified": false, "created_at": "2017-08-16T15:11:33.000Z", "protected": false, "location": "Ozark, MO", "description": "No quiero que cambies de opini\u00f3n o pienses como yo, nada m\u00e1s vine a re\u00edr. Soy guap\u00edsimo. No s\u00e9 manejar carros autom\u00e1ticos, solo est\u00e1ndar. Heterosexual cat\u00f3lico."}]}, "matching_rules": [{"id": 1401678016993017863, "tag": "Clara Luz"}]}