{"data": {"entities": {"mentions": [{"start": 3, "end": 18, "username": "samuel_garcias"}]}, "source": "Twitter for iPhone", "created_at": "2021-06-07T01:30:13.000Z", "author_id": "1320718094", "text": "RT @samuel_garcias: Gracias a tu participaci\u00f3n, nuestra ventaja es irreversible y se va a confirmar con el avance los conteos r\u00e1pidos. No h\u2026", "id": "1401713071572271117", "referenced_tweets": [{"type": "retweeted", "id": "1401707674731913223"}], "public_metrics": {"retweet_count": 24, "reply_count": 0, "like_count": 0, "quote_count": 0}}, "includes": {"users": [{"public_metrics": {"followers_count": 117, "following_count": 927, "tweet_count": 11390, "listed_count": 6}, "name": "Guillermo Meza", "id": "1320718094", "username": "MezaElpro", "verified": false, "created_at": "2013-04-01T16:46:53.000Z", "protected": false, "location": "Jalisco, M\u00e9xico", "description": "Papa X2, MCP (ITESM), I.I. (UDG), Meza Industries, High Performance Polyamides"}]}, "matching_rules": [{"id": 1401678016993017864, "tag": "Samuel Garcia"}]}