{"data": {"entities": {"hashtags": [{"start": 182, "end": 197, "tag": "Elecciones2021"}, {"start": 198, "end": 211, "tag": "EleccionesNL"}, {"start": 212, "end": 229, "tag": "Elecciones2021Mx"}, {"start": 230, "end": 239, "tag": "PREP2021"}], "mentions": [{"start": 18, "end": 28, "username": "INEMexico"}, {"start": 30, "end": 46, "username": "CiroMurayamaINE"}, {"start": 138, "end": 153, "username": "samuel_garcias"}, {"start": 154, "end": 168, "username": "mario_delgado"}, {"start": 169, "end": 181, "username": "MarkoCortes"}], "urls": [{"start": 243, "end": 266, "url": "https://t.co/J2I8Rhtynm", "expanded_url": "https://megaurbe.com.mx/los-votos-no-se-han-contado-ciro-murayama/", "display_url": "megaurbe.com.mx/los-votos-no-s\u2026", "images": [{"url": "https://pbs.twimg.com/news_img/1401713094359928841/u7Iljxm4?format=png&name=orig", "width": 574, "height": 409}, {"url": "https://pbs.twimg.com/news_img/1401713094359928841/u7Iljxm4?format=png&name=150x150", "width": 150, "height": 150}], "status": 200, "title": "Los votos no se han contado: Ciro Murayama - Mega Urbe", "description": "Llos votos no se han contado\u201d y quienes \u201cse declaran ganadores son irresponsables\u201d, se\u00f1al\u00f3 el consejero electoral: Ciro Murayama.", "unwound_url": "https://megaurbe.com.mx/los-votos-no-se-han-contado-ciro-murayama/"}]}, "source": "Twitter Web App", "created_at": "2021-06-07T01:30:17.000Z", "author_id": "1349030924651028480", "text": "\ud83d\ude2fEl consejero del @INEMexico, @CiroMurayamaINE \"rega\u00f1a\" a quienes se declaran ganadores antes de la elecci\u00f3n.\n\n\u00bfQuieres saber qu\u00e9 dijo?\ud83e\udd14\n\n@samuel_garcias @mario_delgado @MarkoCortes #Elecciones2021 #EleccionesNL #Elecciones2021Mx #PREP2021 \n\n\ud83d\udc49https://t.co/J2I8Rhtynm", "id": "1401713089813303296", "public_metrics": {"retweet_count": 0, "reply_count": 0, "like_count": 0, "quote_count": 0}}, "includes": {"users": [{"public_metrics": {"followers_count": 32, "following_count": 288, "tweet_count": 820, "listed_count": 0}, "name": "MegaurbeMX", "id": "1349030924651028480", "username": "MegaurbeMx", "verified": false, "created_at": "2021-01-12T16:30:33.000Z", "protected": false, "location": "Ciudad de M\u00e9xico", "description": "Somos un portal de noticias con la informaci\u00f3n m\u00e1s importante a nivel nacional e internacional, deportes y entretenimiento #MegaUrbeMx"}]}, "matching_rules": [{"id": 1401678016993017864, "tag": "Samuel Garcia"}]}