{"data": {"entities": {"mentions": [{"start": 3, "end": 18, "username": "Sekiresucitado"}], "urls": [{"start": 101, "end": 124, "url": "https://t.co/8H0F4CKGYk", "expanded_url": "https://twitter.com/Sekiresucitado/status/1401561104376078342/photo/1", "display_url": "pic.twitter.com/8H0F4CKGYk"}], "annotations": [{"start": 71, "end": 83, "probability": 0.9854, "type": "Person", "normalized_text": "SAMUEL GARCIA"}]}, "source": "Twitter for Android", "created_at": "2021-06-07T01:31:15.000Z", "author_id": "1125973272011726849", "attachments": {"media_keys": ["3_1401561102270480389"]}, "text": "RT @Sekiresucitado: \u00a1S\u00daBETE PERRA, VAMOS A VOTAR!\n\nHAY QUE IMPEDIR QUE SAMUEL GARCIA SEA GOBERNADOR. https://t.co/8H0F4CKGYk", "id": "1401713331858292742", "referenced_tweets": [{"type": "retweeted", "id": "1401561104376078342"}], "public_metrics": {"retweet_count": 246, "reply_count": 0, "like_count": 0, "quote_count": 0}}, "includes": {"users": [{"public_metrics": {"followers_count": 302, "following_count": 4395, "tweet_count": 1979, "listed_count": 0}, "name": "George Grueso", "id": "1125973272011726849", "username": "JorgeEs45352230", "verified": false, "created_at": "2019-05-08T03:58:42.000Z", "protected": false, "location": "Garc\u00eda, Nuevo Le\u00f3n", "description": "Casado\nDisfrutando la vida"}]}, "matching_rules": [{"id": 1401678016993017864, "tag": "Samuel Garcia"}]}