{"data": {"entities": {"mentions": [{"start": 0, "end": 12, "username": "MDArturoRdz"}, {"start": 36, "end": 52, "username": "AdrianDeLaGarza"}], "annotations": [{"start": 57, "end": 65, "probability": 0.9828, "type": "Place", "normalized_text": "Monterrey"}]}, "source": "Twitter for Android", "created_at": "2021-06-07T01:31:52.000Z", "author_id": "2222531346", "text": "@MDArturoRdz Excelente, espero gane @AdrianDeLaGarza  en Monterrey.", "id": "1401713485260722176", "referenced_tweets": [{"type": "replied_to", "id": "1401712921349083137"}], "public_metrics": {"retweet_count": 0, "reply_count": 0, "like_count": 0, "quote_count": 0}, "in_reply_to_user_id": "88992814"}, "includes": {"users": [{"public_metrics": {"followers_count": 2478, "following_count": 2352, "tweet_count": 67806, "listed_count": 6}, "name": "DiannDerecho", "id": "2222531346", "username": "DiannDerecho", "verified": false, "created_at": "2013-11-30T05:42:41.000Z", "protected": false, "location": "Mexico", "description": "Siempre luchando por un M\u00e9xico mejor. No se admiten Amlovers, ni seguidores de la 4T.\n#FuerzaM\u00e9xico"}]}, "matching_rules": [{"id": 1401678016993017861, "tag": "Adrian de la Garza"}]}