{"data": {"entities": {"mentions": [{"start": 3, "end": 19, "username": "EllaCantaloupeH"}, {"start": 91, "end": 106, "username": "samuel_garcias"}]}, "source": "Twitter for Android", "created_at": "2021-06-07T01:32:29.000Z", "author_id": "1086746633159626752", "text": "RT @EllaCantaloupeH: Vean nom\u00e1s!\nEsta estulta feli porque los gobernar\u00e1 el otro imb\u00e9cil de @samuel_garcias \nEn su pa\u00eds tambi\u00e9n se casan ent\u2026", "id": "1401713640143785986", "referenced_tweets": [{"type": "retweeted", "id": "1401697905333899266"}], "public_metrics": {"retweet_count": 5, "reply_count": 0, "like_count": 0, "quote_count": 0}}, "includes": {"users": [{"public_metrics": {"followers_count": 897, "following_count": 3936, "tweet_count": 17919, "listed_count": 2}, "name": "MaynardZombie", "id": "1086746633159626752", "username": "ZombieMaynard", "verified": false, "created_at": "2019-01-19T22:06:02.000Z", "protected": false, "location": "Hidalgo, Michoac\u00e1n de Ocampo", "description": ""}]}, "matching_rules": [{"id": 1401678016993017864, "tag": "Samuel Garcia"}]}