{"data": {"entities": {"mentions": [{"start": 0, "end": 15, "username": "claraluzflores"}], "annotations": [{"start": 31, "end": 37, "probability": 0.6587, "type": "Person", "normalized_text": "Raniere"}, {"start": 42, "end": 46, "probability": 0.3165, "type": "Place", "normalized_text": "NXIVM"}]}, "source": "Twitter for iPhone", "created_at": "2021-06-07T01:32:59.000Z", "author_id": "166970399", "text": "@claraluzflores Yo creo que mi Raniere en NXIVM te dio tan duro como te dieron en estas elecciones \ud83d\ude02\ud83d\ude02\ud83d\ude02", "id": "1401713766958514178", "referenced_tweets": [{"type": "replied_to", "id": "1401692802854047745"}], "public_metrics": {"retweet_count": 0, "reply_count": 0, "like_count": 0, "quote_count": 0}, "in_reply_to_user_id": "224678647"}, "includes": {"users": [{"public_metrics": {"followers_count": 2027, "following_count": 2784, "tweet_count": 11353, "listed_count": 14}, "name": "El Rick", "id": "166970399", "username": "rick_m_v", "verified": false, "created_at": "2010-07-15T12:51:21.000Z", "protected": false, "location": "Distrito Federal, M\u00e9xico", "description": "Trabajando De Sol a Sol"}]}, "matching_rules": [{"id": 1401678016993017863, "tag": "Clara Luz"}]}