{"data": {"entities": {"mentions": [{"start": 0, "end": 11, "username": "Elenacorca"}, {"start": 12, "end": 27, "username": "samuel_garcias"}, {"start": 28, "end": 44, "username": "AdrianDeLaGarza"}], "annotations": [{"start": 144, "end": 161, "probability": 0.5425, "type": "Person", "normalized_text": "Adri\u00e1n de la Garza"}]}, "source": "Twitter for Android", "created_at": "2021-06-07T01:35:14.000Z", "author_id": "1391608354607349760", "text": "@Elenacorca @samuel_garcias @AdrianDeLaGarza Qu\u00e9 asco estos actos de vandalismo, Espero se solucione r\u00e1pido para que no le quiten la victoria a Adri\u00e1n de la Garza", "id": "1401714332069675009", "referenced_tweets": [{"type": "replied_to", "id": "1401713365374935041"}], "public_metrics": {"retweet_count": 0, "reply_count": 0, "like_count": 0, "quote_count": 0}, "in_reply_to_user_id": "1324559891252523010"}, "includes": {"users": [{"public_metrics": {"followers_count": 139, "following_count": 222, "tweet_count": 3139, "listed_count": 0}, "name": "Natalia", "id": "1391608354607349760", "username": "Nataliasro", "verified": false, "created_at": "2021-05-10T04:17:48.000Z", "protected": false, "description": "Me gustan los perros y bailar \ud83e\udd70"}]}, "matching_rules": [{"id": 1401678016993017864, "tag": "Samuel Garcia"}, {"id": 1401678016993017861, "tag": "Adrian de la Garza"}]}