{"data": {"entities": {"hashtags": [{"start": 97, "end": 126, "tag": "PincheTransformaci\u00f3nDeCuarta"}], "mentions": [{"start": 0, "end": 15, "username": "claraluzflores"}]}, "source": "Twitter for Android", "created_at": "2021-06-07T01:35:17.000Z", "author_id": "160639299", "text": "@claraluzflores Cerrados entre otros dos candidatos as\u00ed que, si\u00e9ntese mejor a esperarlos. As\u00ed la #PincheTransformaci\u00f3nDeCuarta.", "id": "1401714347794210826", "referenced_tweets": [{"type": "replied_to", "id": "1401692802854047745"}], "public_metrics": {"retweet_count": 0, "reply_count": 0, "like_count": 0, "quote_count": 0}, "in_reply_to_user_id": "224678647"}, "includes": {"users": [{"public_metrics": {"followers_count": 57, "following_count": 491, "tweet_count": 4032, "listed_count": 1}, "name": "Oscar M. Espinosa Z.", "id": "160639299", "username": "excym_oscar", "verified": false, "created_at": "2010-06-28T19:01:18.000Z", "protected": false, "location": "Quer\u00e9taro, Qro. ", "description": ""}]}, "matching_rules": [{"id": 1401678016993017863, "tag": "Clara Luz"}]}