{"data": {"entities": {"mentions": [{"start": 3, "end": 16, "username": "JesusChuyCon"}], "annotations": [{"start": 29, "end": 32, "probability": 0.3091, "type": "Person", "normalized_text": "Le\u00f3n"}]}, "source": "Twitter Web App", "created_at": "2021-06-07T01:35:44.000Z", "author_id": "1387868216391868416", "text": "RT @JesusChuyCon: Todo Nuevo Le\u00f3n est\u00e1 orgulloso Por tu gran trabajo durante la campa\u00f1a pol\u00edtica y ahora qu\u00e9 ganaste las elecciones, sabemo\u2026", "id": "1401714459463360520", "referenced_tweets": [{"type": "retweeted", "id": "1401709749217996800"}], "public_metrics": {"retweet_count": 9, "reply_count": 0, "like_count": 0, "quote_count": 0}}, "includes": {"users": [{"public_metrics": {"followers_count": 108, "following_count": 99, "tweet_count": 1794, "listed_count": 0}, "name": "Alondra Lopez", "id": "1387868216391868416", "username": "aloalolpz", "verified": false, "created_at": "2021-04-29T20:35:52.000Z", "protected": false, "description": ""}]}, "matching_rules": [{"id": 1401678016993017861, "tag": "Adrian de la Garza"}]}