{"data": {"entities": {"mentions": [{"start": 53, "end": 69, "username": "AdrianDeLaGarza"}], "urls": [{"start": 70, "end": 93, "url": "https://t.co/msCwQjhSlO", "expanded_url": "https://twitter.com/MHrdz12/status/1401714475485392899/photo/1", "display_url": "pic.twitter.com/msCwQjhSlO"}]}, "source": "Twitter for Android", "created_at": "2021-06-07T01:35:48.000Z", "author_id": "1392136631512043525", "attachments": {"media_keys": ["3_1401714471639212035"]}, "text": "Mucho \u00e9xito como gobernador, conf\u00edo plenamente en ti @AdrianDeLaGarza https://t.co/msCwQjhSlO", "id": "1401714475485392899", "public_metrics": {"retweet_count": 0, "reply_count": 0, "like_count": 0, "quote_count": 0}}, "includes": {"users": [{"public_metrics": {"followers_count": 139, "following_count": 200, "tweet_count": 2006, "listed_count": 0}, "name": "Mich \ud83c\udf52", "id": "1392136631512043525", "username": "MHrdz12", "verified": false, "created_at": "2021-05-11T15:17:02.000Z", "protected": false, "description": "Y me acord\u00e9 de ti, y me hiciste feliz.."}]}, "matching_rules": [{"id": 1401678016993017861, "tag": "Adrian de la Garza"}]}