{"data": {"entities": {"mentions": [{"start": 0, "end": 16, "username": "MatiasDomngue16"}, {"start": 17, "end": 33, "username": "AdrianDeLaGarza"}], "annotations": [{"start": 34, "end": 39, "probability": 0.8194, "type": "Person", "normalized_text": "Adri\u00e1n"}]}, "source": "Twitter for iPhone", "created_at": "2021-06-07T01:36:21.000Z", "author_id": "1379166355522478082", "text": "@MatiasDomngue16 @AdrianDeLaGarza Adri\u00e1n el gober fav! \ud83e\udd73", "id": "1401714614140903430", "referenced_tweets": [{"type": "replied_to", "id": "1401713065012441088"}], "public_metrics": {"retweet_count": 0, "reply_count": 0, "like_count": 0, "quote_count": 0}, "in_reply_to_user_id": "1374595093513052160"}, "includes": {"users": [{"public_metrics": {"followers_count": 10, "following_count": 33, "tweet_count": 318, "listed_count": 0}, "name": "Lalo Garc\u00eda 07", "id": "1379166355522478082", "username": "LaloGarca071", "verified": false, "created_at": "2021-04-05T20:17:58.000Z", "protected": false, "description": ""}]}, "matching_rules": [{"id": 1401678016993017861, "tag": "Adrian de la Garza"}]}