{"data": {"entities": {"mentions": [{"start": 3, "end": 13, "username": "ryodeDios"}, {"start": 62, "end": 78, "username": "AdrianDeLaGarza"}, {"start": 102, "end": 117, "username": "samuel_garcias"}], "annotations": [{"start": 51, "end": 57, "probability": 0.7283, "type": "Organization", "normalized_text": "PRI PRD"}]}, "source": "Twitter Web App", "created_at": "2021-06-07T01:36:31.000Z", "author_id": "966245831975170049", "text": "RT @ryodeDios: Vean esta chulada \ud83e\udd73\n\nVa ganando el PRI PRD con @AdrianDeLaGarza\nBravo \ud83d\udc4f \ud83d\udc4f \ud83d\udc4f \ud83d\udc4f\n\nBye Bye @samuel_garcias \ud83d\udc4b\n\nImagen v\u00eda @aleida\u2026", "id": "1401714657824440322", "referenced_tweets": [{"type": "retweeted", "id": "1401668750462656513"}], "public_metrics": {"retweet_count": 152, "reply_count": 0, "like_count": 0, "quote_count": 0}}, "includes": {"users": [{"public_metrics": {"followers_count": 941, "following_count": 1591, "tweet_count": 92610, "listed_count": 0}, "name": "Marcolino cabello gil", "id": "966245831975170049", "username": "marcolino_gil", "verified": false, "created_at": "2018-02-21T09:38:53.000Z", "protected": false, "description": ""}]}, "matching_rules": [{"id": 1401678016993017864, "tag": "Samuel Garcia"}, {"id": 1401678016993017861, "tag": "Adrian de la Garza"}]}