{"data": {"entities": {"mentions": [{"start": 3, "end": 17, "username": "DonPorfifirio"}, {"start": 95, "end": 110, "username": "claraluzflores"}], "annotations": [{"start": 19, "end": 29, "probability": 0.9239, "type": "Person", "normalized_text": "Abel Guerra"}]}, "source": "Twitter for iPhone", "created_at": "2021-06-07T01:36:58.000Z", "author_id": "2940143108", "text": "RT @DonPorfifirio: Abel Guerra nunca ser\u00e1 gobernador. Ni compitiendo directo ni con su juanita @claraluzflores !\n\nEso es algo que se debe d\u2026", "id": "1401714770596839424", "context_annotations": [{"domain": {"id": "3", "name": "TV Shows", "description": "Television shows from around the world"}, "entity": {"id": "10027427957", "name": "Barclays Premier League Football", "description": "Action and highlights from the Premier League, England's top football competition."}}, {"domain": {"id": "6", "name": "Sports Event"}, "entity": {"id": "1396874698252689408", "name": "Palmeiras x Chapecoense"}}, {"domain": {"id": "11", "name": "Sport", "description": "Types of sports, like soccer and basketball"}, "entity": {"id": "733756536430809088", "name": "Soccer"}}, {"domain": {"id": "26", "name": "Sports League", "description": ""}, "entity": {"id": "731226184764121088", "name": "Brazil - Soccer"}}, {"domain": {"id": "26", "name": "Sports League", "description": ""}, "entity": {"id": "731226216980570112", "name": "South America - Soccer"}}, {"domain": {"id": "26", "name": "Sports League", "description": ""}, "entity": {"id": "733756530479112192", "name": "Campeonato Brasileiro"}}, {"domain": {"id": "26", "name": "Sports League", "description": ""}, "entity": {"id": "733756530479112192", "name": "Campeonato Brasileiro"}}], "referenced_tweets": [{"type": "retweeted", "id": "1401696118493245442"}], "public_metrics": {"retweet_count": 83, "reply_count": 0, "like_count": 0, "quote_count": 0}}, "includes": {"users": [{"public_metrics": {"followers_count": 78, "following_count": 65, "tweet_count": 32797, "listed_count": 5}, "name": "F", "id": "2940143108", "username": "mrbaker01", "verified": false, "created_at": "2014-12-23T01:54:01.000Z", "protected": false, "description": ""}]}, "matching_rules": [{"id": 1401678016993017863, "tag": "Clara Luz"}]}