{"data": {"entities": {"mentions": [{"start": 39, "end": 55, "username": "AdrianDeLaGarza"}], "urls": [{"start": 56, "end": 79, "url": "https://t.co/Rj0boGzMr0", "expanded_url": "https://twitter.com/CrisitiBellaka/status/1401714844651253765/photo/1", "display_url": "pic.twitter.com/Rj0boGzMr0"}]}, "source": "Twitter for Android", "created_at": "2021-06-07T01:37:16.000Z", "author_id": "1388570505310003200", "attachments": {"media_keys": ["3_1401714840897392642"]}, "text": "Nuevo Le\u00f3n est\u00e1 de fiesta, porque gan\u00f3 @AdrianDeLaGarza https://t.co/Rj0boGzMr0", "id": "1401714844651253765", "public_metrics": {"retweet_count": 0, "reply_count": 0, "like_count": 0, "quote_count": 0}}, "includes": {"users": [{"public_metrics": {"followers_count": 96, "following_count": 185, "tweet_count": 1431, "listed_count": 0}, "name": "Cris\u2728", "id": "1388570505310003200", "username": "CrisitiBellaka", "verified": false, "created_at": "2021-05-01T19:06:33.000Z", "protected": false, "description": ""}]}, "matching_rules": [{"id": 1401678016993017861, "tag": "Adrian de la Garza"}]}