{"data": {"entities": {"mentions": [{"start": 0, "end": 15, "username": "claraluzflores"}], "annotations": [{"start": 97, "end": 102, "probability": 0.8, "type": "Person", "normalized_text": "Morena"}, {"start": 139, "end": 140, "probability": 0.6864, "type": "Place", "normalized_text": "NL"}]}, "source": "Twitter for iPhone", "created_at": "2021-06-07T01:37:35.000Z", "author_id": "166385037", "text": "@claraluzflores Jajajajajjajaja es incre\u00edble como pueden hacer estos rid\u00edculos. Qu\u00e9 placer ver a Morena revolc\u00e1ndose en el cuarto lugar en NL. Se nota que es un estado serio", "id": "1401714923890262017", "referenced_tweets": [{"type": "replied_to", "id": "1401692802854047745"}], "public_metrics": {"retweet_count": 0, "reply_count": 0, "like_count": 0, "quote_count": 0}, "in_reply_to_user_id": "224678647"}, "includes": {"users": [{"public_metrics": {"followers_count": 127, "following_count": 333, "tweet_count": 3213, "listed_count": 3}, "name": "diego duende", "id": "166385037", "username": "diego_gaf", "verified": false, "created_at": "2010-07-14T01:07:30.000Z", "protected": false, "description": ""}]}, "matching_rules": [{"id": 1401678016993017863, "tag": "Clara Luz"}]}