{"data": {"entities": {"hashtags": [{"start": 21, "end": 31, "tag": "NuevoLe\u00f3n"}], "mentions": [{"start": 3, "end": 17, "username": "GustavoRocMtz"}, {"start": 33, "end": 49, "username": "PartidoMorenaMx"}, {"start": 122, "end": 138, "username": "PartidoMorenaMx"}], "annotations": [{"start": 82, "end": 90, "probability": 0.6194, "type": "Person", "normalized_text": "Clara Luz"}, {"start": 109, "end": 120, "probability": 0.25, "type": "Other", "normalized_text": "Neo Leoneses"}]}, "source": "Twitter for Android", "created_at": "2021-06-07T01:38:15.000Z", "author_id": "1346634356253724673", "text": "RT @GustavoRocMtz: A #NuevoLe\u00f3n  @PartidoMorenaMx lo entreg\u00f3 desde la elecci\u00f3n de Clara Luz, a nosotros, los Neo Leoneses @PartidoMorenaMx\u2026", "id": "1401715094963228675", "referenced_tweets": [{"type": "retweeted", "id": "1401711713343492097"}], "public_metrics": {"retweet_count": 25, "reply_count": 0, "like_count": 0, "quote_count": 0}}, "includes": {"users": [{"public_metrics": {"followers_count": 768, "following_count": 1907, "tweet_count": 19869, "listed_count": 5}, "name": "Raziel Garc\u00eda", "id": "1346634356253724673", "username": "RazielGS7", "verified": false, "created_at": "2021-01-06T01:47:17.000Z", "protected": false, "description": "Solo soy yo, jugando a ser yo \ud83d\ude02 \n4T rifa"}]}, "matching_rules": [{"id": 1401678016993017863, "tag": "Clara Luz"}]}