{"data": {"entities": {"mentions": [{"start": 0, "end": 11, "username": "Elenacorca"}, {"start": 12, "end": 27, "username": "samuel_garcias"}, {"start": 28, "end": 44, "username": "AdrianDeLaGarza"}], "annotations": [{"start": 62, "end": 74, "probability": 0.999, "type": "Person", "normalized_text": "Samuel Garc\u00eda"}]}, "source": "Twitter for iPhone", "created_at": "2021-06-07T01:38:20.000Z", "author_id": "1379166355522478082", "text": "@Elenacorca @samuel_garcias @AdrianDeLaGarza No puede ser que Samuel Garc\u00eda haga este tipo de berrinches, con cosas s\u00faper ilegale!", "id": "1401715113879654402", "referenced_tweets": [{"type": "replied_to", "id": "1401713365374935041"}], "public_metrics": {"retweet_count": 0, "reply_count": 0, "like_count": 0, "quote_count": 0}, "in_reply_to_user_id": "1324559891252523010"}, "includes": {"users": [{"public_metrics": {"followers_count": 10, "following_count": 33, "tweet_count": 319, "listed_count": 0}, "name": "Lalo Garc\u00eda 07", "id": "1379166355522478082", "username": "LaloGarca071", "verified": false, "created_at": "2021-04-05T20:17:58.000Z", "protected": false, "description": ""}]}, "matching_rules": [{"id": 1401678016993017864, "tag": "Samuel Garcia"}, {"id": 1401678016993017861, "tag": "Adrian de la Garza"}]}