{"data": {"entities": {"mentions": [{"start": 0, "end": 15, "username": "QuesaVerdadess"}, {"start": 16, "end": 31, "username": "samuel_garcias"}]}, "source": "Twitter for iPhone", "created_at": "2021-06-07T01:38:30.000Z", "author_id": "1006759416694177793", "text": "@QuesaVerdadess @samuel_garcias tranquilo no todos votamos por ese hdp", "id": "1401715156292456454", "referenced_tweets": [{"type": "replied_to", "id": "1401714615369752579"}], "public_metrics": {"retweet_count": 0, "reply_count": 0, "like_count": 0, "quote_count": 0}, "in_reply_to_user_id": "986841875452694529"}, "includes": {"users": [{"public_metrics": {"followers_count": 75, "following_count": 417, "tweet_count": 1058, "listed_count": 0}, "name": "Hector Salazar\ud83d\udc27\ud83c\uddeb\ud83c\uddee", "id": "1006759416694177793", "username": "HectorSalaz91", "verified": false, "created_at": "2018-06-13T04:45:24.000Z", "protected": false, "location": "Monterrey, Nuevo Le\u00f3n", "description": ""}]}, "matching_rules": [{"id": 1401678016993017864, "tag": "Samuel Garcia"}]}