{"data": {"entities": {"mentions": [{"start": 3, "end": 16, "username": "Pamelita0321"}, {"start": 26, "end": 41, "username": "samuel_garcias"}]}, "source": "Twitter for Android", "created_at": "2021-06-07T01:39:02.000Z", "author_id": "1050210481443500032", "text": "RT @Pamelita0321: Si gana @samuel_garcias en nuevo leon me dar\u00e1 un chingo de verg\u00fcenza por mi estado. Buscar\u00e9 otro que me adopte. \ud83d\ude2d\ud83d\ude2d\ud83d\ude2d", "id": "1401715288870117379", "referenced_tweets": [{"type": "retweeted", "id": "1401465811844407298"}], "public_metrics": {"retweet_count": 715, "reply_count": 0, "like_count": 0, "quote_count": 0}}, "includes": {"users": [{"public_metrics": {"followers_count": 2, "following_count": 33, "tweet_count": 1525, "listed_count": 0}, "name": "Maria Esther Lobato", "id": "1050210481443500032", "username": "MariaEstherLob5", "verified": false, "created_at": "2018-10-11T02:24:25.000Z", "protected": false, "location": "Puebla, M\u00e9xico", "description": ""}]}, "matching_rules": [{"id": 1401678016993017864, "tag": "Samuel Garcia"}]}