{"data": {"entities": {"mentions": [{"start": 3, "end": 19, "username": "AdrianDeLaGarza"}], "urls": [{"start": 49, "end": 72, "url": "https://t.co/F1Hlt5v7K3", "expanded_url": "https://twitter.com/AdrianDeLaGarza/status/1401679458277412866/photo/1", "display_url": "pic.twitter.com/F1Hlt5v7K3"}]}, "source": "Twitter for Android", "created_at": "2021-06-07T01:39:19.000Z", "author_id": "1158761157131456513", "attachments": {"media_keys": ["3_1401679211857944584"]}, "text": "RT @AdrianDeLaGarza: \u00a1TODO VA A ESTAR BIEN! \ud83d\udcaa\ud83c\udffc\ud83d\udc4a\ud83c\udffc https://t.co/F1Hlt5v7K3", "id": "1401715363558170624", "referenced_tweets": [{"type": "retweeted", "id": "1401679458277412866"}], "public_metrics": {"retweet_count": 593, "reply_count": 0, "like_count": 0, "quote_count": 0}}, "includes": {"users": [{"public_metrics": {"followers_count": 107, "following_count": 1647, "tweet_count": 3519, "listed_count": 0}, "name": "JUAN MARTINEZ R", "id": "1158761157131456513", "username": "JuanMRom1", "verified": false, "created_at": "2019-08-06T15:26:03.000Z", "protected": false, "description": "Ing. Agr\u00f3nomo, Universidad Aut\u00f3noma Chapingo y miembro de la Fundaci\u00f3n Chapingo  y Cambio Clim\u00e1tico, estudios UNAM, asesor para el Desarrollo Agropecuario"}]}, "matching_rules": [{"id": 1401678016993017861, "tag": "Adrian de la Garza"}]}