{"data": {"entities": {"urls": [{"start": 58, "end": 81, "url": "https://t.co/15RSOpWji9", "expanded_url": "https://twitter.com/lorogomo/status/1401681058597310469", "display_url": "twitter.com/lorogomo/statu\u2026"}]}, "source": "Twitter for Android", "created_at": "2021-06-07T01:43:21.000Z", "author_id": "294934987", "text": "Jajajajajajajajjajajajajajajajajajajakajajajajajajajajaja https://t.co/15RSOpWji9", "id": "1401716377417928709", "referenced_tweets": [{"type": "quoted", "id": "1401681058597310469"}], "public_metrics": {"retweet_count": 0, "reply_count": 0, "like_count": 0, "quote_count": 0}}, "includes": {"users": [{"public_metrics": {"followers_count": 434, "following_count": 1138, "tweet_count": 39664, "listed_count": 6}, "name": "Armend\u00e1riz\ud83c\udf3b\u2661", "id": "294934987", "username": "GiigyArmendariz", "verified": false, "created_at": "2011-05-08T02:10:54.000Z", "protected": false, "location": "Veracruz de Ignacio de la Llav", "description": "23\ud83d\udc96|Marvel Comics\u221e|Drama Queen\u2655|Future Architect|Intento de Cantante por ratos|Broadway\ud83d\udc78\nWattpad/Snap/Insta: GiigyArmendariz"}]}, "matching_rules": [{"id": 1401678016993017863, "tag": "Clara Luz"}]}