{"data": {"entities": {"mentions": [{"start": 47, "end": 63, "username": "Rafaherrera1983"}, {"start": 64, "end": 80, "username": "_VicenteSerrano"}, {"start": 81, "end": 95, "username": "jantonioruizh"}, {"start": 96, "end": 108, "username": "MemeYamelCA"}, {"start": 109, "end": 124, "username": "xime_garmendia"}, {"start": 125, "end": 137, "username": "Maramensaje"}, {"start": 138, "end": 147, "username": "melishcs"}, {"start": 148, "end": 162, "username": "alejandrokent"}], "urls": [{"start": 163, "end": 186, "url": "https://t.co/JsHu9fQTde", "expanded_url": "https://twitter.com/lonjaVengadora/status/1401696666957217798", "display_url": "twitter.com/lonjaVengadora\u2026"}]}, "source": "Twitter Web App", "created_at": "2021-06-07T01:43:31.000Z", "author_id": "118857603", "text": "\"Duras revelaciones\"\n (no aptas para mejores)! @Rafaherrera1983 @_VicenteSerrano @jantonioruizh @MemeYamelCA @xime_garmendia @Maramensaje @melishcs @alejandrokent https://t.co/JsHu9fQTde", "id": "1401716418899501057", "referenced_tweets": [{"type": "quoted", "id": "1401696666957217798"}], "public_metrics": {"retweet_count": 0, "reply_count": 0, "like_count": 0, "quote_count": 0}}, "includes": {"users": [{"public_metrics": {"followers_count": 600, "following_count": 137, "tweet_count": 58483, "listed_count": 5}, "name": "Ek Balam", "id": "118857603", "username": "omarvallad", "verified": false, "created_at": "2010-03-01T23:20:15.000Z", "protected": false, "location": "L\u00e9vis, Qu\u00e9bec", "description": "\u00abVaya siempre a la cama con un buen libro o con alguien que haya le\u00eddo miles\ud83d\udcda\u00bb"}]}, "matching_rules": [{"id": 1401678016993017863, "tag": "Clara Luz"}]}