{"data": {"entities": {"mentions": [{"start": 0, "end": 13, "username": "Pamelita0321"}, {"start": 14, "end": 29, "username": "samuel_garcias"}], "annotations": [{"start": 43, "end": 45, "probability": 0.6443, "type": "Person", "normalized_text": "Gto"}]}, "source": "Twitter for iPhone", "created_at": "2021-06-07T01:44:03.000Z", "author_id": "983060570927763456", "text": "@Pamelita0321 @samuel_garcias Te dir\u00eda que Gto, pero me acuerdo que aqu\u00ed est\u00e1n igual y se me pasa", "id": "1401716554169978886", "referenced_tweets": [{"type": "replied_to", "id": "1401465811844407298"}], "public_metrics": {"retweet_count": 0, "reply_count": 0, "like_count": 0, "quote_count": 0}, "in_reply_to_user_id": "781845435518332928"}, "includes": {"users": [{"public_metrics": {"followers_count": 2125, "following_count": 2604, "tweet_count": 1765, "listed_count": 0}, "name": "FrankaBike", "id": "983060570927763456", "username": "frankabike", "verified": false, "created_at": "2018-04-08T19:14:39.000Z", "protected": false, "description": "Ciclista urbana y feminista. \ud83d\udc9a\ud83d\udc9c El progreso social puede ser medido por la posici\u00f3n social del sexo femenino. - Karl Marx. #bikelife \ud83c\uddf2\ud83c\uddfd \ud83c\uddf1\ud83c\udde7 \ud83c\uddf5\ud83c\uddf8"}]}, "matching_rules": [{"id": 1401678016993017864, "tag": "Samuel Garcia"}]}