{"data": {"entities": {"mentions": [{"start": 0, "end": 11, "username": "PumaChairo"}, {"start": 52, "end": 67, "username": "claraluzflores"}], "annotations": [{"start": 86, "end": 91, "probability": 0.3779, "type": "Organization", "normalized_text": "MORENA"}, {"start": 142, "end": 149, "probability": 0.8547, "type": "Place", "normalized_text": "Escobedo"}]}, "source": "Twitter for Android", "created_at": "2021-06-07T01:44:21.000Z", "author_id": "1295197620118355968", "text": "@PumaChairo A qu\u00e9 imbecil se le ocurri\u00f3 elegir a la @claraluzflores para ser parte de MORENA?\nEsa se\u00f1ora hizo un mugrero en las vialidades de Escobedo.\nNadie la quiere", "id": "1401716626618204163", "referenced_tweets": [{"type": "replied_to", "id": "1401685961289781250"}], "public_metrics": {"retweet_count": 0, "reply_count": 0, "like_count": 0, "quote_count": 0}, "in_reply_to_user_id": "1547341201"}, "includes": {"users": [{"public_metrics": {"followers_count": 22, "following_count": 41, "tweet_count": 4536, "listed_count": 0}, "name": "Ruben", "id": "1295197620118355968", "username": "Ruben11675398", "verified": false, "created_at": "2020-08-17T03:16:13.000Z", "protected": false, "description": ""}]}, "matching_rules": [{"id": 1401678016993017863, "tag": "Clara Luz"}]}