{"data": {"entities": {"mentions": [{"start": 0, "end": 8, "username": "07borlu"}, {"start": 9, "end": 22, "username": "arandatamayo"}, {"start": 23, "end": 38, "username": "samuel_garcias"}], "annotations": [{"start": 77, "end": 78, "probability": 0.6583, "type": "Place", "normalized_text": "NL"}]}, "source": "Twitter for Android", "created_at": "2021-06-07T01:44:51.000Z", "author_id": "1320976958549823490", "text": "@07borlu @arandatamayo @samuel_garcias Entonces por qui\u00e9n voto usted aqu\u00ed en NL?", "id": "1401716753021943812", "referenced_tweets": [{"type": "replied_to", "id": "1401712500828250113"}], "public_metrics": {"retweet_count": 0, "reply_count": 0, "like_count": 0, "quote_count": 0}, "in_reply_to_user_id": "2657532176"}, "includes": {"users": [{"public_metrics": {"followers_count": 0, "following_count": 25, "tweet_count": 140, "listed_count": 0}, "name": "ya sientese", "id": "1320976958549823490", "username": "rodcam30", "verified": false, "created_at": "2020-10-27T06:33:52.000Z", "protected": false, "description": "idk"}]}, "matching_rules": [{"id": 1401678016993017864, "tag": "Samuel Garcia"}]}