{"data": {"entities": {"mentions": [{"start": 3, "end": 18, "username": "QuesaVerdadess"}, {"start": 55, "end": 70, "username": "samuel_garcias"}], "annotations": [{"start": 89, "end": 98, "probability": 0.4707, "type": "Place", "normalized_text": "Nuevo Le\u00f3n"}]}, "source": "Twitter for Android", "created_at": "2021-06-07T01:45:11.000Z", "author_id": "314688495", "text": "RT @QuesaVerdadess: Enserio que si \"gan\u00f3\" el inepto de @samuel_garcias la gubernatura de Nuevo Le\u00f3n deber\u00edamos de sacar a ese estado de la\u2026", "id": "1401716836161499141", "referenced_tweets": [{"type": "retweeted", "id": "1401714615369752579"}], "public_metrics": {"retweet_count": 55, "reply_count": 0, "like_count": 0, "quote_count": 0}}, "includes": {"users": [{"public_metrics": {"followers_count": 668, "following_count": 996, "tweet_count": 33288, "listed_count": 2}, "name": "Jorge Soria Manr\u00edque", "id": "314688495", "username": "JorgeManrque", "verified": false, "created_at": "2011-06-10T17:08:13.000Z", "protected": false, "description": "Ingeniero, orgullosamente Polit\u00e9cnico. De izquierda por historia personal y por convicci\u00f3n en contra del neoliberalismo por rapaz y saqueador."}]}, "matching_rules": [{"id": 1401678016993017864, "tag": "Samuel Garcia"}]}