{"data": {"entities": {"hashtags": [{"start": 14, "end": 29, "tag": "Elecciones2021"}], "mentions": [{"start": 3, "end": 12, "username": "ABC760AM"}, {"start": 66, "end": 82, "username": "AdrianDeLaGarza"}, {"start": 85, "end": 100, "username": "samuel_garcias"}, {"start": 123, "end": 139, "username": "ElFinanciero_Mx"}], "annotations": [{"start": 104, "end": 113, "probability": 0.9312, "type": "Place", "normalized_text": "Nuevo Le\u00f3n"}]}, "source": "Twitter for iPhone", "created_at": "2021-06-07T01:45:15.000Z", "author_id": "1344490172302372865", "text": "RT @ABC760AM: #Elecciones2021\u00a0\n\nLa contienda es muy cerrada entre @AdrianDeLaGarza y @samuel_garcias en Nuevo Le\u00f3n. \n\nV\u00eda \u2066@ElFinanciero_Mx\u2026", "id": "1401716854754889728", "referenced_tweets": [{"type": "retweeted", "id": "1401705643787042817"}], "public_metrics": {"retweet_count": 5, "reply_count": 0, "like_count": 0, "quote_count": 0}}, "includes": {"users": [{"public_metrics": {"followers_count": 1, "following_count": 35, "tweet_count": 3362, "listed_count": 0}, "name": "Alexa Mejia", "id": "1344490172302372865", "username": "AlexaMe60039799", "verified": false, "created_at": "2020-12-31T03:47:03.000Z", "protected": false, "description": "Solamente lo justo"}]}, "matching_rules": [{"id": 1401678016993017864, "tag": "Samuel Garcia"}, {"id": 1401678016993017861, "tag": "Adrian de la Garza"}]}