{"data": {"entities": {"mentions": [{"start": 0, "end": 13, "username": "SinEmbargoMX"}]}, "source": "Twitter for iPhone", "created_at": "2021-06-07T01:47:10.000Z", "author_id": "170120167", "text": "@SinEmbargoMX Y clara luz es el \u00e1rbitro y la que recoger\u00e1 las sobras y apagar\u00e1 la luz", "id": "1401717335204020234", "referenced_tweets": [{"type": "replied_to", "id": "1401700433274474498"}], "public_metrics": {"retweet_count": 0, "reply_count": 0, "like_count": 0, "quote_count": 0}, "in_reply_to_user_id": "244218738"}, "includes": {"users": [{"public_metrics": {"followers_count": 54, "following_count": 43, "tweet_count": 12233, "listed_count": 0}, "name": "joanofarc", "id": "170120167", "username": "joanolvera", "verified": false, "created_at": "2010-07-24T00:20:47.000Z", "protected": false, "description": "No soy de aqui, no tengo edad y ser feliz es mi color de identidad"}]}, "matching_rules": [{"id": 1401678016993017863, "tag": "Clara Luz"}]}