{"data": {"entities": {"mentions": [{"start": 4, "end": 19, "username": "samuel_garcias"}], "annotations": [{"start": 62, "end": 70, "probability": 0.7516, "type": "Product", "normalized_text": "Instagram"}, {"start": 85, "end": 91, "probability": 0.562, "type": "Person", "normalized_text": "Mariana"}]}, "source": "Twitter for Android", "created_at": "2021-06-07T01:48:41.000Z", "author_id": "218384607", "text": "Ese @samuel_garcias todo un mis\u00f3gino sirve para ir a gobernar Instagram junto con la Mariana", "id": "1401717719049834496", "context_annotations": [{"domain": {"id": "46", "name": "Brand Category", "description": "Categories within Brand Verticals that narrow down the scope of Brands"}, "entity": {"id": "781974596752842752", "name": "Services"}}, {"domain": {"id": "47", "name": "Brand", "description": "Brands and Companies"}, "entity": {"id": "10041893684", "name": "Instagram"}}], "public_metrics": {"retweet_count": 0, "reply_count": 0, "like_count": 0, "quote_count": 0}}, "includes": {"users": [{"public_metrics": {"followers_count": 56, "following_count": 221, "tweet_count": 1879, "listed_count": 0}, "name": "chely", "id": "218384607", "username": "jumaniisa", "verified": false, "created_at": "2010-11-22T05:56:23.000Z", "protected": false, "location": "En un lugar no muy lejano !!!!", "description": ""}]}, "matching_rules": [{"id": 1401678016993017864, "tag": "Samuel Garcia"}]}