{"data": {"entities": {"mentions": [{"start": 3, "end": 10, "username": "xqtzal"}], "annotations": [{"start": 18, "end": 35, "probability": 0.6911, "type": "Person", "normalized_text": "Adri\u00e1n de la Garza"}, {"start": 55, "end": 60, "probability": 0.94, "type": "Person", "normalized_text": "Samuel"}, {"start": 80, "end": 88, "probability": 0.6732, "type": "Person", "normalized_text": "Clara Luz"}, {"start": 106, "end": 124, "probability": 0.1994, "type": "Place", "normalized_text": "Colosio, Cienfuegos"}, {"start": 127, "end": 136, "probability": 0.4716, "type": "Place", "normalized_text": "Larrazabal"}]}, "source": "Twitter for Android", "created_at": "2021-06-07T01:48:54.000Z", "author_id": "1284726862384492544", "text": "RT @xqtzal: Eee a Adri\u00e1n de la Garza le vales verga.\nA Samuel le vales verga.\nA Clara Luz le vales verga.\nColosio, Cienfuegos, Larrazabal,\u2026", "id": "1401717772808245248", "referenced_tweets": [{"type": "retweeted", "id": "1401695735796613121"}], "public_metrics": {"retweet_count": 34, "reply_count": 0, "like_count": 0, "quote_count": 0}}, "includes": {"users": [{"public_metrics": {"followers_count": 8, "following_count": 123, "tweet_count": 533, "listed_count": 1}, "name": "Ana Hinojosa", "id": "1284726862384492544", "username": "Ana_hinosa", "verified": false, "created_at": "2020-07-19T05:49:28.000Z", "protected": false, "description": "BUY CHROMATICA"}]}, "matching_rules": [{"id": 1401678016993017863, "tag": "Clara Luz"}]}