{"data": {"entities": {"mentions": [{"start": 3, "end": 17, "username": "PoetaCaminate"}], "annotations": [{"start": 22, "end": 26, "probability": 0.6776, "type": "Place", "normalized_text": "N. L."}, {"start": 64, "end": 69, "probability": 0.4588, "type": "Person", "normalized_text": "Morena"}, {"start": 122, "end": 130, "probability": 0.7524, "type": "Person", "normalized_text": "Clara Luz"}]}, "source": "Twitter for Android", "created_at": "2021-06-07T01:49:08.000Z", "author_id": "1095808785942163456", "text": "RT @PoetaCaminate: En N. L. las encuestas de salida indican que Morena va a perder. Desde que aceptaron la candidatura de Clara Luz, advert\u2026", "id": "1401717831868297223", "referenced_tweets": [{"type": "retweeted", "id": "1401694082175545344"}], "public_metrics": {"retweet_count": 106, "reply_count": 0, "like_count": 0, "quote_count": 0}}, "includes": {"users": [{"public_metrics": {"followers_count": 193, "following_count": 287, "tweet_count": 18924, "listed_count": 0}, "name": "Luisdiaz", "id": "1095808785942163456", "username": "Luisdia59805710", "verified": false, "created_at": "2019-02-13T22:15:48.000Z", "protected": false, "description": ""}]}, "matching_rules": [{"id": 1401678016993017863, "tag": "Clara Luz"}]}