{"data": {"entities": {"mentions": [{"start": 0, "end": 9, "username": "LCUgalde"}, {"start": 10, "end": 25, "username": "samuel_garcias"}], "annotations": [{"start": 102, "end": 111, "probability": 0.4013, "type": "Place", "normalized_text": "Nuevo Le\u00f3n"}]}, "source": "Twitter for Android", "created_at": "2021-06-07T01:49:56.000Z", "author_id": "1326223204625625088", "text": "@LCUgalde @samuel_garcias Escuincle est\u00fapido, ojal\u00e1 no gane por qu\u00e9 va a entregarle al mierdas a todo Nuevo Le\u00f3n!", "id": "1401718033425514505", "referenced_tweets": [{"type": "replied_to", "id": "1401678219040940032"}], "public_metrics": {"retweet_count": 0, "reply_count": 0, "like_count": 0, "quote_count": 0}, "in_reply_to_user_id": "15641805"}, "includes": {"users": [{"public_metrics": {"followers_count": 1567, "following_count": 1808, "tweet_count": 4872, "listed_count": 1}, "name": "MariaCallas555", "id": "1326223204625625088", "username": "mariakalas555", "verified": false, "created_at": "2020-11-10T18:00:36.000Z", "protected": false, "location": "Mexico", "description": "No tolero a L\u00f3pez Obrador, es lo peor que le pudo pasar a M\u00e9xico. Tengo fe en que M\u00e9xico jam\u00e1s ser\u00e1 com\u00fanista. Fe, mi palabra favorita!!!\nS\u00edgueme y te sigo!!!!!"}]}, "matching_rules": [{"id": 1401678016993017864, "tag": "Samuel Garcia"}]}