{"data": {"entities": {"mentions": [{"start": 0, "end": 15, "username": "samuel_garcias"}], "annotations": [{"start": 25, "end": 30, "probability": 0.9974, "type": "Person", "normalized_text": "Samuel"}]}, "source": "Twitter for Android", "created_at": "2021-06-07T01:50:29.000Z", "author_id": "110606121", "text": "@samuel_garcias No mames Samuel todav\u00eda no hab\u00edan capturado ni el 1% de los votos y tu ya eras ganador por 10 puntos porcentuales, si eso es cierto \u00bfc\u00f3mo lo sabes? \u00bfA qui\u00e9n le pagaste para que te de esa informaci\u00f3n? T\u00edpica pr\u00e1ctica priista", "id": "1401718172588384257", "referenced_tweets": [{"type": "replied_to", "id": "1401686737911353344"}], "public_metrics": {"retweet_count": 0, "reply_count": 0, "like_count": 0, "quote_count": 0}, "in_reply_to_user_id": "258973851"}, "includes": {"users": [{"public_metrics": {"followers_count": 140, "following_count": 496, "tweet_count": 3697, "listed_count": 1}, "name": "Eduardo Villarreal", "id": "110606121", "username": "duckvader11", "verified": false, "created_at": "2010-02-02T04:02:32.000Z", "protected": false, "description": "Feliz!!\nQue tal tu d\u00eda, disfr\u00fatalo es el \u00fanico."}]}, "matching_rules": [{"id": 1401678016993017864, "tag": "Samuel Garcia"}]}