{"data": {"entities": {"hashtags": [{"start": 27, "end": 37, "tag": "Chihuahua"}, {"start": 134, "end": 144, "tag": "NuevoLe\u00f3n"}, {"start": 258, "end": 268, "tag": "Chihuahua"}], "mentions": [{"start": 0, "end": 9, "username": "SrAcido_"}, {"start": 10, "end": 26, "username": "Rodrigo_Cornejo"}, {"start": 74, "end": 87, "username": "JAVIERCORRAL"}, {"start": 96, "end": 111, "username": "AccionNacional"}, {"start": 116, "end": 129, "username": "MaruCampos_G"}, {"start": 168, "end": 183, "username": "samuel_garcias"}, {"start": 186, "end": 202, "username": "AdrianDeLaGarza"}], "annotations": [{"start": 234, "end": 239, "probability": 0.5064, "type": "Person", "normalized_text": "Primos"}, {"start": 243, "end": 248, "probability": 0.9236, "type": "Person", "normalized_text": "Herman"}]}, "source": "Twitter for Android", "created_at": "2021-06-07T01:50:39.000Z", "author_id": "1418454661", "text": "@SrAcido_ @Rodrigo_Cornejo #Chihuahua la tierra de m\u00ed estimado Gobernador @JavierCorral?\nPerdio @AccionNacional con @MaruCampos_G?\nEn #NuevoLe\u00f3n entiendo el triunfo de @samuel_garcias o @AdrianDeLaGarza, ya ven que ah\u00ed se casan entre Primos y Herman@s, pero #Chihuahua?", "id": "1401718214627889152", "referenced_tweets": [{"type": "replied_to", "id": "1401710060078829569"}], "public_metrics": {"retweet_count": 0, "reply_count": 0, "like_count": 0, "quote_count": 0}, "in_reply_to_user_id": "993975529094037505"}, "includes": {"users": [{"public_metrics": {"followers_count": 93, "following_count": 330, "tweet_count": 4917, "listed_count": 0}, "name": "Tilin 1972", "id": "1418454661", "username": "jorgeglzm1", "verified": false, "created_at": "2013-05-10T15:55:11.000Z", "protected": false, "description": "Libre pensador, anti Peje pero institucional, amo a m\u00ed Pa\u00eds M\u00e9xico, anti Televisa."}]}, "matching_rules": [{"id": 1401678016993017864, "tag": "Samuel Garcia"}, {"id": 1401678016993017861, "tag": "Adrian de la Garza"}]}