{"data": {"entities": {"mentions": [{"start": 3, "end": 16, "username": "Cesar_M0reno"}, {"start": 34, "end": 49, "username": "samuel_garcias"}], "annotations": [{"start": 27, "end": 31, "probability": 0.9047, "type": "Person", "normalized_text": "Sammy"}, {"start": 53, "end": 62, "probability": 0.8803, "type": "Place", "normalized_text": "Nuevo Le\u00f3n"}]}, "source": "Twitter Web App", "created_at": "2021-06-07T01:52:53.000Z", "author_id": "1277027209249722369", "text": "RT @Cesar_M0reno: Si gana \"Sammy\" @samuel_garcias en Nuevo Le\u00f3n, me voy burlar de los Neolonenses de mollera sumida que votaron por el, des\u2026", "id": "1401718776878481408", "referenced_tweets": [{"type": "retweeted", "id": "1401713061380210689"}], "public_metrics": {"retweet_count": 8, "reply_count": 0, "like_count": 0, "quote_count": 0}}, "includes": {"users": [{"public_metrics": {"followers_count": 754, "following_count": 777, "tweet_count": 19676, "listed_count": 2}, "name": "Rolfi Rom\u00e1n", "id": "1277027209249722369", "username": "RolfiRoman", "verified": false, "created_at": "2020-06-27T23:53:19.000Z", "protected": false, "location": "Michoac\u00e1n de Ocampo, M\u00e9xico", "description": "Mexicano \ud83c\uddf2\ud83c\uddfd\ud83c\uddf2\ud83c\uddfd\ud83e\udd13\ud83d\ude0e\u2764\ufe0f \nOrgullo Guerrerense \u270c\ufe0f\ud83d\ude0e\ud83c\uddf2\ud83c\uddfd\ud83d\udc79\ud83d\udc7a\nFeliz de la vida y de mi entorno.\nSoy de los tantos que queremos justicia para m\u00ed pa\u00eds M\u00e9xico\ud83c\uddf2\ud83c\uddfd"}]}, "matching_rules": [{"id": 1401678016993017864, "tag": "Samuel Garcia"}]}