{"data": {"entities": {"mentions": [{"start": 3, "end": 18, "username": "CarlosAJimnez4"}, {"start": 23, "end": 38, "username": "samuel_garcias"}], "annotations": [{"start": 44, "end": 53, "probability": 0.2394, "type": "Other", "normalized_text": "Nuevo Leon"}]}, "source": "Twitter for iPhone", "created_at": "2021-06-07T01:53:39.000Z", "author_id": "1341249648435060739", "text": "RT @CarlosAJimnez4: Si @samuel_garcias gana Nuevo Leon, entonces porque presumen de \"inteligentes\"?", "id": "1401718970227597314", "referenced_tweets": [{"type": "retweeted", "id": "1401644171979591680"}], "public_metrics": {"retweet_count": 482, "reply_count": 0, "like_count": 0, "quote_count": 0}}, "includes": {"users": [{"public_metrics": {"followers_count": 24, "following_count": 451, "tweet_count": 1071, "listed_count": 0}, "name": "Juan Carlos Ledezma", "id": "1341249648435060739", "username": "JuanCar71161332", "verified": false, "created_at": "2020-12-22T05:10:21.000Z", "protected": false, "location": "Zapopan, Jalisco", "description": "Pensamientos importantes \ud83d\udca1\ud83e\udd14\ud83d\udc8e"}]}, "matching_rules": [{"id": 1401678016993017864, "tag": "Samuel Garcia"}]}