{"data": {"entities": {"hashtags": [{"start": 91, "end": 101, "tag": "Ternurita"}], "mentions": [{"start": 3, "end": 14, "username": "Dimopulos_"}, {"start": 102, "end": 117, "username": "claraluzflores"}], "annotations": [{"start": 47, "end": 52, "probability": 0.884, "type": "Organization", "normalized_text": "Necaxa"}, {"start": 79, "end": 87, "probability": 0.685, "type": "Person", "normalized_text": "Clara Luz"}]}, "source": "Twitter for iPhone", "created_at": "2021-06-07T01:54:46.000Z", "author_id": "126479514", "text": "RT @Dimopulos_: Aqu\u00ed est\u00e1 la prueba, de que el Necaxa tiene m\u00e1s seguidores que Clara Luz.\n\n#Ternurita @claraluzflores", "id": "1401719250205741058", "referenced_tweets": [{"type": "retweeted", "id": "1401690891828436994"}], "public_metrics": {"retweet_count": 2, "reply_count": 0, "like_count": 0, "quote_count": 0}}, "includes": {"users": [{"public_metrics": {"followers_count": 1996, "following_count": 2925, "tweet_count": 85927, "listed_count": 4}, "name": "Eduardo Moreno", "id": "126479514", "username": "EduardoMMI6", "verified": false, "created_at": "2010-03-26T00:45:06.000Z", "protected": false, "location": "Aqu\u00ed y ahora, solo por hoy.", "description": "1\u00b0 de octubre de 2020, fecha en la que, la SCJN dej\u00f3 de ser un poder independiente. Mexicodan\u00e9s. #\ud835\udd0f\ud835\udd26\ud835\udd24\ud835\udd1e\ud835\udd07\ud835\udd22\ud835\udd0a\ud835\udd32\ud835\udd22\ud835\udd2f\ud835\udd2f\ud835\udd22\ud835\udd2f\ud835\udd2c\ud835\udd30"}]}, "matching_rules": [{"id": 1401678016993017863, "tag": "Clara Luz"}]}