{"data": {"entities": {"mentions": [{"start": 0, "end": 15, "username": "claraluzflores"}]}, "source": "Twitter for Android", "created_at": "2021-06-07T01:54:48.000Z", "author_id": "125638982", "text": "@claraluzflores A Chingar a su Madre!\nPERRA Mentirosa.", "id": "1401719260204961795", "referenced_tweets": [{"type": "replied_to", "id": "1401692802854047745"}], "public_metrics": {"retweet_count": 0, "reply_count": 0, "like_count": 0, "quote_count": 0}, "in_reply_to_user_id": "224678647"}, "includes": {"users": [{"public_metrics": {"followers_count": 366, "following_count": 345, "tweet_count": 5518, "listed_count": 0}, "name": "Rivera", "id": "125638982", "username": "zeppflyhigh", "verified": false, "created_at": "2010-03-23T12:10:28.000Z", "protected": false, "location": "Queens, N.Y.", "description": "\ud83c\uddf2\ud83c\uddfdMexican. Bad Hombre, according to POTUS."}]}, "matching_rules": [{"id": 1401678016993017863, "tag": "Clara Luz"}]}