{"data": {"entities": {"hashtags": [{"start": 21, "end": 31, "tag": "NuevoLe\u00f3n"}], "mentions": [{"start": 3, "end": 17, "username": "GustavoRocMtz"}, {"start": 33, "end": 49, "username": "PartidoMorenaMx"}, {"start": 122, "end": 138, "username": "PartidoMorenaMx"}], "annotations": [{"start": 82, "end": 90, "probability": 0.6194, "type": "Person", "normalized_text": "Clara Luz"}, {"start": 109, "end": 120, "probability": 0.25, "type": "Other", "normalized_text": "Neo Leoneses"}]}, "source": "Twitter for Android", "created_at": "2021-06-07T01:55:29.000Z", "author_id": "864892549495959553", "text": "RT @GustavoRocMtz: A #NuevoLe\u00f3n  @PartidoMorenaMx lo entreg\u00f3 desde la elecci\u00f3n de Clara Luz, a nosotros, los Neo Leoneses @PartidoMorenaMx\u2026", "id": "1401719430552469505", "referenced_tweets": [{"type": "retweeted", "id": "1401711713343492097"}], "public_metrics": {"retweet_count": 55, "reply_count": 0, "like_count": 0, "quote_count": 0}}, "includes": {"users": [{"public_metrics": {"followers_count": 1152, "following_count": 1894, "tweet_count": 30447, "listed_count": 5}, "name": "Jeremy Rodriguez", "id": "864892549495959553", "username": "JeremyRo79", "verified": false, "created_at": "2017-05-17T17:17:07.000Z", "protected": false, "location": "Puerto Vallarta, Jalisco", "description": "Ver y Aprender!... Vivir y disfrutar con mi familia las cosas maravillosas de la vida!!\ud83e\udd17\ud83d\ude07\ud83d\ude0d\ud83d\ude18"}]}, "matching_rules": [{"id": 1401678016993017863, "tag": "Clara Luz"}]}