{"data": {"entities": {"mentions": [{"start": 3, "end": 15, "username": "marcelaluqu"}], "annotations": [{"start": 23, "end": 26, "probability": 0.3583, "type": "Place", "normalized_text": "Le\u00f3n"}]}, "source": "Twitter Web App", "created_at": "2021-06-07T01:55:50.000Z", "author_id": "2893491907", "text": "RT @marcelaluqu: Nuevo Le\u00f3n, fue el estado m\u00e1s atacado.Y tod@s los Regios sacamos la casta y defendimos a NL como perros!\ud83d\ude05\ud83d\udc15 Los quiero much\u2026", "id": "1401719516950941705", "referenced_tweets": [{"type": "retweeted", "id": "1401709120244289538"}], "public_metrics": {"retweet_count": 13, "reply_count": 0, "like_count": 0, "quote_count": 0}}, "includes": {"users": [{"public_metrics": {"followers_count": 11610, "following_count": 7116, "tweet_count": 167125, "listed_count": 53}, "name": "\ud83c\uddf2\ud83c\uddfd \ud835\udd78\ud835\udd86\ud835\udd97\ud835\udd88\ud835\udd8a\ud835\udd91\ud835\udd86 \ud835\udd77\ud835\udd9a\ud835\udd96\ud835\udd9a\u00e9 \ud835\udd7d\ud835\udd86\ud835\udd93\ud835\udd8c\ud835\udd8a\ud835\udd91", "id": "2893491907", "username": "marcelaluqu", "verified": false, "created_at": "2014-11-08T06:02:17.000Z", "protected": false, "location": "San Pedro Garza Garc\u00eda, Nuevo ", "description": "#Senadora Supl x NL |\u2022Abogada|\u2022Maestr\u00eda=Dir Camp Elect|\u2022Agradecida a Dios\ud83d\ude4f\ud83c\udffb \ud83d\udc95*Pats~Brady~F1Hami~Juve~Federer~Raya2~Canelo~Lakers~Yankees~Cul\u00e9\ud83d\ude0a*Juicy Scooper"}]}, "matching_rules": [{"id": 1401678016993017864, "tag": "Samuel Garcia"}]}