{"data": {"entities": {"mentions": [{"start": 3, "end": 18, "username": "QuesaVerdadess"}, {"start": 30, "end": 45, "username": "samuel_garcias"}], "urls": [{"start": 106, "end": 129, "url": "https://t.co/CLwHFyxMqe", "expanded_url": "https://twitter.com/QuesaVerdadess/status/1401719085533126657/photo/1", "display_url": "pic.twitter.com/CLwHFyxMqe"}], "annotations": [{"start": 94, "end": 103, "probability": 0.7878, "type": "Place", "normalized_text": "Nuevo Le\u00f3n"}]}, "source": "Twitter Web App", "created_at": "2021-06-07T01:57:03.000Z", "author_id": "18781170", "attachments": {"media_keys": ["3_1401719083549274112"]}, "text": "RT @QuesaVerdadess: Si \"gana\" @samuel_garcias todos los dem\u00e1s estados del pa\u00eds con respecto a Nuevo Le\u00f3n: https://t.co/CLwHFyxMqe", "id": "1401719824854568961", "referenced_tweets": [{"type": "retweeted", "id": "1401719085533126657"}], "public_metrics": {"retweet_count": 12, "reply_count": 0, "like_count": 0, "quote_count": 0}}, "includes": {"users": [{"public_metrics": {"followers_count": 863, "following_count": 1192, "tweet_count": 141002, "listed_count": 55}, "name": "Alan Escobedo", "id": "18781170", "username": "GRPB", "verified": false, "created_at": "2009-01-08T21:55:15.000Z", "protected": false, "location": "Ensenada de Todos Santos", "description": "Uno de aquellos que est\u00e1n por aqu\u00ed / No soy bot\nOne of those around here / I'm not bot"}]}, "matching_rules": [{"id": 1401678016993017864, "tag": "Samuel Garcia"}]}