{"data": {"entities": {"mentions": [{"start": 3, "end": 15, "username": "luisghernan"}, {"start": 30, "end": 46, "username": "PartidoMorenaMx"}]}, "source": "Twitter for Android", "created_at": "2021-06-07T01:57:15.000Z", "author_id": "1282452651091783680", "text": "RT @luisghernan: CAMPANAZO DE @PartidoMorenaMx\n\n\ud83d\udd25Se llevar\u00eda 10 de 15 gubernaturas: Morena es ya partido dominante en el pa\u00eds\n\n\ud83d\udd25Estrepitoso\u2026", "id": "1401719874263605248", "referenced_tweets": [{"type": "retweeted", "id": "1401701209354825733"}], "public_metrics": {"retweet_count": 198, "reply_count": 0, "like_count": 0, "quote_count": 0}}, "includes": {"users": [{"public_metrics": {"followers_count": 1691, "following_count": 2302, "tweet_count": 18126, "listed_count": 3}, "name": "Angelillo", "id": "1282452651091783680", "username": "Angelil32734430", "verified": false, "created_at": "2020-07-12T23:12:15.000Z", "protected": false, "location": "CDMX", "description": "#RedAMLO"}]}, "matching_rules": [{"id": 1401678016993017863, "tag": "Clara Luz"}]}