{"data": {"entities": {"mentions": [{"start": 3, "end": 18, "username": "eduardogzlez09"}, {"start": 20, "end": 29, "username": "Chokko30"}, {"start": 30, "end": 45, "username": "samuel_garcias"}, {"start": 46, "end": 57, "username": "chairita4T"}, {"start": 58, "end": 69, "username": "Katsuragui"}, {"start": 70, "end": 81, "username": "martuchi63"}, {"start": 82, "end": 93, "username": "Israelsv74"}, {"start": 94, "end": 106, "username": "piporro1012"}, {"start": 107, "end": 121, "username": "MarchantaTita"}, {"start": 122, "end": 133, "username": "irenediaz3"}]}, "source": "Twitter Web App", "created_at": "2021-06-07T01:59:06.000Z", "author_id": "1119051034473578496", "text": "RT @eduardogzlez09: @Chokko30 @samuel_garcias @chairita4T @Katsuragui @martuchi63 @Israelsv74 @piporro1012 @MarchantaTita @irenediaz3 @bare\u2026", "id": "1401720339650908164", "referenced_tweets": [{"type": "retweeted", "id": "1401719248225857540"}], "public_metrics": {"retweet_count": 1, "reply_count": 0, "like_count": 0, "quote_count": 0}}, "includes": {"users": [{"public_metrics": {"followers_count": 19028, "following_count": 17942, "tweet_count": 71017, "listed_count": 12}, "name": "\u2665\ufe0fYAKO 4T\u2665\ufe0f", "id": "1119051034473578496", "username": "Chokko30", "verified": false, "created_at": "2019-04-19T01:32:12.000Z", "protected": false, "location": "Los \u00c1ngeles, CA", "description": "Al\u00e9rgico a los CHAYOTEROS \ud83c\udfb5Apoyo la 4T por la dignidad de mi pa\u00eds y mi gente\ud83c\udfb6 \u2764\n\nhttps://t.co/hejseW0OXo\n\n#AMLOVERSForever \ud83d\ude4b\ud83c\udffd\u200d\u2642\ufe0f"}]}, "matching_rules": [{"id": 1401678016993017864, "tag": "Samuel Garcia"}]}