{"data": {"entities": {"mentions": [{"start": 0, "end": 15, "username": "claraluzflores"}]}, "source": "Twitter for iPhone", "created_at": "2021-06-07T01:59:44.000Z", "author_id": "1344166127253897218", "text": "@claraluzflores Jajajajjajajajajajjaa a ver si no te madres tu ruco esposo al llegar a casa", "id": "1401720499701522435", "context_annotations": [{"domain": {"id": "65", "name": "Interests and Hobbies Vertical", "description": "Top level interests and hobbies groupings, like Food or Travel"}, "entity": {"id": "864925500627484672", "name": "Family and life stages", "description": "Family and Life Stages"}}, {"domain": {"id": "66", "name": "Interests and Hobbies Category", "description": "A grouping of interests and hobbies entities, like Novelty Food or Destinations"}, "entity": {"id": "847545709800767488", "name": "Moms", "description": "Moms"}}], "referenced_tweets": [{"type": "replied_to", "id": "1401692802854047745"}], "public_metrics": {"retweet_count": 0, "reply_count": 0, "like_count": 0, "quote_count": 0}, "in_reply_to_user_id": "224678647"}, "includes": {"users": [{"public_metrics": {"followers_count": 171, "following_count": 431, "tweet_count": 2519, "listed_count": 0}, "name": "Rasec Morales", "id": "1344166127253897218", "username": "morales_rasec", "verified": false, "created_at": "2020-12-30T06:19:32.000Z", "protected": false, "location": "Guadalajara", "description": "De derecha, anti AMLO, pateachairos ! me gusta el fut, Chiva, me burlo del Atlas, me gusta la cocina."}]}, "matching_rules": [{"id": 1401678016993017863, "tag": "Clara Luz"}]}