{"data": {"entities": {"mentions": [{"start": 0, "end": 12, "username": "cesarulloag"}, {"start": 13, "end": 29, "username": "AdrianDeLaGarza"}, {"start": 30, "end": 45, "username": "samuel_garcias"}]}, "source": "Twitter for Android", "created_at": "2021-06-07T02:00:51.000Z", "author_id": "1386434520497360896", "text": "@cesarulloag @AdrianDeLaGarza @samuel_garcias Me pregunto por cuanto se vender\u00eda? Ten un poco de dignidad", "id": "1401720782661722115", "referenced_tweets": [{"type": "replied_to", "id": "1401678319276462081"}], "public_metrics": {"retweet_count": 0, "reply_count": 0, "like_count": 0, "quote_count": 0}, "in_reply_to_user_id": "381875430"}, "includes": {"users": [{"public_metrics": {"followers_count": 119, "following_count": 243, "tweet_count": 607, "listed_count": 0}, "name": "Sergio Orozco", "id": "1386434520497360896", "username": "SergioOrz1", "verified": false, "created_at": "2021-04-25T21:38:53.000Z", "protected": false, "description": "Seamos amigos \u2764\ufe0f amantes de los animales\ud83d\udc0e\ud83d\udc04 \u2763\ufe0fA\u2763\ufe0f"}]}, "matching_rules": [{"id": 1401678016993017864, "tag": "Samuel Garcia"}, {"id": 1401678016993017861, "tag": "Adrian de la Garza"}]}