{"data": {"entities": {"mentions": [{"start": 3, "end": 14, "username": "chairita4T"}, {"start": 16, "end": 25, "username": "Chokko30"}, {"start": 26, "end": 41, "username": "samuel_garcias"}, {"start": 42, "end": 53, "username": "Katsuragui"}, {"start": 54, "end": 65, "username": "martuchi63"}, {"start": 66, "end": 77, "username": "Israelsv74"}, {"start": 78, "end": 90, "username": "piporro1012"}, {"start": 91, "end": 105, "username": "MarchantaTita"}, {"start": 106, "end": 117, "username": "irenediaz3"}, {"start": 118, "end": 132, "username": "barettaazul74"}]}, "source": "Twitter Web App", "created_at": "2021-06-07T02:01:10.000Z", "author_id": "472308682", "text": "RT @chairita4T: @Chokko30 @samuel_garcias @Katsuragui @martuchi63 @Israelsv74 @piporro1012 @MarchantaTita @irenediaz3 @barettaazul74 @kentl\u2026", "id": "1401720862131331079", "referenced_tweets": [{"type": "retweeted", "id": "1401719543303704579"}], "public_metrics": {"retweet_count": 9, "reply_count": 0, "like_count": 0, "quote_count": 0}}, "includes": {"users": [{"public_metrics": {"followers_count": 4381, "following_count": 4213, "tweet_count": 257812, "listed_count": 21}, "name": "Danton Reynoso \ud83c\uddf2\ud83c\uddfd #RedAMLO", "id": "472308682", "username": "58rey", "verified": false, "created_at": "2012-01-23T20:28:28.000Z", "protected": false, "description": "Por un M\u00e9xico sin PriAn"}]}, "matching_rules": [{"id": 1401678016993017864, "tag": "Samuel Garcia"}]}