{"data": {"entities": {"mentions": [{"start": 0, "end": 15, "username": "QuesaVerdadess"}, {"start": 16, "end": 31, "username": "samuel_garcias"}]}, "source": "Twitter for iPhone", "geo": {"place_id": "c7c2233ad8246f5d"}, "created_at": "2021-06-07T02:01:24.000Z", "author_id": "155674690", "text": "@QuesaVerdadess @samuel_garcias Terrible. Pobre NL", "id": "1401720919236780044", "referenced_tweets": [{"type": "replied_to", "id": "1401714615369752579"}], "public_metrics": {"retweet_count": 0, "reply_count": 0, "like_count": 0, "quote_count": 0}, "in_reply_to_user_id": "986841875452694529"}, "includes": {"users": [{"public_metrics": {"followers_count": 329, "following_count": 423, "tweet_count": 9458, "listed_count": 0}, "name": "sylvie", "id": "155674690", "username": "silviara2002", "verified": false, "created_at": "2010-06-14T20:02:33.000Z", "protected": false, "location": "Df", "description": "Mis tuits son a t\u00edtulo personal."}]}, "matching_rules": [{"id": 1401678016993017864, "tag": "Samuel Garcia"}]}