{"data": {"entities": {"mentions": [{"start": 3, "end": 19, "username": "octaviohalvarez"}], "annotations": [{"start": 38, "end": 47, "probability": 0.7814, "type": "Place", "normalized_text": "Nuevo Le\u00f3n"}, {"start": 50, "end": 58, "probability": 0.9515, "type": "Person", "normalized_text": "Clara Luz"}]}, "source": "Twitter for Android", "created_at": "2021-06-07T02:01:43.000Z", "author_id": "1020030699401695232", "text": "RT @octaviohalvarez: Entonces qu\u00e9? En Nuevo Le\u00f3n, Clara Luz perdi\u00f3 por culpa de los que criticamos su candidatura?\nO ya est\u00e1n listos para t\u2026", "id": "1401720997422710784", "referenced_tweets": [{"type": "retweeted", "id": "1401699793907372040"}], "public_metrics": {"retweet_count": 37, "reply_count": 0, "like_count": 0, "quote_count": 0}}, "includes": {"users": [{"public_metrics": {"followers_count": 1245, "following_count": 1976, "tweet_count": 22236, "listed_count": 2}, "name": "Ty Gondez.", "id": "1020030699401695232", "username": "AgustynGonzlez1", "verified": false, "created_at": "2018-07-19T19:40:44.000Z", "protected": false, "location": "Divino mundo cambiante.", "description": "No puedo gustarle a todo el mundo, no todos tienen buen gusto!!!\n#RedAmlo"}]}, "matching_rules": [{"id": 1401678016993017863, "tag": "Clara Luz"}]}