{"data": {"entities": {"mentions": [{"start": 3, "end": 17, "username": "MaquinaAzulMx"}], "urls": [{"start": 79, "end": 102, "url": "https://t.co/XPEWj1UUsR", "expanded_url": "https://twitter.com/SwatMSoccer/status/1102004216112005123/video/1", "display_url": "pic.twitter.com/XPEWj1UUsR"}], "annotations": [{"start": 26, "end": 39, "probability": 0.8682, "type": "Person", "normalized_text": "Layda Sansores"}, {"start": 42, "end": 49, "probability": 0.8688, "type": "Person", "normalized_text": "Attolini"}, {"start": 52, "end": 60, "probability": 0.975, "type": "Person", "normalized_text": "Clara Luz"}, {"start": 64, "end": 75, "probability": 0.9876, "type": "Person", "normalized_text": "Quique Garay"}]}, "source": "Twitter for Android", "created_at": "2021-06-07T02:02:03.000Z", "author_id": "954355137916620802", "attachments": {"media_keys": ["7_1102003953561202688"]}, "text": "RT @MaquinaAzulMx: Perdio Layda Sansores, Attolini, Clara Luz y Quique Garay \n\nhttps://t.co/XPEWj1UUsR", "id": "1401721081275334657", "referenced_tweets": [{"type": "retweeted", "id": "1401718606937866243"}], "public_metrics": {"retweet_count": 8, "reply_count": 0, "like_count": 0, "quote_count": 0}}, "includes": {"users": [{"public_metrics": {"followers_count": 922, "following_count": 1038, "tweet_count": 20910, "listed_count": 0}, "name": "ingvarr", "id": "954355137916620802", "username": "ingvarrhan", "verified": false, "created_at": "2018-01-19T14:09:30.000Z", "protected": false, "location": "Madrid, Comunidad de Madrid", "description": "odi la ignor\u00e0ncia de la gent estudiada.\n\nResisteix d\u00e9u sap el que est\u00e0 succeint"}]}, "matching_rules": [{"id": 1401678016993017863, "tag": "Clara Luz"}]}