{"data": {"entities": {"mentions": [{"start": 3, "end": 11, "username": "ZMyBerg"}, {"start": 26, "end": 42, "username": "FerLarrazabalNL"}], "annotations": [{"start": 77, "end": 86, "probability": 0.8332, "type": "Place", "normalized_text": "Nuevo Le\u00f3n"}]}, "source": "Twitter for iPhone", "created_at": "2021-06-07T02:02:08.000Z", "author_id": "285402584", "text": "RT @ZMyBerg: Se los dije. @FerLarrazabalNL se va hasta la cuarta posici\u00f3n en Nuevo Le\u00f3n. Pinches panistas necios que no saben jugar en equi\u2026", "id": "1401721102603370502", "referenced_tweets": [{"type": "retweeted", "id": "1401682421146398720"}], "public_metrics": {"retweet_count": 330, "reply_count": 0, "like_count": 0, "quote_count": 0}}, "includes": {"users": [{"public_metrics": {"followers_count": 963, "following_count": 4999, "tweet_count": 52172, "listed_count": 0}, "name": "onii sama", "id": "285402584", "username": "olafsalazar", "verified": false, "created_at": "2011-04-21T02:51:30.000Z", "protected": false, "description": "s\u00edganme y los sigo"}]}, "matching_rules": [{"id": 1401678016993017862, "tag": "Fernando Larrazabal"}, {"id": 1401678016993017861, "tag": "Adrian de la Garza"}]}