{"data": {"entities": {"mentions": [{"start": 3, "end": 19, "username": "AdrianDeLaGarza"}], "urls": [{"start": 49, "end": 72, "url": "https://t.co/F1Hlt5v7K3", "expanded_url": "https://twitter.com/AdrianDeLaGarza/status/1401679458277412866/photo/1", "display_url": "pic.twitter.com/F1Hlt5v7K3"}]}, "source": "Twitter for iPhone", "created_at": "2021-06-07T02:04:41.000Z", "author_id": "285402584", "attachments": {"media_keys": ["3_1401679211857944584"]}, "text": "RT @AdrianDeLaGarza: \u00a1TODO VA A ESTAR BIEN! \ud83d\udcaa\ud83c\udffc\ud83d\udc4a\ud83c\udffc https://t.co/F1Hlt5v7K3", "id": "1401721746915463170", "referenced_tweets": [{"type": "retweeted", "id": "1401679458277412866"}], "public_metrics": {"retweet_count": 651, "reply_count": 0, "like_count": 0, "quote_count": 0}}, "includes": {"users": [{"public_metrics": {"followers_count": 963, "following_count": 4999, "tweet_count": 52180, "listed_count": 0}, "name": "onii sama", "id": "285402584", "username": "olafsalazar", "verified": false, "created_at": "2011-04-21T02:51:30.000Z", "protected": false, "description": "s\u00edganme y los sigo"}]}, "matching_rules": [{"id": 1401678016993017861, "tag": "Adrian de la Garza"}]}