{"data": {"entities": {"mentions": [{"start": 3, "end": 15, "username": "NunzGerardo"}, {"start": 116, "end": 132, "username": "AdrianDeLaGarza"}], "annotations": [{"start": 17, "end": 22, "probability": 0.9859, "type": "Person", "normalized_text": "Samuel"}, {"start": 90, "end": 99, "probability": 0.8491, "type": "Place", "normalized_text": "Nuevo Le\u00f3n"}]}, "source": "Twitter for Android", "created_at": "2021-06-07T02:05:11.000Z", "author_id": "1401049222187651076", "text": "RT @NunzGerardo: Samuel demostrando una vez m\u00e1s que es un corrupto de lo peor. Por eso en Nuevo Le\u00f3n ya escogimos a @AdrianDeLaGarza, \u00e9l es\u2026", "id": "1401721871242981383", "referenced_tweets": [{"type": "retweeted", "id": "1401720954498211857"}], "public_metrics": {"retweet_count": 8, "reply_count": 0, "like_count": 0, "quote_count": 0}}, "includes": {"users": [{"public_metrics": {"followers_count": 40, "following_count": 98, "tweet_count": 368, "listed_count": 0}, "name": "Manuel Galicia", "id": "1401049222187651076", "username": "ManyGalicia5", "verified": false, "created_at": "2021-06-05T05:32:27.000Z", "protected": false, "description": "Joven preocupado por mi pa\u00eds. Regreso el follow."}]}, "matching_rules": [{"id": 1401678016993017861, "tag": "Adrian de la Garza"}]}