{"data": {"entities": {"hashtags": [{"start": 21, "end": 31, "tag": "NuevoLe\u00f3n"}], "mentions": [{"start": 3, "end": 17, "username": "GustavoRocMtz"}, {"start": 33, "end": 49, "username": "PartidoMorenaMx"}, {"start": 122, "end": 138, "username": "PartidoMorenaMx"}], "annotations": [{"start": 82, "end": 90, "probability": 0.6194, "type": "Person", "normalized_text": "Clara Luz"}, {"start": 109, "end": 120, "probability": 0.25, "type": "Other", "normalized_text": "Neo Leoneses"}]}, "source": "Twitter for iPhone", "created_at": "2021-06-07T02:07:08.000Z", "author_id": "1236430355697188867", "text": "RT @GustavoRocMtz: A #NuevoLe\u00f3n  @PartidoMorenaMx lo entreg\u00f3 desde la elecci\u00f3n de Clara Luz, a nosotros, los Neo Leoneses @PartidoMorenaMx\u2026", "id": "1401722361276153862", "referenced_tweets": [{"type": "retweeted", "id": "1401711713343492097"}], "public_metrics": {"retweet_count": 79, "reply_count": 0, "like_count": 0, "quote_count": 0}}, "includes": {"users": [{"public_metrics": {"followers_count": 279, "following_count": 452, "tweet_count": 52509, "listed_count": 0}, "name": "Lou.Lou", "id": "1236430355697188867", "username": "LouMx28", "verified": false, "created_at": "2020-03-07T23:15:55.000Z", "protected": false, "description": "Cuenta de respaldo, por si me llegan a eliminar la principal. \u201cLove is only for the brave\u201d \u2014 AMLOver \ud83c\uddf2\ud83c\uddfd"}]}, "matching_rules": [{"id": 1401678016993017863, "tag": "Clara Luz"}]}