{"data": {"entities": {"mentions": [{"start": 3, "end": 18, "username": "samuel_garcias"}], "urls": [{"start": 76, "end": 99, "url": "https://t.co/tmWbH4hqDR", "expanded_url": "https://twitter.com/samuel_garcias/status/1401721999869628419/photo/1", "display_url": "pic.twitter.com/tmWbH4hqDR"}], "annotations": [{"start": 64, "end": 73, "probability": 0.6481, "type": "Place", "normalized_text": "Nuevo Le\u00f3n"}]}, "source": "Twitter for Android", "created_at": "2021-06-07T02:08:50.000Z", "author_id": "300282777", "attachments": {"media_keys": ["3_1401721989002264576"]}, "text": "RT @samuel_garcias: \u00a1Gracias, juntos vamos a construir un nuevo Nuevo Le\u00f3n! https://t.co/tmWbH4hqDR", "id": "1401722788671524864", "referenced_tweets": [{"type": "retweeted", "id": "1401721999869628419"}], "public_metrics": {"retweet_count": 19, "reply_count": 0, "like_count": 0, "quote_count": 0}}, "includes": {"users": [{"public_metrics": {"followers_count": 187, "following_count": 327, "tweet_count": 36615, "listed_count": 30}, "name": "Ramses Abasi", "id": "300282777", "username": "AswadRamses", "verified": false, "created_at": "2011-05-17T14:15:27.000Z", "protected": false, "location": "M\u00e9xico, DF", "description": "Me gusta los medios de Comunicaci\u00f3n, Prensa, Radio."}]}, "matching_rules": [{"id": 1401678016993017864, "tag": "Samuel Garcia"}]}