{"data": {"entities": {"mentions": [{"start": 3, "end": 14, "username": "richiefumo"}, {"start": 16, "end": 24, "username": "ZMyBerg"}, {"start": 25, "end": 41, "username": "FerLarrazabalNL"}, {"start": 42, "end": 58, "username": "AdrianDeLaGarza"}, {"start": 88, "end": 100, "username": "MarkoCortes"}], "annotations": [{"start": 83, "end": 85, "probability": 0.4862, "type": "Organization", "normalized_text": "PAN"}]}, "source": "Twitter for Android", "created_at": "2021-06-07T02:09:00.000Z", "author_id": "982387840066772992", "text": "RT @richiefumo: @ZMyBerg @FerLarrazabalNL @AdrianDeLaGarza tenemos que castigar al PAN, @MarkoCortes solo esta dedicado a cuidar su presupu\u2026", "id": "1401722830090276866", "referenced_tweets": [{"type": "retweeted", "id": "1401693983680589825"}], "public_metrics": {"retweet_count": 4, "reply_count": 0, "like_count": 0, "quote_count": 0}}, "includes": {"users": [{"public_metrics": {"followers_count": 332, "following_count": 318, "tweet_count": 44127, "listed_count": 2}, "name": "Yel M", "id": "982387840066772992", "username": "amanitta20", "verified": false, "created_at": "2018-04-06T22:41:27.000Z", "protected": false, "description": ""}]}, "matching_rules": [{"id": 1401678016993017862, "tag": "Fernando Larrazabal"}, {"id": 1401678016993017861, "tag": "Adrian de la Garza"}]}