{"data": {"entities": {"urls": [{"start": 38, "end": 61, "url": "https://t.co/1glzDQ9Wum", "expanded_url": "https://twitter.com/CarmenAgzz/status/1401580648704450561", "display_url": "twitter.com/CarmenAgzz/sta\u2026"}], "annotations": [{"start": 28, "end": 36, "probability": 0.9048, "type": "Person", "normalized_text": "Clara Luz"}]}, "source": "Twitter for Android", "created_at": "2021-06-07T02:09:34.000Z", "author_id": "1160020366380752896", "text": "Simplemente con que no gane Clara Luz https://t.co/1glzDQ9Wum", "id": "1401722975611727881", "referenced_tweets": [{"type": "quoted", "id": "1401580648704450561"}], "public_metrics": {"retweet_count": 0, "reply_count": 0, "like_count": 0, "quote_count": 0}}, "includes": {"users": [{"public_metrics": {"followers_count": 99, "following_count": 372, "tweet_count": 17726, "listed_count": 0}, "name": "Erick", "id": "1160020366380752896", "username": "Erick_Moreno99", "verified": false, "created_at": "2019-08-10T02:49:42.000Z", "protected": false, "location": "Monterrey, Nuevo Le\u00f3n", "description": "Amante de lo amado, y odiante de lo odiado\n\nTigres\ud83d\udc2f Dolphins\ud83d\udc2c"}]}, "matching_rules": [{"id": 1401678016993017863, "tag": "Clara Luz"}]}