{"data": {"entities": {"mentions": [{"start": 3, "end": 12, "username": "xbarflyx"}], "urls": [{"start": 74, "end": 97, "url": "https://t.co/j7ctF4PeG4", "expanded_url": "https://twitter.com/xbarflyx/status/1401680519553814528/photo/1", "display_url": "pic.twitter.com/j7ctF4PeG4"}], "annotations": [{"start": 20, "end": 32, "probability": 0.9963, "type": "Person", "normalized_text": "Nahuel Guzm\u00e1n"}, {"start": 63, "end": 71, "probability": 0.7677, "type": "Person", "normalized_text": "Clara Luz"}]}, "source": "Twitter for iPhone", "created_at": "2021-06-07T02:09:56.000Z", "author_id": "117969521", "attachments": {"media_keys": ["3_1401680516915548161"]}, "text": "RT @xbarflyx: Dato: Nahuel Guzm\u00e1n ya tiene un (1) voto m\u00e1s que Clara Luz. https://t.co/j7ctF4PeG4", "id": "1401723067882217478", "context_annotations": [{"domain": {"id": "10", "name": "Person", "description": "Named people in the world like Nelson Mandela"}, "entity": {"id": "733773938782666754", "name": "Nahuel Guzman"}}, {"domain": {"id": "60", "name": "Athlete", "description": "An athlete in the world, like Serena Williams or Lionel Messi"}, "entity": {"id": "733773938782666754", "name": "Nahuel Guzman"}}], "referenced_tweets": [{"type": "retweeted", "id": "1401680519553814528"}], "public_metrics": {"retweet_count": 65, "reply_count": 0, "like_count": 0, "quote_count": 0}}, "includes": {"users": [{"public_metrics": {"followers_count": 1044, "following_count": 1037, "tweet_count": 12581, "listed_count": 1}, "name": "Carlos Mario", "id": "117969521", "username": "Carlozzurita", "verified": false, "created_at": "2010-02-27T05:36:13.000Z", "protected": false, "description": "25.Balancan Tab"}]}, "matching_rules": [{"id": 1401678016993017863, "tag": "Clara Luz"}]}