{"data": {"entities": {"mentions": [{"start": 3, "end": 16, "username": "Metydemhijos"}], "urls": [{"start": 109, "end": 132, "url": "https://t.co/gy4RQg3cEG", "expanded_url": "https://twitter.com/Metydemhijos/status/1401714830130679811/photo/1", "display_url": "pic.twitter.com/gy4RQg3cEG"}]}, "source": "Twitter for Android", "created_at": "2021-06-07T02:10:36.000Z", "author_id": "208213377", "attachments": {"media_keys": ["3_1401714828109090818"]}, "text": "RT @Metydemhijos: Fu\u00ed a los perfiles de otros candidatos, solo el de clara luz tiene esta restricci\u00f3n.\n(\ud83e\udd23\ud83e\udd23\ud83e\udd23) https://t.co/gy4RQg3cEG", "id": "1401723235000008705", "referenced_tweets": [{"type": "retweeted", "id": "1401714830130679811"}], "public_metrics": {"retweet_count": 2, "reply_count": 0, "like_count": 0, "quote_count": 0}}, "includes": {"users": [{"public_metrics": {"followers_count": 3094, "following_count": 4850, "tweet_count": 78111, "listed_count": 16}, "name": "Lupivare #OPCmx", "id": "208213377", "username": "lupivare", "verified": false, "created_at": "2010-10-26T21:30:29.000Z", "protected": false, "location": "Worldwide", "description": "Defensora de fauna, flora y seres pensantes. Al\u00e9rgica a chairos. No estamos en WA\n\nhttps://t.co/pvgAFqidMY"}]}, "matching_rules": [{"id": 1401678016993017863, "tag": "Clara Luz"}]}