{"data": {"entities": {"mentions": [{"start": 3, "end": 16, "username": "Cesar_M0reno"}, {"start": 34, "end": 49, "username": "samuel_garcias"}], "annotations": [{"start": 27, "end": 31, "probability": 0.9047, "type": "Person", "normalized_text": "Sammy"}, {"start": 53, "end": 62, "probability": 0.8803, "type": "Place", "normalized_text": "Nuevo Le\u00f3n"}]}, "source": "Twitter for Android", "created_at": "2021-06-07T02:11:15.000Z", "author_id": "966458857768865792", "text": "RT @Cesar_M0reno: Si gana \"Sammy\" @samuel_garcias en Nuevo Le\u00f3n, me voy burlar de los Neolonenses de mollera sumida que votaron por el, des\u2026", "id": "1401723399269912576", "referenced_tweets": [{"type": "retweeted", "id": "1401713061380210689"}], "public_metrics": {"retweet_count": 13, "reply_count": 0, "like_count": 0, "quote_count": 0}}, "includes": {"users": [{"public_metrics": {"followers_count": 406, "following_count": 218, "tweet_count": 49776, "listed_count": 1}, "name": "Mariegarcia", "id": "966458857768865792", "username": "Marie_artillera", "verified": false, "created_at": "2018-02-21T23:45:22.000Z", "protected": false, "description": ""}]}, "matching_rules": [{"id": 1401678016993017864, "tag": "Samuel Garcia"}]}