{"data": {"entities": {"mentions": [{"start": 16, "end": 31, "username": "samuel_garcias"}]}, "source": "Twitter for iPhone", "created_at": "2021-06-07T02:11:22.000Z", "author_id": "1370775574101245952", "text": "Hoy coge a pelo @samuel_garcias", "id": "1401723427917111297", "public_metrics": {"retweet_count": 0, "reply_count": 0, "like_count": 0, "quote_count": 0}}, "includes": {"users": [{"public_metrics": {"followers_count": 33, "following_count": 127, "tweet_count": 24, "listed_count": 0}, "name": "Brandon Reyes", "id": "1370775574101245952", "username": "Brayandon_", "verified": false, "created_at": "2021-03-13T16:35:50.000Z", "protected": false, "description": "Huevolas"}]}, "matching_rules": [{"id": 1401678016993017864, "tag": "Samuel Garcia"}]}