{"data": {"entities": {"mentions": [{"start": 3, "end": 19, "username": "AdrianDeLaGarza"}], "urls": [{"start": 49, "end": 72, "url": "https://t.co/F1Hlt5v7K3", "expanded_url": "https://twitter.com/AdrianDeLaGarza/status/1401679458277412866/photo/1", "display_url": "pic.twitter.com/F1Hlt5v7K3"}]}, "source": "Twitter for Android", "created_at": "2021-06-07T02:14:27.000Z", "author_id": "1278439726907826181", "attachments": {"media_keys": ["3_1401679211857944584"]}, "text": "RT @AdrianDeLaGarza: \u00a1TODO VA A ESTAR BIEN! \ud83d\udcaa\ud83c\udffc\ud83d\udc4a\ud83c\udffc https://t.co/F1Hlt5v7K3", "id": "1401724204899262467", "referenced_tweets": [{"type": "retweeted", "id": "1401679458277412866"}], "public_metrics": {"retweet_count": 668, "reply_count": 0, "like_count": 0, "quote_count": 0}}, "includes": {"users": [{"public_metrics": {"followers_count": 35, "following_count": 230, "tweet_count": 2139, "listed_count": 0}, "name": "Oscar A. Medina", "id": "1278439726907826181", "username": "Oamedina1", "verified": false, "created_at": "2020-07-01T21:26:19.000Z", "protected": false, "description": "me interesa las noticias; la fotograf\u00eda, el mundo taurino pero sobretodo andar por las calles"}]}, "matching_rules": [{"id": 1401678016993017861, "tag": "Adrian de la Garza"}]}