{"data": {"entities": {"mentions": [{"start": 3, "end": 18, "username": "eduardoavelarc"}], "urls": [{"start": 104, "end": 127, "url": "https://t.co/SdpbLvbLJc", "expanded_url": "https://twitter.com/eduardoavelarc/status/1401698749265723392/photo/1", "display_url": "pic.twitter.com/SdpbLvbLJc"}], "annotations": [{"start": 21, "end": 33, "probability": 0.9969, "type": "Person", "normalized_text": "Samuel Garcia"}, {"start": 58, "end": 67, "probability": 0.3195, "type": "Person", "normalized_text": "Nuevo Leon"}, {"start": 92, "end": 101, "probability": 0.2994, "type": "Person", "normalized_text": "Nuevo Leon"}]}, "source": "Twitter for Android", "created_at": "2021-06-07T02:15:34.000Z", "author_id": "1146540887012364288", "attachments": {"media_keys": ["3_1401698745775968259"]}, "text": "RT @eduardoavelarc: *Samuel Garcia gana la gobernatura de Nuevo Leon*\n\n-Los que no somos de Nuevo Leon: https://t.co/SdpbLvbLJc", "id": "1401724484080607244", "referenced_tweets": [{"type": "retweeted", "id": "1401698749265723392"}], "public_metrics": {"retweet_count": 90, "reply_count": 0, "like_count": 0, "quote_count": 0}}, "includes": {"users": [{"public_metrics": {"followers_count": 1, "following_count": 258, "tweet_count": 223, "listed_count": 0}, "name": "eiziiittaaacastttt99", "id": "1146540887012364288", "username": "eizacastillo1", "verified": false, "created_at": "2019-07-03T22:07:03.000Z", "protected": false, "description": "I Love JUSTIN BIEBER"}]}, "matching_rules": [{"id": 1401678016993017864, "tag": "Samuel Garcia"}]}