{"data": {"entities": {"mentions": [{"start": 3, "end": 17, "username": "PaolaMendoza_"}], "annotations": [{"start": 22, "end": 30, "probability": 0.8533, "type": "Person", "normalized_text": "Clara Luz"}, {"start": 41, "end": 49, "probability": 0.8571, "type": "Person", "normalized_text": "Clara Luz"}]}, "source": "Twitter for Android", "created_at": "2021-06-07T02:16:14.000Z", "author_id": "1289474648", "text": "RT @PaolaMendoza_: Ni Clara Luz voto por Clara Luz jajajajjaja", "id": "1401724650397241344", "referenced_tweets": [{"type": "retweeted", "id": "1401723452730482689"}], "public_metrics": {"retweet_count": 1, "reply_count": 0, "like_count": 0, "quote_count": 0}}, "includes": {"users": [{"public_metrics": {"followers_count": 450, "following_count": 275, "tweet_count": 41650, "listed_count": 6}, "name": "Fercho", "id": "1289474648", "username": "Ferochoa96", "verified": false, "created_at": "2013-03-22T19:26:35.000Z", "protected": false, "description": "Si no luchas, morir\u00e1s. Si ganas, sobrevivir\u00e1s. No puedes ganar si no luchas. #HalaMadridYNadaMas"}]}, "matching_rules": [{"id": 1401678016993017863, "tag": "Clara Luz"}]}