{"data": {"entities": {"mentions": [{"start": 3, "end": 18, "username": "QuesaVerdadess"}, {"start": 55, "end": 70, "username": "samuel_garcias"}], "annotations": [{"start": 89, "end": 98, "probability": 0.4707, "type": "Place", "normalized_text": "Nuevo Le\u00f3n"}]}, "source": "Twitter for Android", "created_at": "2021-06-07T02:16:19.000Z", "author_id": "75742533", "text": "RT @QuesaVerdadess: Enserio que si \"gan\u00f3\" el inepto de @samuel_garcias la gubernatura de Nuevo Le\u00f3n deber\u00edamos de sacar a ese estado de la\u2026", "id": "1401724674506174465", "referenced_tweets": [{"type": "retweeted", "id": "1401714615369752579"}], "public_metrics": {"retweet_count": 119, "reply_count": 0, "like_count": 0, "quote_count": 0}}, "includes": {"users": [{"public_metrics": {"followers_count": 431, "following_count": 479, "tweet_count": 7999, "listed_count": 0}, "name": "Osvaldo", "id": "75742533", "username": "0sWi", "verified": false, "created_at": "2009-09-20T07:33:23.000Z", "protected": false, "location": "Mexico City", "description": "CDMX, peculiar mezcla de investigador biom\u00e9dico \ud83e\uddec\ud83d\udd2c, Farmac\u00e9utico\u2697\ufe0f\ud83d\udc8a y administrador en salud\u2695\ufe0f..."}]}, "matching_rules": [{"id": 1401678016993017864, "tag": "Samuel Garcia"}]}