{"data": {"entities": {"mentions": [{"start": 3, "end": 18, "username": "samuel_garcias"}], "urls": [{"start": 89, "end": 112, "url": "https://t.co/oscBoeaDas", "expanded_url": "https://twitter.com/Elenacorca/status/1401724786485731328/video/1", "display_url": "pic.twitter.com/oscBoeaDas"}]}, "source": "Twitter for Android", "created_at": "2021-06-07T02:16:46.000Z", "author_id": "1324559891252523010", "attachments": {"media_keys": ["7_1401724748627861507"]}, "text": "Ey @samuel_garcias ya acepta tu derrota ya estamos hartos del robo de material electoral https://t.co/oscBoeaDas", "id": "1401724786485731328", "public_metrics": {"retweet_count": 0, "reply_count": 0, "like_count": 0, "quote_count": 0}}, "includes": {"users": [{"public_metrics": {"followers_count": 189, "following_count": 338, "tweet_count": 2270, "listed_count": 0}, "name": "Elena cortez", "id": "1324559891252523010", "username": "Elenacorca", "verified": false, "created_at": "2020-11-06T03:51:17.000Z", "protected": false, "description": "Vivir un d\u00eda a la vez"}]}, "matching_rules": [{"id": 1401678016993017864, "tag": "Samuel Garcia"}]}