{"data": {"entities": {"mentions": [{"start": 3, "end": 19, "username": "PrincessGaalaxy"}], "urls": [{"start": 62, "end": 85, "url": "https://t.co/xKyHtenLzP", "expanded_url": "https://twitter.com/z_syndicate/status/1266955319877554177/video/1", "display_url": "pic.twitter.com/xKyHtenLzP"}], "annotations": [{"start": 38, "end": 50, "probability": 0.9814, "type": "Person", "normalized_text": "samuel garcia"}]}, "source": "Twitter for iPhone", "created_at": "2021-06-07T02:17:15.000Z", "author_id": "984956030", "attachments": {"media_keys": ["7_1266955283915513861"]}, "text": "RT @PrincessGaalaxy: Rezando para que samuel garcia no gane \n https://t.co/xKyHtenLzP", "id": "1401724909399728133", "referenced_tweets": [{"type": "retweeted", "id": "1401626169179508739"}], "public_metrics": {"retweet_count": 387, "reply_count": 0, "like_count": 0, "quote_count": 0}}, "includes": {"users": [{"public_metrics": {"followers_count": 486, "following_count": 420, "tweet_count": 34717, "listed_count": 3}, "name": "E' Campos", "id": "984956030", "username": "EnriqueC2201", "verified": false, "created_at": "2012-12-02T16:40:12.000Z", "protected": false, "location": "Tabasco, M\u00e9xico", "description": "23, Tumblr: enriquec2201"}]}, "matching_rules": [{"id": 1401678016993017864, "tag": "Samuel Garcia"}]}