{"data": {"entities": {"mentions": [{"start": 3, "end": 19, "username": "AdrianDeLaGarza"}], "urls": [{"start": 49, "end": 72, "url": "https://t.co/F1Hlt5v7K3", "expanded_url": "https://twitter.com/AdrianDeLaGarza/status/1401679458277412866/photo/1", "display_url": "pic.twitter.com/F1Hlt5v7K3"}]}, "source": "Twitter for Android", "created_at": "2021-06-07T02:17:48.000Z", "author_id": "788797866605096960", "attachments": {"media_keys": ["3_1401679211857944584"]}, "text": "RT @AdrianDeLaGarza: \u00a1TODO VA A ESTAR BIEN! \ud83d\udcaa\ud83c\udffc\ud83d\udc4a\ud83c\udffc https://t.co/F1Hlt5v7K3", "id": "1401725046788329485", "referenced_tweets": [{"type": "retweeted", "id": "1401679458277412866"}], "public_metrics": {"retweet_count": 674, "reply_count": 0, "like_count": 0, "quote_count": 0}}, "includes": {"users": [{"public_metrics": {"followers_count": 2340, "following_count": 1968, "tweet_count": 156330, "listed_count": 5}, "name": "FCO  ORTEGA", "id": "788797866605096960", "username": "QUODOMINE", "verified": false, "created_at": "2016-10-19T17:44:01.000Z", "protected": false, "location": "MEX y  EL PAIS DEL MAPLE ", "description": "LOS VALIENTES Y NOBLES MUEREN SOLO UNA VEZ LOS COBARDES HIPOCRITAS Y SOBERBIO MUEREN MUCHAS VECES"}]}, "matching_rules": [{"id": 1401678016993017861, "tag": "Adrian de la Garza"}]}