{"data": {"entities": {"mentions": [{"start": 40, "end": 56, "username": "AdrianDeLaGarza"}], "urls": [{"start": 58, "end": 81, "url": "https://t.co/OVWP8gHX8m", "expanded_url": "https://twitter.com/Papurri691/status/1401725686549827588/photo/1", "display_url": "pic.twitter.com/OVWP8gHX8m"}]}, "source": "Twitter for iPhone", "created_at": "2021-06-07T02:20:21.000Z", "author_id": "1387881771816132618", "attachments": {"media_keys": ["3_1401725681688616965"]}, "text": "Honor a quien honor merece, felicidades @AdrianDeLaGarza! https://t.co/OVWP8gHX8m", "id": "1401725686549827588", "public_metrics": {"retweet_count": 0, "reply_count": 0, "like_count": 0, "quote_count": 0}}, "includes": {"users": [{"public_metrics": {"followers_count": 51, "following_count": 131, "tweet_count": 1002, "listed_count": 0}, "name": "Papurri69", "id": "1387881771816132618", "username": "Papurri691", "verified": false, "created_at": "2021-04-29T21:29:43.000Z", "protected": false, "description": "Mamarre mamarreeee"}]}, "matching_rules": [{"id": 1401678016993017861, "tag": "Adrian de la Garza"}]}