{"data": {"entities": {"mentions": [{"start": 3, "end": 14, "username": "soygusgus1"}], "annotations": [{"start": 31, "end": 47, "probability": 0.9914, "type": "Person", "normalized_text": "Tatiana Clouthier"}, {"start": 52, "end": 61, "probability": 0.9183, "type": "Place", "normalized_text": "Nuevo Le\u00f3n"}, {"start": 129, "end": 137, "probability": 0.8357, "type": "Person", "normalized_text": "Clara Luz"}]}, "source": "Twitter for Android", "created_at": "2021-06-07T02:20:52.000Z", "author_id": "855425767", "text": "RT @soygusgus1: Hubiera estado Tatiana Clouthier en Nuevo Le\u00f3n y morena la gana con 20 puntos. \n\nQue necesidad hab\u00eda de mandar a Clara Luz.", "id": "1401725816908750848", "referenced_tweets": [{"type": "retweeted", "id": "1401687101306028033"}], "public_metrics": {"retweet_count": 127, "reply_count": 0, "like_count": 0, "quote_count": 0}}, "includes": {"users": [{"public_metrics": {"followers_count": 554, "following_count": 1012, "tweet_count": 31217, "listed_count": 0}, "name": "Isaac Ram\u00edrez", "id": "855425767", "username": "caracochi", "verified": false, "created_at": "2012-09-30T22:05:19.000Z", "protected": false, "location": "Durango, M\u00e9xico", "description": "Porque tal como la madera es el material del carpintero y el bronce el del escultor, as\u00ed la vida de cada hombre es la materia del arte de vivir"}]}, "matching_rules": [{"id": 1401678016993017863, "tag": "Clara Luz"}]}