{"data": {"entities": {"mentions": [{"start": 0, "end": 15, "username": "samuel_garcias"}], "annotations": [{"start": 42, "end": 45, "probability": 0.4998, "type": "Person", "normalized_text": "Leon"}]}, "source": "Twitter for Android", "created_at": "2021-06-07T02:22:13.000Z", "author_id": "101821742", "text": "@samuel_garcias Maldita sea!! Pobre Nuevo Leon", "id": "1401726156290863104", "referenced_tweets": [{"type": "replied_to", "id": "1401686737911353344"}], "public_metrics": {"retweet_count": 0, "reply_count": 0, "like_count": 0, "quote_count": 0}, "in_reply_to_user_id": "258973851"}, "includes": {"users": [{"public_metrics": {"followers_count": 103, "following_count": 293, "tweet_count": 1659, "listed_count": 1}, "name": "NADIGABY", "id": "101821742", "username": "lanigabys", "verified": false, "created_at": "2010-01-04T17:56:22.000Z", "protected": false, "location": "mexicana ", "description": "MI RAZON DE SER."}]}, "matching_rules": [{"id": 1401678016993017864, "tag": "Samuel Garcia"}]}