{"data": {"entities": {"mentions": [{"start": 3, "end": 13, "username": "yooddaa29"}], "annotations": [{"start": 41, "end": 43, "probability": 0.9395, "type": "Place", "normalized_text": "Mty"}, {"start": 87, "end": 102, "probability": 0.6416, "type": "Place", "normalized_text": "Palacio Nacional"}, {"start": 122, "end": 134, "probability": 0.997, "type": "Person", "normalized_text": "Samuel Garcia"}]}, "source": "Twitter for iPhone", "created_at": "2021-06-07T02:22:31.000Z", "author_id": "1239409609623908352", "text": "RT @yooddaa29: Tengo 25 a\u00f1os viviendo en Mty, y soy tan libre de criticar al vejete de Palacio Nacional como al payaso de Samuel Garcia, qu\u2026", "id": "1401726232920743937", "referenced_tweets": [{"type": "retweeted", "id": "1401725727666360324"}], "public_metrics": {"retweet_count": 3, "reply_count": 0, "like_count": 0, "quote_count": 0}}, "includes": {"users": [{"public_metrics": {"followers_count": 672, "following_count": 618, "tweet_count": 28765, "listed_count": 0}, "name": "Monica", "id": "1239409609623908352", "username": "msierraaceves", "verified": false, "created_at": "2020-03-16T04:35:20.000Z", "protected": false, "description": "Khaleesi ,Mother of Dragons\ud83d\udc09daughter of a good and kind man and wife of a wise man!! anti AMLO"}]}, "matching_rules": [{"id": 1401678016993017864, "tag": "Samuel Garcia"}]}