{"data": {"entities": {"mentions": [{"start": 3, "end": 13, "username": "yooddaa29"}], "annotations": [{"start": 41, "end": 43, "probability": 0.9395, "type": "Place", "normalized_text": "Mty"}, {"start": 87, "end": 102, "probability": 0.6416, "type": "Place", "normalized_text": "Palacio Nacional"}, {"start": 122, "end": 134, "probability": 0.997, "type": "Person", "normalized_text": "Samuel Garcia"}]}, "source": "Twitter Web App", "created_at": "2021-06-07T02:22:45.000Z", "author_id": "753259713966465026", "text": "RT @yooddaa29: Tengo 25 a\u00f1os viviendo en Mty, y soy tan libre de criticar al vejete de Palacio Nacional como al payaso de Samuel Garcia, qu\u2026", "id": "1401726292777738241", "referenced_tweets": [{"type": "retweeted", "id": "1401725727666360324"}], "public_metrics": {"retweet_count": 5, "reply_count": 0, "like_count": 0, "quote_count": 0}}, "includes": {"users": [{"public_metrics": {"followers_count": 890, "following_count": 1424, "tweet_count": 24655, "listed_count": 0}, "name": "Laura Gpe Garrido Cedrun", "id": "753259713966465026", "username": "GarridoGpe", "verified": false, "created_at": "2016-07-13T16:08:05.000Z", "protected": false, "description": "Amo vivir, so\u00f1ar, ser y estar, pero siempre contigo."}]}, "matching_rules": [{"id": 1401678016993017864, "tag": "Samuel Garcia"}]}