{"data": {"entities": {"mentions": [{"start": 3, "end": 12, "username": "LCUgalde"}, {"start": 48, "end": 63, "username": "samuel_garcias"}], "annotations": [{"start": 86, "end": 95, "probability": 0.916, "type": "Place", "normalized_text": "Nuevo Le\u00f3n"}]}, "source": "Twitter for iPad", "created_at": "2021-06-07T02:23:00.000Z", "author_id": "137949144", "text": "RT @LCUgalde: Ya empez\u00f3 la irresponsabilidad. \n\n@samuel_garcias se declara ganador en Nuevo Le\u00f3n. \n\nSi va arriba, \u00bfcu\u00e1l es la prisa? \n\nY ll\u2026", "id": "1401726356036239360", "referenced_tweets": [{"type": "retweeted", "id": "1401678219040940032"}], "public_metrics": {"retweet_count": 261, "reply_count": 0, "like_count": 0, "quote_count": 0}}, "includes": {"users": [{"public_metrics": {"followers_count": 1809, "following_count": 2532, "tweet_count": 90998, "listed_count": 24}, "name": "G\u00fcilson", "id": "137949144", "username": "A_Guilson_K", "verified": false, "created_at": "2010-04-28T06:18:30.000Z", "protected": false, "location": "Atl\u00e1ntico Norte", "description": "Voy contra marea, ad\u00f3nde me lleven mis propios vientos de libertad. Conste que no dije \u201caires\u201d, porque ya saben de qu\u00e9 estamos llenos los balones. (  .  )"}]}, "matching_rules": [{"id": 1401678016993017864, "tag": "Samuel Garcia"}]}