{"data": {"entities": {"mentions": [{"start": 3, "end": 19, "username": "octaviohalvarez"}], "annotations": [{"start": 97, "end": 106, "probability": 0.7862, "type": "Place", "normalized_text": "Nuevo Le\u00f3n"}, {"start": 112, "end": 120, "probability": 0.7748, "type": "Person", "normalized_text": "Clara Luz"}]}, "source": "Twitter for Android", "created_at": "2021-06-07T02:23:24.000Z", "author_id": "331772449", "text": "RT @octaviohalvarez: Seamos honestos: no es como que hubiera grandes expectativas para Morena en Nuevo Le\u00f3n con Clara Luz.\nPero de plano, q\u2026", "id": "1401726454145204225", "referenced_tweets": [{"type": "retweeted", "id": "1401701463827660805"}], "public_metrics": {"retweet_count": 20, "reply_count": 0, "like_count": 0, "quote_count": 0}}, "includes": {"users": [{"public_metrics": {"followers_count": 868, "following_count": 1045, "tweet_count": 103384, "listed_count": 2}, "name": "Luis Alberto Torres", "id": "331772449", "username": "1027Sodomy", "verified": false, "created_at": "2011-07-08T17:57:38.000Z", "protected": false, "location": "San Luis Potos\u00ed, M\u00e9xico", "description": "Metalero,me gusta la aventura y opino sobre la pol\u00edtica de M\u00e9xico."}]}, "matching_rules": [{"id": 1401678016993017863, "tag": "Clara Luz"}]}