{"data": {"entities": {"mentions": [{"start": 3, "end": 18, "username": "samuel_garcias"}]}, "source": "Twitter for Android", "created_at": "2021-06-07T02:24:05.000Z", "author_id": "2588899219", "text": "RT @samuel_garcias: Gracias Nuevo Le\u00f3n, llevamos una ventaja de 10.5% y la tendencia nos sigue favoreciendo, los mantendr\u00e9 informados.\n\nHoy\u2026", "id": "1401726629093781508", "referenced_tweets": [{"type": "retweeted", "id": "1401686737911353344"}], "public_metrics": {"retweet_count": 173, "reply_count": 0, "like_count": 0, "quote_count": 0}}, "includes": {"users": [{"public_metrics": {"followers_count": 56, "following_count": 506, "tweet_count": 1570, "listed_count": 0}, "name": "Lily Lomer", "id": "2588899219", "username": "LilyLomer", "verified": false, "created_at": "2014-06-26T04:58:08.000Z", "protected": false, "location": "Morelia, Michoac\u00e1n", "description": "Cat\u00f3lica, provida."}]}, "matching_rules": [{"id": 1401678016993017864, "tag": "Samuel Garcia"}]}