{"data": {"entities": {"mentions": [{"start": 0, "end": 9, "username": "Chokko30"}, {"start": 10, "end": 25, "username": "samuel_garcias"}, {"start": 26, "end": 37, "username": "chairita4T"}, {"start": 38, "end": 49, "username": "Katsuragui"}, {"start": 50, "end": 61, "username": "martuchi63"}, {"start": 62, "end": 73, "username": "Israelsv74"}, {"start": 74, "end": 86, "username": "piporro1012"}, {"start": 87, "end": 101, "username": "MarchantaTita"}, {"start": 102, "end": 113, "username": "irenediaz3"}, {"start": 114, "end": 128, "username": "barettaazul74"}, {"start": 129, "end": 145, "username": "kentladulcepoly"}]}, "source": "Twitter for Android", "created_at": "2021-06-07T02:26:43.000Z", "author_id": "1314302175619751950", "text": "@Chokko30 @samuel_garcias @chairita4T @Katsuragui @martuchi63 @Israelsv74 @piporro1012 @MarchantaTita @irenediaz3 @barettaazul74 @kentladulcepoly Pobres neoloneses son tan pendejos que ya se salvaron los campechanos de ser los m\u00e1s pendejos.", "id": "1401727291571453953", "referenced_tweets": [{"type": "replied_to", "id": "1401717971077058563"}], "public_metrics": {"retweet_count": 0, "reply_count": 0, "like_count": 0, "quote_count": 0}, "in_reply_to_user_id": "1119051034473578496"}, "includes": {"users": [{"public_metrics": {"followers_count": 12, "following_count": 110, "tweet_count": 1186, "listed_count": 0}, "name": "Mexichairo", "id": "1314302175619751950", "username": "CPP_Mexicano", "verified": false, "created_at": "2020-10-08T20:30:51.000Z", "protected": false, "description": "Abriendo otra  cuenta"}]}, "matching_rules": [{"id": 1401678016993017864, "tag": "Samuel Garcia"}]}