{"data": {"entities": {"mentions": [{"start": 3, "end": 15, "username": "CarLon_2020"}], "annotations": [{"start": 107, "end": 119, "probability": 0.9979, "type": "Person", "normalized_text": "SAMUEL GARCIA"}]}, "source": "Twitter for iPhone", "created_at": "2021-06-07T02:27:45.000Z", "author_id": "193069304", "text": "RT @CarLon_2020: INCRE\u00cdBLE PERO CIERTO!! Me informan mis amigas san petrinas que el BUFONCILLO RID\u00cdCULO de SAMUEL GARCIA lleva la delantera\u2026", "id": "1401727551530323974", "referenced_tweets": [{"type": "retweeted", "id": "1401721336163078146"}], "public_metrics": {"retweet_count": 11, "reply_count": 0, "like_count": 0, "quote_count": 0}}, "includes": {"users": [{"public_metrics": {"followers_count": 2239, "following_count": 4958, "tweet_count": 27042, "listed_count": 2}, "name": "Jorge Nogueda Sim\u00f3n", "id": "193069304", "username": "jorgelnogueda", "verified": false, "created_at": "2010-09-20T22:10:08.000Z", "protected": false, "location": "M\u00e9xico, DF", "description": "Porque  no basta solo una sonrisa"}]}, "matching_rules": [{"id": 1401678016993017864, "tag": "Samuel Garcia"}]}