{"data": {"entities": {"mentions": [{"start": 3, "end": 14, "username": "DiegoPlxtx"}, {"start": 46, "end": 62, "username": "AdrianDeLaGarza"}], "annotations": [{"start": 89, "end": 98, "probability": 0.4224, "type": "Place", "normalized_text": "Nuevo Le\u00f3n"}]}, "source": "Twitter for Android", "created_at": "2021-06-07T02:27:47.000Z", "author_id": "1324559891252523010", "text": "RT @DiegoPlxtx: Que felicidad, hoy 6 de junio @AdrianDeLaGarza est\u00e1 ganado para gobernar Nuevo Le\u00f3n, sin duda alguna no nos va a defraudar,\u2026", "id": "1401727559197511685", "referenced_tweets": [{"type": "retweeted", "id": "1401724517404352513"}], "public_metrics": {"retweet_count": 8, "reply_count": 0, "like_count": 0, "quote_count": 0}}, "includes": {"users": [{"public_metrics": {"followers_count": 189, "following_count": 338, "tweet_count": 2279, "listed_count": 0}, "name": "Elena cortez", "id": "1324559891252523010", "username": "Elenacorca", "verified": false, "created_at": "2020-11-06T03:51:17.000Z", "protected": false, "description": "Vivir un d\u00eda a la vez"}]}, "matching_rules": [{"id": 1401678016993017861, "tag": "Adrian de la Garza"}]}