{"data": {"entities": {"hashtags": [{"start": 21, "end": 31, "tag": "NuevoLe\u00f3n"}], "mentions": [{"start": 3, "end": 17, "username": "GustavoRocMtz"}, {"start": 33, "end": 49, "username": "PartidoMorenaMx"}, {"start": 122, "end": 138, "username": "PartidoMorenaMx"}], "annotations": [{"start": 82, "end": 90, "probability": 0.6194, "type": "Person", "normalized_text": "Clara Luz"}, {"start": 109, "end": 120, "probability": 0.25, "type": "Other", "normalized_text": "Neo Leoneses"}]}, "source": "Twitter for Android", "created_at": "2021-06-07T02:28:13.000Z", "author_id": "609642638", "text": "RT @GustavoRocMtz: A #NuevoLe\u00f3n  @PartidoMorenaMx lo entreg\u00f3 desde la elecci\u00f3n de Clara Luz, a nosotros, los Neo Leoneses @PartidoMorenaMx\u2026", "id": "1401727668253564936", "referenced_tweets": [{"type": "retweeted", "id": "1401711713343492097"}], "public_metrics": {"retweet_count": 114, "reply_count": 0, "like_count": 0, "quote_count": 0}}, "includes": {"users": [{"public_metrics": {"followers_count": 985, "following_count": 1366, "tweet_count": 8478, "listed_count": 2}, "name": "Ray -In", "id": "609642638", "username": "MexicanShark007", "verified": false, "created_at": "2012-06-16T03:14:51.000Z", "protected": false, "location": "Ontario, Canada", "description": "Hecho en m\u00e9xico. Expatriado, luchador incansable. Vamos Mexico!!! \ud83c\uddf2\ud83c\uddfd\ud83c\udde8\ud83c\udde6"}]}, "matching_rules": [{"id": 1401678016993017863, "tag": "Clara Luz"}]}