{"data": {"entities": {"hashtags": [{"start": 197, "end": 209, "tag": "VaPorMexico"}], "mentions": [{"start": 0, "end": 12, "username": "luisghernan"}, {"start": 13, "end": 29, "username": "PartidoMorenaMx"}, {"start": 30, "end": 45, "username": "claraluzflores"}, {"start": 46, "end": 57, "username": "ClaudioXGG"}, {"start": 67, "end": 79, "username": "luisghernan"}, {"start": 119, "end": 135, "username": "PartidoMorenaMx"}]}, "source": "Twitter for Android", "created_at": "2021-06-07T02:28:31.000Z", "author_id": "1303098669462290432", "text": "@luisghernan @PartidoMorenaMx @claraluzflores @ClaudioXGG Estimado @luisghernan, parece que alguien apost\u00f3 a quebrar a @PartidoMorenaMx, y por lo visto s\u00f3lo obtuvo una espantosa x.\nVeamos que har\u00e1 #VaPorMexico.", "id": "1401727744241766405", "context_annotations": [{"domain": {"id": "47", "name": "Brand", "description": "Brands and Companies"}, "entity": {"id": "1364653904433045506", "name": "Aposto!"}}], "referenced_tweets": [{"type": "replied_to", "id": "1401701209354825733"}], "public_metrics": {"retweet_count": 0, "reply_count": 0, "like_count": 0, "quote_count": 0}, "in_reply_to_user_id": "53907743"}, "includes": {"users": [{"public_metrics": {"followers_count": 84, "following_count": 762, "tweet_count": 5018, "listed_count": 0}, "name": "(Jos\u00e9 Mojica Perez) SlayerJihad2", "id": "1303098669462290432", "username": "slayerjihad2", "verified": false, "created_at": "2020-09-07T22:32:25.000Z", "protected": false, "location": "Ciudad De M\u00e9xico", "description": "No mucho por decir... S\u00f3lo que la m\u00fasica es mi vida.\n(Cuenta temporal, con posibilidad de permanente)\n@Raiders Fan..."}]}, "matching_rules": [{"id": 1401678016993017863, "tag": "Clara Luz"}]}