{"data": {"entities": {"mentions": [{"start": 3, "end": 13, "username": "yooddaa29"}], "annotations": [{"start": 46, "end": 55, "probability": 0.8415, "type": "Place", "normalized_text": "Nuevo Leon"}, {"start": 79, "end": 91, "probability": 0.9869, "type": "Person", "normalized_text": "Samuel Garcia"}, {"start": 97, "end": 114, "probability": 0.733, "type": "Person", "normalized_text": "Adrian de la Garza"}]}, "source": "Twitter for Android", "created_at": "2021-06-07T02:29:06.000Z", "author_id": "1671030013", "text": "RT @yooddaa29: Tristemente les anuncio que en Nuevo Leon no todo estara bien.\n\nSamuel Garcia 36%\nAdrian de la Garza 28%.\n\nFelicidades para\u2026", "id": "1401727888664182784", "referenced_tweets": [{"type": "retweeted", "id": "1401678536604196866"}], "public_metrics": {"retweet_count": 134, "reply_count": 0, "like_count": 0, "quote_count": 0}}, "includes": {"users": [{"public_metrics": {"followers_count": 544, "following_count": 474, "tweet_count": 80854, "listed_count": 0}, "name": "fernando mejia huert", "id": "1671030013", "username": "fernandomejiahu", "verified": false, "created_at": "2013-08-14T17:14:36.000Z", "protected": false, "location": "Ecatepec", "description": ""}]}, "matching_rules": [{"id": 1401678016993017864, "tag": "Samuel Garcia"}, {"id": 1401678016993017861, "tag": "Adrian de la Garza"}]}