{"data": {"entities": {"mentions": [{"start": 3, "end": 14, "username": "guille_gos"}, {"start": 57, "end": 72, "username": "claraluzflores"}]}, "source": "Twitter for iPhone", "created_at": "2021-06-07T02:29:40.000Z", "author_id": "1184882016120197121", "text": "RT @guille_gos: Despu\u00e9s de estas traum\u00e1ticas elecciones, @claraluzflores planea tomar un curso de \u201csuperaci\u00f3n personal\u201d \ud83d\udc40", "id": "1401728030851186690", "referenced_tweets": [{"type": "retweeted", "id": "1401722402816598016"}], "public_metrics": {"retweet_count": 5, "reply_count": 0, "like_count": 0, "quote_count": 0}}, "includes": {"users": [{"public_metrics": {"followers_count": 2843, "following_count": 4261, "tweet_count": 45509, "listed_count": 0}, "name": "Mauricio Arce & Asociados", "id": "1184882016120197121", "username": "arce_asociados", "verified": false, "created_at": "2019-10-17T17:21:11.000Z", "protected": false, "description": ""}]}, "matching_rules": [{"id": 1401678016993017863, "tag": "Clara Luz"}]}