{"data": {"entities": {"hashtags": [{"start": 27, "end": 32, "tag": "PREP"}], "mentions": [{"start": 3, "end": 16, "username": "arandatamayo"}], "annotations": [{"start": 51, "end": 63, "probability": 0.9884, "type": "Person", "normalized_text": "Samuel Garc\u00eda"}, {"start": 70, "end": 87, "probability": 0.5884, "type": "Person", "normalized_text": "Adri\u00e1n de la Garza"}, {"start": 93, "end": 112, "probability": 0.4907, "type": "Person", "normalized_text": "Fernando Larrazabal"}, {"start": 119, "end": 134, "probability": 0.3427, "type": "Person", "normalized_text": "Clara Luz Flores"}]}, "source": "Twitter Web App", "created_at": "2021-06-07T02:29:50.000Z", "author_id": "1186384537145749504", "text": "RT @arandatamayo: Seg\u00fan el #PREP en este momento:\n\nSamuel Garc\u00eda: 37%\nAdri\u00e1n de la Garza: 29%\nFernando Larrazabal: 17%\nClara Luz Flores: 13\u2026", "id": "1401728074694148096", "referenced_tweets": [{"type": "retweeted", "id": "1401715956888571914"}], "public_metrics": {"retweet_count": 67, "reply_count": 0, "like_count": 0, "quote_count": 0}}, "includes": {"users": [{"public_metrics": {"followers_count": 394, "following_count": 380, "tweet_count": 15078, "listed_count": 1}, "name": "maidalore2", "id": "1186384537145749504", "username": "maidalore2", "verified": false, "created_at": "2019-10-21T20:52:02.000Z", "protected": false, "location": "Monterrey, Nuevo Le\u00f3n\ud83c\uddf2\ud83c\uddfd", "description": "Regia, vivo a tiro de piedra del Cerro de la Silla, tengo 3 hijitos y un marido\ud83d\ude02 y soy mamacita de tiempo completo.\ud83d\ude0a\ud83d\ude0d\ud83d\ude09"}]}, "matching_rules": [{"id": 1401678016993017862, "tag": "Fernando Larrazabal"}, {"id": 1401678016993017863, "tag": "Clara Luz"}]}