{"data": {"entities": {"mentions": [{"start": 0, "end": 11, "username": "a_chatly69"}, {"start": 12, "end": 27, "username": "samuel_garcias"}], "annotations": [{"start": 48, "end": 55, "probability": 0.8867, "type": "Person", "normalized_text": "casillas"}]}, "source": "Twitter for Android", "created_at": "2021-06-07T02:32:14.000Z", "author_id": "1135028183244378112", "text": "@a_chatly69 @samuel_garcias Con cu\u00e1ntos votos y casillas computadas y contabilizadas???", "id": "1401728676937543686", "referenced_tweets": [{"type": "replied_to", "id": "1401727964803383298"}], "public_metrics": {"retweet_count": 0, "reply_count": 0, "like_count": 0, "quote_count": 0}, "in_reply_to_user_id": "698178979635679232"}, "includes": {"users": [{"public_metrics": {"followers_count": 1109, "following_count": 1126, "tweet_count": 7375, "listed_count": 0}, "name": "Garson Homar", "id": "1135028183244378112", "username": "ghonda84", "verified": false, "created_at": "2019-06-02T03:39:41.000Z", "protected": false, "location": "Nuevo Le\u00f3n, M\u00e9xico", "description": "Cuenta dedicada a apoyo de Tigres de la U de Nuevo Le\u00f3n, cualquier opini\u00f3n es bien recibida no tiene que ser igual a la m\u00eda."}]}, "matching_rules": [{"id": 1401678016993017864, "tag": "Samuel Garcia"}]}