{"data": {"entities": {"mentions": [{"start": 3, "end": 18, "username": "QuesaVerdadess"}, {"start": 55, "end": 70, "username": "samuel_garcias"}], "annotations": [{"start": 89, "end": 98, "probability": 0.4707, "type": "Place", "normalized_text": "Nuevo Le\u00f3n"}]}, "source": "Twitter for Android", "created_at": "2021-06-07T02:33:38.000Z", "author_id": "1238861403773112320", "text": "RT @QuesaVerdadess: Enserio que si \"gan\u00f3\" el inepto de @samuel_garcias la gubernatura de Nuevo Le\u00f3n deber\u00edamos de sacar a ese estado de la\u2026", "id": "1401729030471180288", "referenced_tweets": [{"type": "retweeted", "id": "1401714615369752579"}], "public_metrics": {"retweet_count": 142, "reply_count": 0, "like_count": 0, "quote_count": 0}}, "includes": {"users": [{"public_metrics": {"followers_count": 246, "following_count": 547, "tweet_count": 10583, "listed_count": 0}, "name": "Cesar el cuaresme\u00f1o", "id": "1238861403773112320", "username": "Chipiturco6", "verified": false, "created_at": "2020-03-14T16:16:02.000Z", "protected": false, "location": "Solo b\u00fascame..", "description": "Mis plegarias para toda las familias Dios Los acompa\u00f1a.. Dispensadores para Gel. llame ya !!!!"}]}, "matching_rules": [{"id": 1401678016993017864, "tag": "Samuel Garcia"}]}