{"data": {"entities": {"mentions": [{"start": 0, "end": 8, "username": "iscon25"}, {"start": 9, "end": 24, "username": "samuel_garcias"}, {"start": 25, "end": 41, "username": "AdrianDeLaGarza"}, {"start": 42, "end": 57, "username": "samuel_garcias"}]}, "source": "Twitter for Android", "created_at": "2021-06-07T02:33:40.000Z", "author_id": "1363977317584896000", "text": "@iscon25 @samuel_garcias @AdrianDeLaGarza @samuel_garcias deja de hacer guerra sucia y acepta la voluntad de la gente", "id": "1401729040499757062", "referenced_tweets": [{"type": "replied_to", "id": "1401727759706202118"}], "public_metrics": {"retweet_count": 0, "reply_count": 0, "like_count": 0, "quote_count": 0}, "in_reply_to_user_id": "1397005714921562113"}, "includes": {"users": [{"public_metrics": {"followers_count": 130, "following_count": 264, "tweet_count": 387, "listed_count": 0}, "name": "Alma", "id": "1363977317584896000", "username": "Soul_rbk20", "verified": false, "created_at": "2021-02-22T22:22:07.000Z", "protected": false, "description": "Yes, I am."}]}, "matching_rules": [{"id": 1401678016993017864, "tag": "Samuel Garcia"}, {"id": 1401678016993017861, "tag": "Adrian de la Garza"}]}