{"data": {"source": "Twitter for Android", "created_at": "2021-06-07T02:34:02.000Z", "author_id": "1210911083382226944", "text": "Est\u00e1 bien haber votado por Colosio, Samuel, Adri\u00e1n, Cienfuegos, hasta por Clara Luz. Lo que est\u00e1 de la verga es haber votado por Jos\u00e9 Daniel Borrego", "id": "1401729132652896263", "entities": {"annotations": [{"start": 27, "end": 33, "probability": 0.7292, "type": "Person", "normalized_text": "Colosio"}, {"start": 36, "end": 41, "probability": 0.9831, "type": "Person", "normalized_text": "Samuel"}, {"start": 44, "end": 49, "probability": 0.9801, "type": "Person", "normalized_text": "Adri\u00e1n"}, {"start": 52, "end": 61, "probability": 0.7101, "type": "Person", "normalized_text": "Cienfuegos"}, {"start": 74, "end": 82, "probability": 0.9206, "type": "Person", "normalized_text": "Clara Luz"}, {"start": 129, "end": 147, "probability": 0.9185, "type": "Person", "normalized_text": "Jos\u00e9 Daniel Borrego"}]}, "public_metrics": {"retweet_count": 0, "reply_count": 0, "like_count": 0, "quote_count": 0}}, "includes": {"users": [{"public_metrics": {"followers_count": 52, "following_count": 149, "tweet_count": 4294, "listed_count": 0}, "name": "Sam", "id": "1210911083382226944", "username": "slpzg8603", "verified": false, "created_at": "2019-12-28T13:11:24.000Z", "protected": false, "description": "Ya no s\u00e9 ni cu\u00e1ntas cuentas llevo, ya me voy a portar bien."}]}, "matching_rules": [{"id": 1401678016993017863, "tag": "Clara Luz"}]}