{"data": {"entities": {"mentions": [{"start": 3, "end": 15, "username": "Susanadaz71"}, {"start": 121, "end": 137, "username": "AdrianDeLaGarza"}], "annotations": [{"start": 27, "end": 36, "probability": 0.9371, "type": "Place", "normalized_text": "Nuevo Le\u00f3n"}]}, "source": "Twitter for Android", "created_at": "2021-06-07T02:34:55.000Z", "author_id": "1386434520497360896", "text": "RT @Susanadaz71: Al fin en Nuevo Le\u00f3n tenemos un gobernador honesto, capacitado, de valores y principios. As\u00ed es, el Lic @AdrianDeLaGarza h\u2026", "id": "1401729355798224906", "referenced_tweets": [{"type": "retweeted", "id": "1401724397703110657"}], "public_metrics": {"retweet_count": 14, "reply_count": 0, "like_count": 0, "quote_count": 0}}, "includes": {"users": [{"public_metrics": {"followers_count": 118, "following_count": 242, "tweet_count": 621, "listed_count": 0}, "name": "Sergio Orozco", "id": "1386434520497360896", "username": "SergioOrz1", "verified": false, "created_at": "2021-04-25T21:38:53.000Z", "protected": false, "description": "Seamos amigos \u2764\ufe0f amantes de los animales\ud83d\udc0e\ud83d\udc04 \u2763\ufe0fA\u2763\ufe0f"}]}, "matching_rules": [{"id": 1401678016993017861, "tag": "Adrian de la Garza"}]}