{"data": {"entities": {"hashtags": [{"start": 164, "end": 179, "tag": "Elecciones2021"}, {"start": 181, "end": 201, "tag": "NuevoLeonDecide2021"}], "mentions": [{"start": 148, "end": 162, "username": "colosioriojas"}], "annotations": [{"start": 18, "end": 23, "probability": 0.9814, "type": "Person", "normalized_text": "Samuel"}, {"start": 104, "end": 113, "probability": 0.4807, "type": "Place", "normalized_text": "Nuevo Le\u00f3n"}, {"start": 116, "end": 132, "probability": 0.9796, "type": "Person", "normalized_text": "Mariana Rodr\u00edguez"}, {"start": 136, "end": 146, "probability": 0.5509, "type": "Person", "normalized_text": "Colosio jr."}]}, "source": "Twitter for Android", "created_at": "2021-06-07T02:35:16.000Z", "author_id": "172203461", "text": "Con el triunfo de Samuel a la gubernatura, la pr\u00f3xima disputa es quien ser\u00e1 la primera dama m\u00e1s diva de Nuevo Le\u00f3n: Mariana Rodr\u00edguez o Colosio jr. @colosioriojas \n#Elecciones2021 \n#NuevoLeonDecide2021", "id": "1401729440154099714", "public_metrics": {"retweet_count": 0, "reply_count": 0, "like_count": 0, "quote_count": 0}}, "includes": {"users": [{"public_metrics": {"followers_count": 329, "following_count": 2284, "tweet_count": 5411, "listed_count": 2}, "name": "Angel Obando", "id": "172203461", "username": "Angel_Ob96", "verified": false, "created_at": "2010-07-29T03:58:34.000Z", "protected": false, "description": "Mi \u00fanico ejemplo a seguir, soy yo mismo dentro de 10 a\u00f1os. Conservador,\npropiedad privada, libertad y PRO VIDA.\nDerecha dura. Anti T de 4ta."}]}, "matching_rules": [{"id": 1401678016993017864, "tag": "Samuel Garcia"}]}