{"data": {"entities": {"mentions": [{"start": 3, "end": 14, "username": "DiegoPlxtx"}, {"start": 49, "end": 64, "username": "samuel_garcias"}]}, "source": "Twitter for iPhone", "created_at": "2021-06-07T02:35:23.000Z", "author_id": "1387881771816132618", "text": "RT @DiegoPlxtx: Que ind\u00edgnate!, y ya sabemos que @samuel_garcias es el culpable de todo esto, en lugar de hacer tus berrinches deber\u00edas de\u2026", "id": "1401729472135565317", "referenced_tweets": [{"type": "retweeted", "id": "1401728046655229956"}], "public_metrics": {"retweet_count": 12, "reply_count": 0, "like_count": 0, "quote_count": 0}}, "includes": {"users": [{"public_metrics": {"followers_count": 51, "following_count": 131, "tweet_count": 1005, "listed_count": 0}, "name": "Papurri69", "id": "1387881771816132618", "username": "Papurri691", "verified": false, "created_at": "2021-04-29T21:29:43.000Z", "protected": false, "description": "Mamarre mamarreeee"}]}, "matching_rules": [{"id": 1401678016993017864, "tag": "Samuel Garcia"}]}