{"data": {"entities": {"mentions": [{"start": 3, "end": 15, "username": "cesarulloag"}, {"start": 28, "end": 44, "username": "AdrianDeLaGarza"}], "annotations": [{"start": 95, "end": 100, "probability": 0.9321, "type": "Person", "normalized_text": "Adri\u00e1n"}]}, "source": "Twitter for iPhone", "created_at": "2021-06-07T02:36:01.000Z", "author_id": "871003784926814208", "text": "RT @cesarulloag: \u201cLe pido a @AdrianDeLaGarza que acepte los resultados que me dan la victoria. Adri\u00e1n, todo va a estar mejor\u201d.- @samuel_gar\u2026", "id": "1401729629040394243", "referenced_tweets": [{"type": "retweeted", "id": "1401678319276462081"}], "public_metrics": {"retweet_count": 29, "reply_count": 0, "like_count": 0, "quote_count": 0}}, "includes": {"users": [{"public_metrics": {"followers_count": 399, "following_count": 481, "tweet_count": 33257, "listed_count": 0}, "name": "Carla\u2728", "id": "871003784926814208", "username": "beckyibarra07", "verified": false, "created_at": "2017-06-03T14:00:59.000Z", "protected": false, "description": "...."}]}, "matching_rules": [{"id": 1401678016993017864, "tag": "Samuel Garcia"}, {"id": 1401678016993017861, "tag": "Adrian de la Garza"}]}