{"data": {"entities": {"mentions": [{"start": 0, "end": 16, "username": "mariasolorzanou"}, {"start": 17, "end": 32, "username": "samuel_garcias"}]}, "source": "Twitter for iPhone", "created_at": "2021-06-07T02:36:48.000Z", "author_id": "103926623", "text": "@mariasolorzanou @samuel_garcias Me caga ese tipo, despu\u00e9s de que dijo que los del sureste no trabajamos.", "id": "1401729828341026816", "referenced_tweets": [{"type": "replied_to", "id": "1401729106325168130"}], "public_metrics": {"retweet_count": 0, "reply_count": 0, "like_count": 0, "quote_count": 0}, "in_reply_to_user_id": "153668906"}, "includes": {"users": [{"public_metrics": {"followers_count": 243, "following_count": 728, "tweet_count": 11369, "listed_count": 4}, "name": "CLAU NOCEDA \u2764", "id": "103926623", "username": "CLAUNOCEDA", "verified": false, "created_at": "2010-01-11T18:10:49.000Z", "protected": false, "location": "TABASCO MEXICO", "description": "DISE\u00d1ADORA DE ACCESORIOS HECHOS A MANO ADICTA A LA MODA, AMO LOS ZAPATOS. TWITTER @CLAUNOCEDA INSTAGRAM @claunocedaaccesorios"}]}, "matching_rules": [{"id": 1401678016993017864, "tag": "Samuel Garcia"}]}