{"data": {"entities": {"mentions": [{"start": 0, "end": 15, "username": "claraluzflores"}], "annotations": [{"start": 19, "end": 25, "probability": 0.4908, "type": "Person", "normalized_text": "Raniere"}]}, "source": "Twitter for iPhone", "created_at": "2021-06-07T02:37:44.000Z", "author_id": "179563986", "text": "@claraluzflores Ni Raniere te la dejo ir tan duro como el electorado regio!", "id": "1401730061607260161", "referenced_tweets": [{"type": "replied_to", "id": "1401692802854047745"}], "public_metrics": {"retweet_count": 0, "reply_count": 0, "like_count": 0, "quote_count": 0}, "in_reply_to_user_id": "224678647"}, "includes": {"users": [{"public_metrics": {"followers_count": 76, "following_count": 279, "tweet_count": 3568, "listed_count": 0}, "name": "Rafa", "id": "179563986", "username": "rgbonnafoux", "verified": false, "created_at": "2010-08-17T16:12:28.000Z", "protected": false, "description": ""}]}, "matching_rules": [{"id": 1401678016993017863, "tag": "Clara Luz"}]}