{"data": {"entities": {"mentions": [{"start": 3, "end": 18, "username": "eduardoavelarc"}], "urls": [{"start": 104, "end": 127, "url": "https://t.co/SdpbLvbLJc", "expanded_url": "https://twitter.com/eduardoavelarc/status/1401698749265723392/photo/1", "display_url": "pic.twitter.com/SdpbLvbLJc"}], "annotations": [{"start": 21, "end": 33, "probability": 0.9969, "type": "Person", "normalized_text": "Samuel Garcia"}, {"start": 58, "end": 67, "probability": 0.3195, "type": "Person", "normalized_text": "Nuevo Leon"}, {"start": 92, "end": 101, "probability": 0.2994, "type": "Person", "normalized_text": "Nuevo Leon"}]}, "source": "Twitter for iPhone", "created_at": "2021-06-07T02:37:58.000Z", "author_id": "283296394", "attachments": {"media_keys": ["3_1401698745775968259"]}, "text": "RT @eduardoavelarc: *Samuel Garcia gana la gobernatura de Nuevo Leon*\n\n-Los que no somos de Nuevo Leon: https://t.co/SdpbLvbLJc", "id": "1401730121451683854", "referenced_tweets": [{"type": "retweeted", "id": "1401698749265723392"}], "public_metrics": {"retweet_count": 151, "reply_count": 0, "like_count": 0, "quote_count": 0}}, "includes": {"users": [{"public_metrics": {"followers_count": 275, "following_count": 274, "tweet_count": 10236, "listed_count": 0}, "name": "The Shelby Company Limited\ud83d\udda4", "id": "283296394", "username": "esMildredcond", "verified": false, "created_at": "2011-04-17T00:58:04.000Z", "protected": false, "location": "Small heath, Birmingham", "description": "A mi, Diosito me dio muchas virtudes, pero la paciencia no fue una de ellas. Juego softball \ud83d\udc96\ud83e\udd4e Ing en procesos bioalimentarios, miope y jarocha\ud83e\udd13"}]}, "matching_rules": [{"id": 1401678016993017864, "tag": "Samuel Garcia"}]}