{"data": {"entities": {"mentions": [{"start": 3, "end": 19, "username": "Guiller01801607"}], "annotations": [{"start": 30, "end": 42, "probability": 0.9831, "type": "Person", "normalized_text": "Samuel Garcia"}, {"start": 46, "end": 58, "probability": 0.9953, "type": "Person", "normalized_text": "Alfredo Adame"}]}, "source": "Twitter for iPhone", "created_at": "2021-06-07T02:38:15.000Z", "author_id": "765361497543438336", "text": "RT @Guiller01801607: Si ganan Samuel Garcia y Alfredo Adame ahora si les devolver\u00e9 todas las mentadas de madre que recib\u00ed cuando fui su Lor\u2026", "id": "1401730193887305736", "referenced_tweets": [{"type": "retweeted", "id": "1401655554548899843"}], "public_metrics": {"retweet_count": 71, "reply_count": 0, "like_count": 0, "quote_count": 0}}, "includes": {"users": [{"public_metrics": {"followers_count": 663, "following_count": 3583, "tweet_count": 35464, "listed_count": 1}, "name": "Bichotpc", "id": "765361497543438336", "username": "bichotepic", "verified": false, "created_at": "2016-08-16T01:36:15.000Z", "protected": false, "location": "Huixquilucan, M\u00e9xico", "description": "Asesor en materia fiscal federal y hacendaria para gobiernos estatales y municipales. Emprendedor en la industria de los videojuegos. Anti chairo y anti progres"}]}, "matching_rules": [{"id": 1401678016993017864, "tag": "Samuel Garcia"}]}