{"data": {"entities": {"mentions": [{"start": 0, "end": 11, "username": "DiegoPlxtx"}, {"start": 12, "end": 28, "username": "AdrianDeLaGarza"}]}, "source": "Twitter for Android", "created_at": "2021-06-07T02:39:37.000Z", "author_id": "1324559891252523010", "text": "@DiegoPlxtx @AdrianDeLaGarza Se ve la victoria desde el inicio", "id": "1401730535391703046", "referenced_tweets": [{"type": "replied_to", "id": "1401729987833700355"}], "public_metrics": {"retweet_count": 0, "reply_count": 0, "like_count": 0, "quote_count": 0}, "in_reply_to_user_id": "1196487523503091714"}, "includes": {"users": [{"public_metrics": {"followers_count": 189, "following_count": 338, "tweet_count": 2290, "listed_count": 0}, "name": "Elena cortez", "id": "1324559891252523010", "username": "Elenacorca", "verified": false, "created_at": "2020-11-06T03:51:17.000Z", "protected": false, "description": "Vivir un d\u00eda a la vez"}]}, "matching_rules": [{"id": 1401678016993017861, "tag": "Adrian de la Garza"}]}