{"data": {"entities": {"mentions": [{"start": 0, "end": 14, "username": "MaryluFlores8"}, {"start": 15, "end": 24, "username": "LCUgalde"}, {"start": 25, "end": 40, "username": "samuel_garcias"}], "annotations": [{"start": 71, "end": 76, "probability": 0.9795, "type": "Person", "normalized_text": "Ugalde"}, {"start": 84, "end": 86, "probability": 0.8381, "type": "Organization", "normalized_text": "INE"}]}, "source": "Twitter for iPhone", "created_at": "2021-06-07T02:40:13.000Z", "author_id": "858491226731028480", "text": "@MaryluFlores8 @LCUgalde @samuel_garcias Pues mira, dale RT al tuit de Ugalde o del INE y sin problema te aseguro que ni ir\u00e9 a reclamarte", "id": "1401730686810214401", "referenced_tweets": [{"type": "replied_to", "id": "1401720243446337540"}], "public_metrics": {"retweet_count": 0, "reply_count": 0, "like_count": 0, "quote_count": 0}, "in_reply_to_user_id": "976243516308299776"}, "includes": {"users": [{"public_metrics": {"followers_count": 3808, "following_count": 4996, "tweet_count": 52734, "listed_count": 4}, "name": "Teniente Dan", "id": "858491226731028480", "username": "iLiving_Soul", "verified": false, "created_at": "2017-04-30T01:20:33.000Z", "protected": false, "location": "Perros Bravos, NL. M\u00c9XICO", "description": "Ning\u00fan hombre es una isla, completo en s\u00ed mismo"}]}, "matching_rules": [{"id": 1401678016993017864, "tag": "Samuel Garcia"}]}