{"data": {"source": "Twitter for Android", "created_at": "2021-06-07T02:40:27.000Z", "author_id": "759488518070628352", "text": "Era pedo lo de samuel garcia gobernador banda, se lo tomaron muy enserio", "id": "1401730748340703239", "entities": {"annotations": [{"start": 15, "end": 27, "probability": 0.9814, "type": "Person", "normalized_text": "samuel garcia"}]}, "public_metrics": {"retweet_count": 0, "reply_count": 0, "like_count": 0, "quote_count": 0}}, "includes": {"users": [{"public_metrics": {"followers_count": 83, "following_count": 91, "tweet_count": 2572, "listed_count": 0}, "name": "Yucateco*k", "id": "759488518070628352", "username": "JCSolise", "verified": false, "created_at": "2016-07-30T20:39:08.000Z", "protected": false, "location": "M\u00e9rida, Yucat\u00e1n", "description": "\u201cEl triunfo del verdadero hombre surge de las cenizas del error\u201d -Pablo Neruda"}]}, "matching_rules": [{"id": 1401678016993017864, "tag": "Samuel Garcia"}]}