{"data": {"entities": {"mentions": [{"start": 0, "end": 15, "username": "samuel_garcias"}, {"start": 16, "end": 28, "username": "cesarulloag"}, {"start": 29, "end": 44, "username": "samuel_garcias"}], "urls": [{"start": 134, "end": 157, "url": "https://t.co/cdAngIERHA", "expanded_url": "https://twitter.com/rogeliohv/status/1401730761368260617/photo/1", "display_url": "pic.twitter.com/cdAngIERHA"}], "annotations": [{"start": 91, "end": 97, "probability": 0.5436, "type": "Person", "normalized_text": "Mr Bean"}]}, "source": "Twitter for Android", "created_at": "2021-06-07T02:40:31.000Z", "author_id": "145483333", "attachments": {"media_keys": ["3_1401730759346556929"]}, "text": "@samuel_garcias @cesarulloag @samuel_garcias eres un crack al tener al profesor de arte de Mr Bean ya con eso llevas 15 puntos arriba https://t.co/cdAngIERHA", "id": "1401730761368260617", "context_annotations": [{"domain": {"id": "3", "name": "TV Shows", "description": "Television shows from around the world"}, "entity": {"id": "10027941021", "name": "Mr Bean", "description": "Mr Bean is a loveable buffoon who turns the most ordinary situations into moments of excruciating embarrassment."}}, {"domain": {"id": "3", "name": "TV Shows", "description": "Television shows from around the world"}, "entity": {"id": "10036018882", "name": "Mr. Bean"}}, {"domain": {"id": "10", "name": "Person", "description": "Named people in the world like Nelson Mandela"}, "entity": {"id": "1057753129884635137", "name": "Mr. Bean", "description": "Mr. Bean"}}, {"domain": {"id": "58", "name": "Entertainment Personality", "description": "An entertainment personality in the world, like Anderson Cooper or Miranda Sings"}, "entity": {"id": "1057753129884635137", "name": "Mr. Bean", "description": "Mr. Bean"}}], "referenced_tweets": [{"type": "replied_to", "id": "1401721999869628419"}], "public_metrics": {"retweet_count": 0, "reply_count": 0, "like_count": 0, "quote_count": 0}, "in_reply_to_user_id": "258973851"}, "includes": {"users": [{"public_metrics": {"followers_count": 158, "following_count": 334, "tweet_count": 4488, "listed_count": 0}, "name": "Rogelio Huerta", "id": "145483333", "username": "rogeliohv", "verified": false, "created_at": "2010-05-19T02:43:46.000Z", "protected": false, "location": "M\u00e9xico, Monterrey", "description": "Dj, Productor; Monterrey, #GlobalBass"}]}, "matching_rules": [{"id": 1401678016993017864, "tag": "Samuel Garcia"}]}