{"data": {"entities": {"mentions": [{"start": 0, "end": 15, "username": "samuel_garcias"}], "annotations": [{"start": 16, "end": 25, "probability": 0.7563, "type": "Person", "normalized_text": "Larrazabal"}]}, "source": "Twitter for iPhone", "created_at": "2021-06-07T02:41:57.000Z", "author_id": "262503961", "text": "@samuel_garcias Larrazabal est\u00e1 feliz, de haber estado en 4to durante meses, ahora por fin, subi\u00f3 a 3ro \ud83e\udd23\ud83e\udd23", "id": "1401731123575767042", "referenced_tweets": [{"type": "replied_to", "id": "1401686737911353344"}], "public_metrics": {"retweet_count": 0, "reply_count": 0, "like_count": 0, "quote_count": 0}, "in_reply_to_user_id": "258973851"}, "includes": {"users": [{"public_metrics": {"followers_count": 223, "following_count": 582, "tweet_count": 2895, "listed_count": 0}, "name": "Rodo Leal", "id": "262503961", "username": "Rodolealmty", "verified": false, "created_at": "2011-03-08T04:57:54.000Z", "protected": false, "location": "The Woodlands, TX", "description": "La realidad puede ser s\u00f3lo parcialmente atacada por la l\u00f3gica."}]}, "matching_rules": [{"id": 1401678016993017864, "tag": "Samuel Garcia"}]}