{"data": {"entities": {"hashtags": [{"start": 87, "end": 104, "tag": "Elecciones2021MX"}, {"start": 105, "end": 120, "tag": "Elecciones2021"}], "mentions": [{"start": 0, "end": 15, "username": "FiscaliaElecMx"}, {"start": 17, "end": 26, "username": "SEGOB_mx"}, {"start": 28, "end": 44, "username": "PartidoMorenaMx"}, {"start": 46, "end": 56, "username": "FGRMexico"}, {"start": 58, "end": 64, "username": "CNNEE"}, {"start": 67, "end": 83, "username": "Almagro_OEA2015"}, {"start": 159, "end": 168, "username": "Hans2412"}, {"start": 170, "end": 186, "username": "epigmenioibarra"}, {"start": 188, "end": 203, "username": "abrahamendieta"}], "urls": [{"start": 135, "end": 158, "url": "https://t.co/n2mkkiZNNw", "expanded_url": "http://defiendelaesperanza.mx", "display_url": "defiendelaesperanza.mx", "images": [{"url": "https://pbs.twimg.com/news_img/1400294530159677441/pRkzeNky?format=jpg&name=orig", "width": 300, "height": 200}, {"url": "https://pbs.twimg.com/news_img/1400294530159677441/pRkzeNky?format=jpg&name=150x150", "width": 150, "height": 150}], "status": 200, "title": "Defiende La Esperanza", "description": "Defiende La Esperanza", "unwound_url": "https://defiendelaesperanza.mx/"}, {"start": 204, "end": 227, "url": "https://t.co/yyQGbGO3Hj", "expanded_url": "https://twitter.com/GustavoRocMtz/status/1401635123439751169", "display_url": "twitter.com/GustavoRocMtz/\u2026"}]}, "source": "Twitter Web App", "created_at": "2021-06-07T02:42:11.000Z", "author_id": "1710570625", "text": "@FiscaliaElecMx\n\n@SEGOB_mx\n\n@PartidoMorenaMx\n\n@FGRMexico\n\n@CNNEE \n\n@Almagro_OEA2015 \n\n #Elecciones2021MX #Elecciones2021 y denuncia en https://t.co/n2mkkiZNNw\n@Hans2412\n\n@epigmenioibarra\n\n@abrahamendieta https://t.co/yyQGbGO3Hj", "id": "1401731180576264193", "context_annotations": [{"domain": {"id": "10", "name": "Person", "description": "Named people in the world like Nelson Mandela"}, "entity": {"id": "1138468695255027714", "name": "Epigmenio Ibarra", "description": "Film producer\n"}}], "referenced_tweets": [{"type": "quoted", "id": "1401635123439751169"}], "public_metrics": {"retweet_count": 0, "reply_count": 0, "like_count": 0, "quote_count": 0}, "in_reply_to_user_id": "849404760675540992"}, "includes": {"users": [{"public_metrics": {"followers_count": 119, "following_count": 141, "tweet_count": 14881, "listed_count": 0}, "name": "\u308f\u305f\u3057\u306f\u611b\u3057\u3066\u3044\u307e\u3059", "id": "1710570625", "username": "FelixFelo339955", "verified": false, "created_at": "2013-08-29T17:16:19.000Z", "protected": false, "location": "eeee ", "description": "\u79c1\u306f\u30e1\u30ad\u30b7\u30b3\u3092\u611b\u3057"}]}, "matching_rules": [{"id": 1401678016993017861, "tag": "Adrian de la Garza"}]}