{"data": {"entities": {"mentions": [{"start": 3, "end": 11, "username": "iscon25"}, {"start": 98, "end": 113, "username": "samuel_garcias"}]}, "source": "Twitter for Android", "created_at": "2021-06-07T02:42:18.000Z", "author_id": "415716768", "text": "RT @iscon25: Este acto no puede quedar impune, tiene que haber castigo para estos vandalos y para @samuel_garcias, estamos seguro que lo hi\u2026", "id": "1401731211052077059", "referenced_tweets": [{"type": "retweeted", "id": "1401727759706202118"}], "public_metrics": {"retweet_count": 23, "reply_count": 0, "like_count": 0, "quote_count": 0}}, "includes": {"users": [{"public_metrics": {"followers_count": 7, "following_count": 87, "tweet_count": 61, "listed_count": 0}, "name": "Mr.Mustard", "id": "415716768", "username": "JPablofp", "verified": false, "created_at": "2011-11-18T18:23:00.000Z", "protected": false, "location": "Mexico", "description": "El Arquitecto de tus lados incorrectos."}]}, "matching_rules": [{"id": 1401678016993017864, "tag": "Samuel Garcia"}, {"id": 1401678016993017861, "tag": "Adrian de la Garza"}]}