{"data": {"entities": {"hashtags": [{"start": 27, "end": 32, "tag": "PREP"}], "mentions": [{"start": 3, "end": 16, "username": "arandatamayo"}], "annotations": [{"start": 51, "end": 63, "probability": 0.9884, "type": "Person", "normalized_text": "Samuel Garc\u00eda"}, {"start": 70, "end": 87, "probability": 0.5884, "type": "Person", "normalized_text": "Adri\u00e1n de la Garza"}, {"start": 93, "end": 112, "probability": 0.4907, "type": "Person", "normalized_text": "Fernando Larrazabal"}, {"start": 119, "end": 134, "probability": 0.3427, "type": "Person", "normalized_text": "Clara Luz Flores"}]}, "source": "Twitter for iPhone", "created_at": "2021-06-07T02:42:27.000Z", "author_id": "285402584", "text": "RT @arandatamayo: Seg\u00fan el #PREP en este momento:\n\nSamuel Garc\u00eda: 37%\nAdri\u00e1n de la Garza: 29%\nFernando Larrazabal: 17%\nClara Luz Flores: 13\u2026", "id": "1401731250784673798", "referenced_tweets": [{"type": "retweeted", "id": "1401715956888571914"}], "public_metrics": {"retweet_count": 75, "reply_count": 0, "like_count": 0, "quote_count": 0}}, "includes": {"users": [{"public_metrics": {"followers_count": 964, "following_count": 5000, "tweet_count": 52202, "listed_count": 0}, "name": "onii sama", "id": "285402584", "username": "olafsalazar", "verified": false, "created_at": "2011-04-21T02:51:30.000Z", "protected": false, "description": "s\u00edganme y los sigo"}]}, "matching_rules": [{"id": 1401678016993017862, "tag": "Fernando Larrazabal"}, {"id": 1401678016993017863, "tag": "Clara Luz"}]}