{"data": {"entities": {"mentions": [{"start": 0, "end": 16, "username": "ArturoGandara19"}, {"start": 17, "end": 32, "username": "claraluzflores"}]}, "source": "Twitter for Android", "created_at": "2021-06-07T02:43:19.000Z", "author_id": "121875569", "text": "@ArturoGandara19 @claraluzflores Cen\u00f3 pero pura pinche riata compadre tenga usted buenas noches", "id": "1401731466149646341", "referenced_tweets": [{"type": "replied_to", "id": "1401729088851750914"}], "public_metrics": {"retweet_count": 0, "reply_count": 0, "like_count": 0, "quote_count": 0}, "in_reply_to_user_id": "558220818"}, "includes": {"users": [{"public_metrics": {"followers_count": 210, "following_count": 313, "tweet_count": 21648, "listed_count": 2}, "name": "rata con thinner", "id": "121875569", "username": "azpil_", "verified": false, "created_at": "2010-03-10T22:06:18.000Z", "protected": false, "description": "me gustan un chingo las jirafas"}]}, "matching_rules": [{"id": 1401678016993017863, "tag": "Clara Luz"}]}