{"data": {"entities": {"mentions": [{"start": 0, "end": 15, "username": "Reporte_Indigo"}, {"start": 16, "end": 31, "username": "samuel_garcias"}, {"start": 32, "end": 48, "username": "lorenzocordovav"}, {"start": 49, "end": 64, "username": "pacocienfuegos"}, {"start": 65, "end": 79, "username": "lopezobrador_"}, {"start": 80, "end": 95, "username": "BeatrizGMuller"}, {"start": 96, "end": 112, "username": "SoyEvelynSalgad"}, {"start": 113, "end": 128, "username": "AccionNacional"}, {"start": 129, "end": 141, "username": "MarkoCortes"}, {"start": 142, "end": 155, "username": "Claudiashein"}, {"start": 156, "end": 163, "username": "vromog"}, {"start": 164, "end": 179, "username": "M_OlgaSCordero"}, {"start": 180, "end": 193, "username": "ChrisCastroB"}, {"start": 194, "end": 201, "username": "RGC_Mx"}, {"start": 202, "end": 216, "username": "AlfonsoDurazo"}, {"start": 217, "end": 228, "username": "rochamoya_"}, {"start": 229, "end": 245, "username": "ClaudiaPavlovic"}, {"start": 246, "end": 259, "username": "alitomorenoc"}, {"start": 260, "end": 270, "username": "INEMexico"}, {"start": 271, "end": 286, "username": "octaviopedroza"}, {"start": 287, "end": 302, "username": "DrCarlosLomeli"}, {"start": 303, "end": 318, "username": "EnriqueAlfaroR"}, {"start": 319, "end": 331, "username": "PabloLemusN"}, {"start": 332, "end": 345, "username": "MaruCampos_G"}, {"start": 346, "end": 357, "username": "rosaicela_"}, {"start": 358, "end": 374, "username": "AdrianDeLaGarza"}, {"start": 375, "end": 388, "username": "MarioZamoraG"}, {"start": 389, "end": 405, "username": "soyMarcoBonilla"}, {"start": 406, "end": 416, "username": "netomunro"}, {"start": 417, "end": 427, "username": "EGandaraC"}]}, "source": "Twitter for Android", "created_at": "2021-06-07T02:44:12.000Z", "author_id": "412632675", "text": "@Reporte_Indigo @samuel_garcias @lorenzocordovav @pacocienfuegos @lopezobrador_ @BeatrizGMuller @SoyEvelynSalgad @AccionNacional @MarkoCortes @Claudiashein @vromog @M_OlgaSCordero @ChrisCastroB @RGC_Mx @AlfonsoDurazo @rochamoya_ @ClaudiaPavlovic @alitomorenoc @INEMexico @octaviopedroza @DrCarlosLomeli @EnriqueAlfaroR @PabloLemusN @MaruCampos_G @rosaicela_ @AdrianDeLaGarza @MarioZamoraG @soyMarcoBonilla @netomunro @EGandaraC No pues est\u00e1 muy lleno de gente!!", "id": "1401731689454477314", "context_annotations": [{"domain": {"id": "10", "name": "Person", "description": "Named people in the world like Nelson Mandela"}, "entity": {"id": "905182543464472576", "name": "Andres Manuel Lopez Obrador", "description": "President of Mexico"}}, {"domain": {"id": "35", "name": "Politician", "description": "Politicians in the world, like Joe Biden"}, "entity": {"id": "905182543464472576", "name": "Andres Manuel Lopez Obrador", "description": "President of Mexico"}}, {"domain": {"id": "10", "name": "Person", "description": "Named people in the world like Nelson Mandela"}, "entity": {"id": "912378776016711680", "name": "Claudia Sheinbaum", "description": "Claudia Sheinbaum"}}, {"domain": {"id": "35", "name": "Politician", "description": "Politicians in the world, like Joe Biden"}, "entity": {"id": "912378776016711680", "name": "Claudia Sheinbaum", "description": "Claudia Sheinbaum"}}], "referenced_tweets": [{"type": "replied_to", "id": "1401731358683238401"}], "public_metrics": {"retweet_count": 0, "reply_count": 0, "like_count": 0, "quote_count": 0}, "in_reply_to_user_id": "31023547"}, "includes": {"users": [{"public_metrics": {"followers_count": 46, "following_count": 183, "tweet_count": 5410, "listed_count": 0}, "name": "Miryam Torres", "id": "412632675", "username": "mirytorreslar", "verified": false, "created_at": "2011-11-14T23:44:32.000Z", "protected": false, "description": ""}]}, "matching_rules": [{"id": 1401678016993017864, "tag": "Samuel Garcia"}, {"id": 1401678016993017861, "tag": "Adrian de la Garza"}]}