{"data": {"entities": {"mentions": [{"start": 3, "end": 18, "username": "QuesaVerdadess"}, {"start": 55, "end": 70, "username": "samuel_garcias"}], "annotations": [{"start": 89, "end": 98, "probability": 0.4707, "type": "Place", "normalized_text": "Nuevo Le\u00f3n"}]}, "source": "Twitter for Android", "created_at": "2021-06-07T02:44:58.000Z", "author_id": "726771103998205952", "text": "RT @QuesaVerdadess: Enserio que si \"gan\u00f3\" el inepto de @samuel_garcias la gubernatura de Nuevo Le\u00f3n deber\u00edamos de sacar a ese estado de la\u2026", "id": "1401731881935245316", "referenced_tweets": [{"type": "retweeted", "id": "1401714615369752579"}], "public_metrics": {"retweet_count": 153, "reply_count": 0, "like_count": 0, "quote_count": 0}}, "includes": {"users": [{"public_metrics": {"followers_count": 34, "following_count": 173, "tweet_count": 18122, "listed_count": 0}, "name": "Jos\u00e9 Francisco Duart", "id": "726771103998205952", "username": "JosFranciscoDu4", "verified": false, "created_at": "2016-05-01T13:51:48.000Z", "protected": false, "description": "las diferencias de opini\u00f3n son buenas. La comida es un placer"}]}, "matching_rules": [{"id": 1401678016993017864, "tag": "Samuel Garcia"}]}