{"data": {"entities": {"hashtags": [{"start": 0, "end": 23, "tag": "EleccionesNacional2021"}], "mentions": [{"start": 84, "end": 100, "username": "AdrianDeLaGarza"}, {"start": 103, "end": 118, "username": "samuel_garcias"}], "urls": [{"start": 120, "end": 143, "url": "https://t.co/HWnIFfYZP0", "expanded_url": "https://bit.ly/3gbP3IR", "display_url": "bit.ly/3gbP3IR", "images": [{"url": "https://pbs.twimg.com/news_img/1401717359958691842/JArGRaTA?format=png&name=orig", "width": 687, "height": 386}, {"url": "https://pbs.twimg.com/news_img/1401717359958691842/JArGRaTA?format=png&name=150x150", "width": 150, "height": 150}], "status": 200, "title": "Encuesta de Salida: Nuevo Le\u00f3n, con elecci\u00f3n cerrada entre Adri\u00e1n de la Garza y Samuel Garc\u00eda", "description": "La contienda es muy cerrada entre ambos candidatos de PRI-PRD y MC, respectivamente. En la\u00a0contienda por la gubernatura de Nuevo Le\u00f3n, se proyecta elecci\u00f3n cerrada entre Adri\u00e1n de la Garza...", "unwound_url": "https://quequi.com.mx/d-encuesta-de-salida-nuevo-leon-con-eleccion-cerrada-entre-adrian-de-la-garza-y-samuel-garcia/"}], "annotations": [{"start": 45, "end": 54, "probability": 0.4111, "type": "Place", "normalized_text": "Nuevo Le\u00f3n"}]}, "source": "Twitter Web App", "created_at": "2021-06-07T02:45:02.000Z", "author_id": "106330452", "text": "#EleccionesNacional2021\n Encuesta de Salida: Nuevo Le\u00f3n, con elecci\u00f3n cerrada entre @AdrianDeLaGarza y @samuel_garcias \nhttps://t.co/HWnIFfYZP0", "id": "1401731900394328069", "public_metrics": {"retweet_count": 0, "reply_count": 0, "like_count": 0, "quote_count": 0}}, "includes": {"users": [{"public_metrics": {"followers_count": 25858, "following_count": 587, "tweet_count": 272961, "listed_count": 207}, "name": "Periodico Quequi", "id": "106330452", "username": "PeriodicoQuequi", "verified": false, "created_at": "2010-01-19T06:08:57.000Z", "protected": false, "location": "Canc\u00fan, Quintana Roo", "description": "Dedicados a hacer periodismo WhatsAppQuequi +5219984005456"}]}, "matching_rules": [{"id": 1401678016993017864, "tag": "Samuel Garcia"}, {"id": 1401678016993017861, "tag": "Adrian de la Garza"}]}