{"data": {"entities": {"mentions": [{"start": 3, "end": 12, "username": "Chokko30"}, {"start": 93, "end": 108, "username": "samuel_garcias"}], "annotations": [{"start": 49, "end": 62, "probability": 0.3971, "type": "Person", "normalized_text": "Nuevoleonenses"}]}, "source": "Twitter for iPad", "created_at": "2021-06-07T02:46:56.000Z", "author_id": "3361570093", "text": "RT @Chokko30: Aqu\u00ed les tra\u00edgo su medicina a esos Nuevoleonenses que votaron por este Pendej0 @samuel_garcias \n\n\u00bfCuantas cajas quieren? Son\u2026", "id": "1401732379367014405", "referenced_tweets": [{"type": "retweeted", "id": "1401717971077058563"}], "public_metrics": {"retweet_count": 56, "reply_count": 0, "like_count": 0, "quote_count": 0}}, "includes": {"users": [{"public_metrics": {"followers_count": 678, "following_count": 450, "tweet_count": 110713, "listed_count": 48}, "name": "\ud83d\udc89 Vaccinated Hugo \ud83e\uddea", "id": "3361570093", "username": "MXHuguito", "verified": false, "created_at": "2015-08-27T17:05:53.000Z", "protected": false, "location": "Las Vegas USA Guadalajara MX", "description": "\ud83c\uddfa\ud83c\uddf8San Diego Californian\ud83c\uddf2\ud83c\uddfdCachanilla De Mexicali Living/Viviendo \u23e9Ahora/Now \ud83c\udfb0\ud83c\udfb2\ud83c\udfadLas Vegas USA & \ud83c\udf6e\ud83c\udff0\ud83c\udf78Guadalajara MX #AMLOLujoDePresidente"}]}, "matching_rules": [{"id": 1401678016993017864, "tag": "Samuel Garcia"}]}