{"data": {"entities": {"mentions": [{"start": 3, "end": 14, "username": "Katsuragui"}, {"start": 16, "end": 27, "username": "GarfiasMac"}, {"start": 28, "end": 37, "username": "Chokko30"}, {"start": 38, "end": 53, "username": "samuel_garcias"}, {"start": 54, "end": 65, "username": "chairita4T"}, {"start": 66, "end": 77, "username": "martuchi63"}, {"start": 78, "end": 89, "username": "Israelsv74"}, {"start": 90, "end": 102, "username": "piporro1012"}, {"start": 103, "end": 117, "username": "MarchantaTita"}, {"start": 118, "end": 129, "username": "irenediaz3"}]}, "source": "Twitter Web App", "created_at": "2021-06-07T02:47:44.000Z", "author_id": "1118687419392380928", "text": "RT @Katsuragui: @GarfiasMac @Chokko30 @samuel_garcias @chairita4T @martuchi63 @Israelsv74 @piporro1012 @MarchantaTita @irenediaz3 @barettaa\u2026", "id": "1401732579167031296", "referenced_tweets": [{"type": "retweeted", "id": "1401719223701803008"}], "public_metrics": {"retweet_count": 3, "reply_count": 0, "like_count": 0, "quote_count": 0}}, "includes": {"users": [{"public_metrics": {"followers_count": 14685, "following_count": 13980, "tweet_count": 65414, "listed_count": 16}, "name": "Chairita Elisa\u22b04T\u22b1\ud83d\udc97\ud83e\udd8b\ud83d\udc1e\ud83d\udc3c", "id": "1118687419392380928", "username": "chairita4T", "verified": false, "created_at": "2019-04-18T01:27:19.000Z", "protected": false, "location": "M\u00e9xico lindo y querido! \ud83c\uddf2\ud83c\uddfd", "description": "https://t.co/z2HtUDCyPV \nFacebook:Noti Aldia \nLa verdad es como la poes\u00eda, y casi todos odian la poes\u00eda. No Cat\u00f3lica. Chilanga. No alimento Trolls o \ud83e\udd16  #AMLOVERSForever"}]}, "matching_rules": [{"id": 1401678016993017864, "tag": "Samuel Garcia"}]}