{"data": {"entities": {"mentions": [{"start": 3, "end": 14, "username": "Papurri691"}, {"start": 45, "end": 61, "username": "AdrianDeLaGarza"}], "annotations": [{"start": 85, "end": 94, "probability": 0.9582, "type": "Place", "normalized_text": "Nuevo Le\u00f3n"}]}, "source": "Twitter for iPhone", "created_at": "2021-06-07T02:48:02.000Z", "author_id": "1389687721799602180", "text": "RT @Papurri691: Me siento feliz al saber que @AdrianDeLaGarza gan\u00f3 la gobernatura en Nuevo Le\u00f3n, some da tranquilidad que sea el quien gobi\u2026", "id": "1401732653561303041", "referenced_tweets": [{"type": "retweeted", "id": "1401731685058813957"}], "public_metrics": {"retweet_count": 6, "reply_count": 0, "like_count": 0, "quote_count": 0}}, "includes": {"users": [{"public_metrics": {"followers_count": 79, "following_count": 97, "tweet_count": 1419, "listed_count": 0}, "name": "GerardoNu\u00f1z", "id": "1389687721799602180", "username": "NunzGerardo", "verified": false, "created_at": "2021-05-04T21:06:02.000Z", "protected": false, "description": ""}]}, "matching_rules": [{"id": 1401678016993017861, "tag": "Adrian de la Garza"}]}