{"data": {"entities": {"mentions": [{"start": 0, "end": 11, "username": "Papurri691"}, {"start": 12, "end": 28, "username": "AdrianDeLaGarza"}], "annotations": [{"start": 38, "end": 47, "probability": 0.9134, "type": "Place", "normalized_text": "Nuevo Le\u00f3n"}, {"start": 88, "end": 93, "probability": 0.8489, "type": "Person", "normalized_text": "Adri\u00e1n"}]}, "source": "Twitter for Android", "created_at": "2021-06-07T02:49:47.000Z", "author_id": "1401046549245747212", "text": "@Papurri691 @AdrianDeLaGarza Ahora en Nuevo Le\u00f3n podemos estar tranquilos porque el lic Adri\u00e1n har\u00e1 un gran trabajo", "id": "1401733097071157253", "referenced_tweets": [{"type": "replied_to", "id": "1401731685058813957"}], "public_metrics": {"retweet_count": 0, "reply_count": 0, "like_count": 0, "quote_count": 0}, "in_reply_to_user_id": "1387881771816132618"}, "includes": {"users": [{"public_metrics": {"followers_count": 59, "following_count": 344, "tweet_count": 383, "listed_count": 0}, "name": "Chava Ortiz", "id": "1401046549245747212", "username": "OrtizPChava", "verified": false, "created_at": "2021-06-05T05:21:51.000Z", "protected": false, "description": "Me cerraron mi cuenta anterior :("}]}, "matching_rules": [{"id": 1401678016993017861, "tag": "Adrian de la Garza"}]}