{"data": {"entities": {"urls": [{"start": 49, "end": 72, "url": "https://t.co/Mo5Rh6wwb4", "expanded_url": "https://twitter.com/arandatamayo/status/1401715956888571914", "display_url": "twitter.com/arandatamayo/s\u2026"}]}, "source": "Twitter for iPhone", "created_at": "2021-06-07T02:49:54.000Z", "author_id": "1394036445418041354", "text": "Confirman los n\u00fameros de las encuestas de salida https://t.co/Mo5Rh6wwb4", "id": "1401733124854329345", "context_annotations": [{"domain": {"id": "3", "name": "TV Shows", "description": "Television shows from around the world"}, "entity": {"id": "10027494123", "name": "Liga BBVA"}}], "referenced_tweets": [{"type": "quoted", "id": "1401715956888571914"}], "public_metrics": {"retweet_count": 0, "reply_count": 0, "like_count": 0, "quote_count": 0}}, "includes": {"users": [{"public_metrics": {"followers_count": 47, "following_count": 779, "tweet_count": 2283, "listed_count": 0}, "name": "Fachito", "id": "1394036445418041354", "username": "Fachito_1971", "verified": false, "created_at": "2021-05-16T21:06:23.000Z", "protected": false, "location": "El Paso, Tx", "description": "Conservador radical e intolerante."}]}, "matching_rules": [{"id": 1401678016993017862, "tag": "Fernando Larrazabal"}, {"id": 1401678016993017863, "tag": "Clara Luz"}]}