{"data": {"entities": {"urls": [{"start": 40, "end": 63, "url": "https://t.co/BqPb9qNa0e", "expanded_url": "https://twitter.com/Reporte_Indigo/status/1401720243442028548", "display_url": "twitter.com/Reporte_Indigo\u2026"}]}, "source": "Twitter for Android", "created_at": "2021-06-07T02:50:09.000Z", "author_id": "792652281023832065", "text": "Jajajajaja.  El nuevo analista politico https://t.co/BqPb9qNa0e", "id": "1401733185550028806", "context_annotations": [{"domain": {"id": "10", "name": "Person", "description": "Named people in the world like Nelson Mandela"}, "entity": {"id": "905182543464472576", "name": "Andres Manuel Lopez Obrador", "description": "President of Mexico"}}, {"domain": {"id": "35", "name": "Politician", "description": "Politicians in the world, like Joe Biden"}, "entity": {"id": "905182543464472576", "name": "Andres Manuel Lopez Obrador", "description": "President of Mexico"}}, {"domain": {"id": "10", "name": "Person", "description": "Named people in the world like Nelson Mandela"}, "entity": {"id": "912378776016711680", "name": "Claudia Sheinbaum", "description": "Claudia Sheinbaum"}}, {"domain": {"id": "35", "name": "Politician", "description": "Politicians in the world, like Joe Biden"}, "entity": {"id": "912378776016711680", "name": "Claudia Sheinbaum", "description": "Claudia Sheinbaum"}}], "referenced_tweets": [{"type": "quoted", "id": "1401720243442028548"}], "public_metrics": {"retweet_count": 0, "reply_count": 0, "like_count": 0, "quote_count": 0}}, "includes": {"users": [{"public_metrics": {"followers_count": 3, "following_count": 71, "tweet_count": 316, "listed_count": 0}, "name": "mmm", "id": "792652281023832065", "username": "yomatamontes", "verified": false, "created_at": "2016-10-30T09:00:05.000Z", "protected": false, "description": ""}]}, "matching_rules": [{"id": 1401678016993017864, "tag": "Samuel Garcia"}, {"id": 1401678016993017861, "tag": "Adrian de la Garza"}]}