{"data": {"entities": {"mentions": [{"start": 3, "end": 17, "username": "adrianlugordz"}], "annotations": [{"start": 32, "end": 40, "probability": 0.9675, "type": "Person", "normalized_text": "Clara Luz"}]}, "source": "Twitter for Android", "created_at": "2021-06-07T02:50:36.000Z", "author_id": "374974236", "text": "RT @adrianlugordz: Dicen que ni Clara Luz vot\u00f3 por ella", "id": "1401733300042059779", "referenced_tweets": [{"type": "retweeted", "id": "1401593164545331207"}], "public_metrics": {"retweet_count": 71, "reply_count": 0, "like_count": 0, "quote_count": 0}}, "includes": {"users": [{"public_metrics": {"followers_count": 148, "following_count": 268, "tweet_count": 19879, "listed_count": 1}, "name": "Meeeeeel\ud83c\udf52", "id": "374974236", "username": "d2dpeskdo", "verified": false, "created_at": "2011-09-17T08:46:36.000Z", "protected": false, "description": "Uso twitter para no gastar saliva en mis pendejadas."}]}, "matching_rules": [{"id": 1401678016993017863, "tag": "Clara Luz"}]}