{"data": {"entities": {"mentions": [{"start": 3, "end": 17, "username": "_arielbautist"}], "annotations": [{"start": 54, "end": 66, "probability": 0.9968, "type": "Person", "normalized_text": "Samuel Garcia"}]}, "source": "Twitter for iPhone", "created_at": "2021-06-07T02:52:06.000Z", "author_id": "1019329368", "text": "RT @_arielbautist: Toy m\u00e1s nervioso por saber si gana Samuel Garcia que por los resultados de mi pueblo", "id": "1401733676136865792", "referenced_tweets": [{"type": "retweeted", "id": "1401717376425598977"}], "public_metrics": {"retweet_count": 1, "reply_count": 0, "like_count": 0, "quote_count": 0}}, "includes": {"users": [{"public_metrics": {"followers_count": 417, "following_count": 400, "tweet_count": 14208, "listed_count": 0}, "name": "Brenda M\u00e1rquez", "id": "1019329368", "username": "TeMrquez", "verified": false, "created_at": "2012-12-18T08:50:07.000Z", "protected": false, "location": "Monterrey, Nuevo Le\u00f3n", "description": "\ud83d\udc7bSnapchat: brendamrquez IG: brendamrquez \ud83d\udc9c\ud83d\udc9c\ud83d\udc9c\ud83d\udc9c\ud83d\udc9c\ud83d\udc9c\ud83d\udc9c\ud83d\udc9c\ud83d\udc9c\ud83d\udc9c\ud83d\udc9c\ud83d\udc9c"}]}, "matching_rules": [{"id": 1401678016993017864, "tag": "Samuel Garcia"}]}