{"data": {"entities": {"mentions": [{"start": 3, "end": 15, "username": "ECuernavaco"}], "annotations": [{"start": 22, "end": 30, "probability": 0.9247, "type": "Person", "normalized_text": "Clara Luz"}, {"start": 60, "end": 62, "probability": 0.9481, "type": "Organization", "normalized_text": "PRI"}]}, "source": "Twitter for Android", "created_at": "2021-06-07T02:52:58.000Z", "author_id": "68405598", "text": "RT @ECuernavaco: Dice Clara Luz que si se puede regresar al PRI ?", "id": "1401733897298325504", "referenced_tweets": [{"type": "retweeted", "id": "1401721705278607367"}], "public_metrics": {"retweet_count": 18, "reply_count": 0, "like_count": 0, "quote_count": 0}}, "includes": {"users": [{"public_metrics": {"followers_count": 344, "following_count": 896, "tweet_count": 62383, "listed_count": 2}, "name": "Gerardo D\u00edaz", "id": "68405598", "username": "GerardoDiazFifi", "verified": false, "created_at": "2009-08-24T13:21:25.000Z", "protected": false, "location": "Ciudad de M\u00e9xico (Fifidonia)", "description": "La verdad nos har\u00e1 libres \u00af\\_(\u30c4)_/\u00af interesado en M\u00e9xico y el mundo; amante de los animales y la naturaleza (-.-) OmManiPadmeHum _/|\\_ Namast\u00e9"}]}, "matching_rules": [{"id": 1401678016993017863, "tag": "Clara Luz"}]}