{"data": {"entities": {"mentions": [{"start": 3, "end": 16, "username": "Pamelita0321"}, {"start": 26, "end": 41, "username": "samuel_garcias"}]}, "source": "Twitter for Android", "created_at": "2021-06-07T02:54:27.000Z", "author_id": "1065145310983286784", "text": "RT @Pamelita0321: Si gana @samuel_garcias en nuevo leon me dar\u00e1 un chingo de verg\u00fcenza por mi estado. Buscar\u00e9 otro que me adopte. \ud83d\ude2d\ud83d\ude2d\ud83d\ude2d", "id": "1401734269278453766", "referenced_tweets": [{"type": "retweeted", "id": "1401465811844407298"}], "public_metrics": {"retweet_count": 744, "reply_count": 0, "like_count": 0, "quote_count": 0}}, "includes": {"users": [{"public_metrics": {"followers_count": 77, "following_count": 783, "tweet_count": 10401, "listed_count": 0}, "name": "Mario A. Gomez", "id": "1065145310983286784", "username": "MarioAGomez7", "verified": false, "created_at": "2018-11-21T07:30:06.000Z", "protected": false, "description": ""}]}, "matching_rules": [{"id": 1401678016993017864, "tag": "Samuel Garcia"}]}