{"data": {"entities": {"mentions": [{"start": 3, "end": 18, "username": "CarlosAJimnez4"}, {"start": 23, "end": 38, "username": "samuel_garcias"}], "annotations": [{"start": 44, "end": 53, "probability": 0.2394, "type": "Other", "normalized_text": "Nuevo Leon"}]}, "source": "Twitter for Android", "created_at": "2021-06-07T02:55:11.000Z", "author_id": "534715029", "text": "RT @CarlosAJimnez4: Si @samuel_garcias gana Nuevo Leon, entonces porque presumen de \"inteligentes\"?", "id": "1401734453345632258", "referenced_tweets": [{"type": "retweeted", "id": "1401644171979591680"}], "public_metrics": {"retweet_count": 549, "reply_count": 0, "like_count": 0, "quote_count": 0}}, "includes": {"users": [{"public_metrics": {"followers_count": 2602, "following_count": 2728, "tweet_count": 151711, "listed_count": 34}, "name": "March", "id": "534715029", "username": "mag_tomes", "verified": false, "created_at": "2012-03-23T19:05:58.000Z", "protected": false, "location": "cualquier parte de M\u00e9xico.", "description": ""}]}, "matching_rules": [{"id": 1401678016993017864, "tag": "Samuel Garcia"}]}