{"data": {"entities": {"mentions": [{"start": 0, "end": 11, "username": "Th3_King04"}], "urls": [{"start": 71, "end": 94, "url": "https://t.co/Rp8GrwX2GE", "expanded_url": "https://twitter.com/_/status/1338941366907367425", "display_url": "twitter.com/_/status/13389\u2026"}]}, "source": "Developed with \u2665 by @Fran_Induni", "created_at": "2021-06-07T02:55:33.000Z", "author_id": "1254452999621152775", "text": "@Th3_King04 Hey \ud83d\udc4b \u00a1Ya es hora de que te recuerde lo que me has pedido!\nhttps://t.co/Rp8GrwX2GE", "id": "1401734545666363393", "referenced_tweets": [{"type": "quoted", "id": "1338941366907367425"}, {"type": "replied_to", "id": "1338941366907367425"}], "public_metrics": {"retweet_count": 0, "reply_count": 0, "like_count": 0, "quote_count": 0}, "in_reply_to_user_id": "1207221471359012864"}, "includes": {"users": [{"public_metrics": {"followers_count": 236923, "following_count": 1, "tweet_count": 714841, "listed_count": 250}, "name": "RecuerdameBot", "id": "1254452999621152775", "username": "RecuerdameBot", "verified": false, "created_at": "2020-04-26T16:51:44.000Z", "protected": false, "description": "Menci\u00f3name en un tweet diciendo cuando quieres que te lo recuerde.\n\nPara revisar mi estado, preguntas frecuentes o donaciones, visita mi sitio web:"}]}, "matching_rules": [{"id": 1401678016993017863, "tag": "Clara Luz"}]}