{"data": {"entities": {"mentions": [{"start": 0, "end": 13, "username": "Mario__67166"}, {"start": 14, "end": 28, "username": "IngRodriguezM"}, {"start": 29, "end": 45, "username": "AdrianDeLaGarza"}, {"start": 46, "end": 57, "username": "JaimeRdzNL"}], "annotations": [{"start": 66, "end": 72, "probability": 0.9893, "type": "Place", "normalized_text": "Apodaca"}, {"start": 85, "end": 87, "probability": 0.9634, "type": "Place", "normalized_text": "Mty"}, {"start": 123, "end": 133, "probability": 0.9531, "type": "Place", "normalized_text": "San Nicolas"}]}, "source": "Twitter for Android", "created_at": "2021-06-07T02:57:04.000Z", "author_id": "135229337", "text": "@Mario__67166 @IngRodriguezM @AdrianDeLaGarza @JaimeRdzNL Vivo en Apodaca, nacida en Mty y toda mi infacia-adolescencia en San Nicolas.", "id": "1401734926534381570", "context_annotations": [{"domain": {"id": "10", "name": "Person", "description": "Named people in the world like Nelson Mandela"}, "entity": {"id": "928660638741565440", "name": "Jaime Rodr\u00edguez Calder\u00f3n", "description": "Jaime Rdz El Bronco"}}, {"domain": {"id": "35", "name": "Politician", "description": "Politicians in the world, like Joe Biden"}, "entity": {"id": "928660638741565440", "name": "Jaime Rodr\u00edguez Calder\u00f3n", "description": "Jaime Rdz El Bronco"}}], "referenced_tweets": [{"type": "replied_to", "id": "1401734015334457345"}], "public_metrics": {"retweet_count": 0, "reply_count": 0, "like_count": 0, "quote_count": 0}, "in_reply_to_user_id": "1912490798"}, "includes": {"users": [{"public_metrics": {"followers_count": 1227, "following_count": 1000, "tweet_count": 5830, "listed_count": 4}, "name": "Michelle Elizalde", "id": "135229337", "username": "michelivilla", "verified": false, "created_at": "2010-04-20T18:10:27.000Z", "protected": false, "location": "Monterrey", "description": "Orgullosamente Regia, soy Tigre de \ud83d\udc9b\ud83d\udc99\ud83d\udc2f\nMi Grupo @DinastiaTigre\ud83d\udc2f\n#TodossomosDinastiaTigre"}]}, "matching_rules": [{"id": 1401678016993017861, "tag": "Adrian de la Garza"}]}