{"data": {"entities": {"mentions": [{"start": 0, "end": 11, "username": "illuminqte"}, {"start": 12, "end": 25, "username": "autaecouture"}, {"start": 26, "end": 41, "username": "rgonzalezgarza"}, {"start": 42, "end": 57, "username": "samuel_garcias"}]}, "source": "Twitter for Android", "created_at": "2021-06-07T02:57:22.000Z", "author_id": "1309555338476171264", "text": "@illuminqte @autaecouture @rgonzalezgarza @samuel_garcias sinceramente no, pero cada quien su opini\u00f3n", "id": "1401735005349593094", "referenced_tweets": [{"type": "replied_to", "id": "1401734201217536001"}], "public_metrics": {"retweet_count": 0, "reply_count": 0, "like_count": 0, "quote_count": 0}, "in_reply_to_user_id": "1320986770427813888"}, "includes": {"users": [{"public_metrics": {"followers_count": 19, "following_count": 109, "tweet_count": 174, "listed_count": 0}, "name": "Kath", "id": "1309555338476171264", "username": "OwoSatorio", "verified": false, "created_at": "2020-09-25T18:08:26.000Z", "protected": false, "description": "Hola, apoyo en lo que pueda, me encanta el lol, apoyo a streamers peque\u00f1os y se que podemos cambiar la situaci\u00f3n clim\u00e1tica!:D"}]}, "matching_rules": [{"id": 1401678016993017864, "tag": "Samuel Garcia"}]}