{"data": {"entities": {"mentions": [{"start": 3, "end": 18, "username": "PortillogMayra"}], "annotations": [{"start": 20, "end": 28, "probability": 0.924, "type": "Person", "normalized_text": "Clara Luz"}, {"start": 67, "end": 72, "probability": 0.9894, "type": "Person", "normalized_text": "Adri\u00e1n"}, {"start": 76, "end": 83, "probability": 0.7073, "type": "Person", "normalized_text": "Samuel"}]}, "source": "Twitter for Android", "created_at": "2021-06-07T02:57:34.000Z", "author_id": "168240217", "text": "RT @PortillogMayra: Clara Luz nervios\u00edsima\n\nno est\u00e1 segura si gana Adri\u00e1n o Samuel \n\n\ud83d\ude06", "id": "1401735053428891648", "referenced_tweets": [{"type": "retweeted", "id": "1401682268943437824"}], "public_metrics": {"retweet_count": 614, "reply_count": 0, "like_count": 0, "quote_count": 0}}, "includes": {"users": [{"public_metrics": {"followers_count": 131, "following_count": 414, "tweet_count": 2623, "listed_count": 1}, "name": "Marcos Santillan #TUCAM", "id": "168240217", "username": "GerardoSantilla", "verified": false, "created_at": "2010-07-18T20:12:39.000Z", "protected": false, "location": "METEPEC", "description": "CAPELTON DE M\u00c9XICO"}]}, "matching_rules": [{"id": 1401678016993017863, "tag": "Clara Luz"}]}