{"data": {"entities": {"hashtags": [{"start": 64, "end": 74, "tag": "NuevoLe\u00f3n"}], "mentions": [{"start": 3, "end": 19, "username": "RicaCostaMezcal"}, {"start": 45, "end": 60, "username": "samuel_garcias"}]}, "source": "Twitter for Android", "created_at": "2021-06-07T02:57:54.000Z", "author_id": "1283245215617351681", "text": "RT @RicaCostaMezcal: Este ser\u00e1 el sucesor de @Samuel_garcias en #NuevoLe\u00f3n. De ese nivel la entidad. \ud83e\udd26\ud83c\udffb\u200d\u2642\ufe0f\n\u00bfCu\u00e1ndo ser\u00e1 la encuesta para se\u2026", "id": "1401735139282018309", "referenced_tweets": [{"type": "retweeted", "id": "1401733934715711489"}], "public_metrics": {"retweet_count": 2, "reply_count": 0, "like_count": 0, "quote_count": 0}}, "includes": {"users": [{"public_metrics": {"followers_count": 1394, "following_count": 1246, "tweet_count": 18834, "listed_count": 1}, "name": "Lalo Aguilar en Rusia", "id": "1283245215617351681", "username": "perro_sarnoso_", "verified": false, "created_at": "2020-07-15T03:41:31.000Z", "protected": false, "location": "Tabasco, M\u00e9xico, Rusia", "description": "Puma, acerero, tacos, zurdo, ruso y proAmlo desde hace m\u00e1s de 20 a\u00f1os.  Por el bien de todos, primero los pobres."}]}, "matching_rules": [{"id": 1401678016993017864, "tag": "Samuel Garcia"}]}