{"data": {"entities": {"mentions": [{"start": 3, "end": 19, "username": "DanteCo94150246"}], "annotations": [{"start": 70, "end": 75, "probability": 0.8112, "type": "Person", "normalized_text": "Morena"}]}, "source": "Twitter for Android", "created_at": "2021-06-07T02:58:35.000Z", "author_id": "1227245002931109889", "text": "RT @DanteCo94150246: Hace algunos d\u00edas escrib\u00ed que habia que apoyar a Morena porque era el veh\u00edculo para sostener al presidente, y que desp\u2026", "id": "1401735311852331013", "referenced_tweets": [{"type": "retweeted", "id": "1401733438743494656"}], "public_metrics": {"retweet_count": 14, "reply_count": 0, "like_count": 0, "quote_count": 0}}, "includes": {"users": [{"public_metrics": {"followers_count": 7589, "following_count": 7561, "tweet_count": 37391, "listed_count": 3}, "name": "Jose Ornelas 4t", "id": "1227245002931109889", "username": "JoseOrn15607390", "verified": false, "created_at": "2020-02-11T14:56:47.000Z", "protected": false, "location": "California, USA", "description": "La derecha ni para dar vuelta, orgullosamente, Peje zombie!!! #redamlover  #redsovietica...nueva cuenta."}]}, "matching_rules": [{"id": 1401678016993017863, "tag": "Clara Luz"}]}