{"data": {"entities": {"mentions": [{"start": 3, "end": 19, "username": "rafaelrdz_limon"}], "annotations": [{"start": 24, "end": 26, "probability": 0.786, "type": "Organization", "normalized_text": "INE"}, {"start": 61, "end": 66, "probability": 0.7876, "type": "Person", "normalized_text": "Samuel"}, {"start": 82, "end": 87, "probability": 0.9756, "type": "Person", "normalized_text": "Adri\u00e1n"}, {"start": 105, "end": 113, "probability": 0.8625, "type": "Person", "normalized_text": "Clara Luz"}]}, "source": "Twitter for Android", "created_at": "2021-06-07T02:58:58.000Z", "author_id": "27180761", "text": "RT @rafaelrdz_limon: El INE: Solo puede haber un gobernador.\nSamuel burl\u00e1ndose de Adri\u00e1n que se burla de Clara Luz que se burla de Larraz\u00e1b\u2026", "id": "1401735408187318275", "referenced_tweets": [{"type": "retweeted", "id": "1401725646296977415"}], "public_metrics": {"retweet_count": 5, "reply_count": 0, "like_count": 0, "quote_count": 0}}, "includes": {"users": [{"public_metrics": {"followers_count": 173, "following_count": 925, "tweet_count": 10247, "listed_count": 1}, "name": "Hijikata Paco", "id": "27180761", "username": "Hijikata_Paco", "verified": false, "created_at": "2009-03-28T04:44:03.000Z", "protected": false, "location": "M\u00e9xico", "description": "Buscando llegar a mi Tollan, m\u00e1s all\u00e1 del bien y del mal."}]}, "matching_rules": [{"id": 1401678016993017863, "tag": "Clara Luz"}]}