{"data": {"entities": {"mentions": [{"start": 58, "end": 73, "username": "samuel_garcias"}], "annotations": [{"start": 153, "end": 158, "probability": 0.9528, "type": "Place", "normalized_text": "M\u00e9xico"}]}, "source": "Twitter for iPhone", "created_at": "2021-06-07T02:59:11.000Z", "author_id": "803564436", "text": "Despu\u00e9s de tanto meme, burla y muestras claras de c\u00f3mo es @samuel_garcias, no puedo creer que tanta gente haya salido a votar por ese candidato. Por eso M\u00e9xico no avanza, que decepci\u00f3n.", "id": "1401735460209283073", "context_annotations": [{"domain": {"id": "119", "name": "Holiday", "description": "Holidays like Christmas or Halloween"}, "entity": {"id": "1286645331686350848", "name": "Dia de la Independencia (Grito de Dolores) ", "description": "This entity includes conversations about Dia de la Independencia (Grito de Dolores) for all years."}}], "public_metrics": {"retweet_count": 0, "reply_count": 0, "like_count": 0, "quote_count": 0}}, "includes": {"users": [{"public_metrics": {"followers_count": 96, "following_count": 205, "tweet_count": 178, "listed_count": 0}, "name": "Tarsis alonzo", "id": "803564436", "username": "tarsisalonzo", "verified": false, "created_at": "2012-09-05T01:14:12.000Z", "protected": false, "location": "M\u00e9rida, Yucat\u00e1n", "description": ""}]}, "matching_rules": [{"id": 1401678016993017864, "tag": "Samuel Garcia"}]}