{"data": {"entities": {"mentions": [{"start": 0, "end": 12, "username": "BloqueadosS"}, {"start": 13, "end": 27, "username": "colosioriojas"}], "annotations": [{"start": 48, "end": 53, "probability": 0.648, "type": "Person", "normalized_text": "Medina"}, {"start": 124, "end": 130, "probability": 0.6634, "type": "Place", "normalized_text": "Colosio"}, {"start": 134, "end": 147, "probability": 0.9789, "type": "Person", "normalized_text": "Miguel Trevi\u00f1o"}]}, "source": "Twitter for iPhone", "created_at": "2021-06-07T03:00:26.000Z", "author_id": "141050223", "text": "@BloqueadosS @colosioriojas Es por culpa de los Medina.-\u2026 \n\nVas a ver que las pr\u00f3ximas elecciones de gobernador ser\u00e1n entre Colosio y Miguel Trevi\u00f1o.", "id": "1401735776786857989", "referenced_tweets": [{"type": "replied_to", "id": "1401734520290807809"}], "public_metrics": {"retweet_count": 0, "reply_count": 0, "like_count": 0, "quote_count": 0}, "in_reply_to_user_id": "1465408920"}, "includes": {"users": [{"public_metrics": {"followers_count": 596, "following_count": 632, "tweet_count": 39480, "listed_count": 6}, "name": "gera-wan kenobi.-\u2026", "id": "141050223", "username": "GeraVII", "verified": false, "created_at": "2010-05-07T02:09:48.000Z", "protected": false, "location": "Monterrey, M\u00e9xico", "description": "\u03c4\u03b5\u03c4\u03ad\u03bb\u03b5\u03c3\u03c4\u03b1\u03b9 Caballero Jedi rescatado del lado oscuro y ganador del King of Fighters '97 con una ficha.-\u2026 Monterrey | Jets | AC Milan | Boston"}]}, "matching_rules": [{"id": 1401678016993017864, "tag": "Samuel Garcia"}]}