{"data": {"source": "Twitter for Android", "created_at": "2021-06-07T03:01:47.000Z", "author_id": "2497092001", "text": "Clara Luz nervios\u00edsima\n\nno est\u00e1 segura si gana Adri\u00e1n o Samuel \n\n\ud83d\ude06", "id": "1401736113119805446", "entities": {"annotations": [{"start": 0, "end": 8, "probability": 0.9531, "type": "Person", "normalized_text": "Clara Luz"}, {"start": 47, "end": 52, "probability": 0.9882, "type": "Person", "normalized_text": "Adri\u00e1n"}, {"start": 56, "end": 63, "probability": 0.7022, "type": "Person", "normalized_text": "Samuel"}]}, "public_metrics": {"retweet_count": 0, "reply_count": 0, "like_count": 0, "quote_count": 0}}, "includes": {"users": [{"public_metrics": {"followers_count": 1381, "following_count": 2128, "tweet_count": 5051, "listed_count": 0}, "name": "Prix", "id": "2497092001", "username": "Prixx55", "verified": false, "created_at": "2014-05-15T20:14:37.000Z", "protected": false, "description": "Apasionado, Intenso y rom\u00e1ntico.\nNo estoy ligando, ni buscando."}]}, "matching_rules": [{"id": 1401678016993017863, "tag": "Clara Luz"}]}