{"data": {"entities": {"mentions": [{"start": 3, "end": 19, "username": "Alfonso19210624"}, {"start": 21, "end": 36, "username": "samuel_garcias"}], "annotations": [{"start": 67, "end": 76, "probability": 0.9625, "type": "Place", "normalized_text": "Nuevo Le\u00f3n"}]}, "source": "Twitter for iPhone", "created_at": "2021-06-07T03:03:14.000Z", "author_id": "2750890624", "text": "RT @Alfonso19210624: @samuel_garcias Si es as\u00ed, se confirma que en Nuevo Le\u00f3n, somos los m\u00e1s p3nd3j0$ para elegir a nuestros gobernantes.", "id": "1401736481916530698", "referenced_tweets": [{"type": "retweeted", "id": "1401726222078513153"}], "public_metrics": {"retweet_count": 1, "reply_count": 0, "like_count": 0, "quote_count": 0}}, "includes": {"users": [{"public_metrics": {"followers_count": 257, "following_count": 383, "tweet_count": 25441, "listed_count": 2}, "name": "\u2022", "id": "2750890624", "username": "aleolvera82", "verified": false, "created_at": "2014-08-24T23:30:38.000Z", "protected": false, "location": "Monterrey, Nuevo Le\u00f3n", "description": "22|Mty\ud83c\uddf2\ud83c\uddfd"}]}, "matching_rules": [{"id": 1401678016993017864, "tag": "Samuel Garcia"}]}