{"data": {"entities": {"mentions": [{"start": 3, "end": 19, "username": "rafaelrdz_limon"}], "annotations": [{"start": 24, "end": 26, "probability": 0.786, "type": "Organization", "normalized_text": "INE"}, {"start": 61, "end": 66, "probability": 0.7876, "type": "Person", "normalized_text": "Samuel"}, {"start": 82, "end": 87, "probability": 0.9756, "type": "Person", "normalized_text": "Adri\u00e1n"}, {"start": 105, "end": 113, "probability": 0.8625, "type": "Person", "normalized_text": "Clara Luz"}]}, "source": "Twitter for iPhone", "created_at": "2021-06-07T03:03:21.000Z", "author_id": "1384980509004947459", "text": "RT @rafaelrdz_limon: El INE: Solo puede haber un gobernador.\nSamuel burl\u00e1ndose de Adri\u00e1n que se burla de Clara Luz que se burla de Larraz\u00e1b\u2026", "id": "1401736508491669515", "referenced_tweets": [{"type": "retweeted", "id": "1401725646296977415"}], "public_metrics": {"retweet_count": 7, "reply_count": 0, "like_count": 0, "quote_count": 0}}, "includes": {"users": [{"public_metrics": {"followers_count": 578, "following_count": 572, "tweet_count": 3429, "listed_count": 6}, "name": "Mar\ud83c\udf5e\ud83d\udc1d (9.94M) \ud83d\udc49\ud83c\udffbVEAN MI TWEET FIJADO\ud83d\udc48\ud83c\udffb", "id": "1384980509004947459", "username": "marysol12o7", "verified": false, "created_at": "2021-04-21T21:21:12.000Z", "protected": false, "location": "Monterrey N.L. M\u00e9xico.", "description": "Si algo tiene soluci\u00f3n, \u00bfpara qu\u00e9 preocuparte? Y si no tiene soluci\u00f3n, \u00bfpara qu\u00e9 preocuparte? \u2010 Dalas \u2764 #TeamDalas \u258a Soy \ud83d\udc49\ud83c\udffb @mar12o7 \ud83d\udc48\ud83c\udffb"}]}, "matching_rules": [{"id": 1401678016993017863, "tag": "Clara Luz"}]}