{"data": {"entities": {"mentions": [{"start": 3, "end": 11, "username": "ZMyBerg"}, {"start": 26, "end": 42, "username": "FerLarrazabalNL"}], "annotations": [{"start": 77, "end": 86, "probability": 0.8332, "type": "Place", "normalized_text": "Nuevo Le\u00f3n"}]}, "source": "Twitter for Android", "created_at": "2021-06-07T03:03:32.000Z", "author_id": "342923443", "text": "RT @ZMyBerg: Se los dije. @FerLarrazabalNL se va hasta la cuarta posici\u00f3n en Nuevo Le\u00f3n. Pinches panistas necios que no saben jugar en equi\u2026", "id": "1401736555576889345", "referenced_tweets": [{"type": "retweeted", "id": "1401682421146398720"}], "public_metrics": {"retweet_count": 413, "reply_count": 0, "like_count": 0, "quote_count": 0}}, "includes": {"users": [{"public_metrics": {"followers_count": 2133, "following_count": 3433, "tweet_count": 27120, "listed_count": 2}, "name": "Bernardino Garc\u00eda", "id": "342923443", "username": "gallegobernie", "verified": false, "created_at": "2011-07-26T19:58:41.000Z", "protected": false, "location": "Hermosillo, Sonora", "description": "Espero que alg\u00fan d\u00eda nos unamos para mejorar a nuestro pa\u00eds, para mejorarlo dije. No como en la actualidad... #SomosMexico \n#FRENAAA20\n#VaPorMexico\n#VivaMexico"}]}, "matching_rules": [{"id": 1401678016993017862, "tag": "Fernando Larrazabal"}, {"id": 1401678016993017861, "tag": "Adrian de la Garza"}]}