{"data": {"entities": {"mentions": [{"start": 0, "end": 9, "username": "DamSoy12"}, {"start": 10, "end": 26, "username": "AdrianDeLaGarza"}], "annotations": [{"start": 43, "end": 48, "probability": 0.9944, "type": "Person", "normalized_text": "Samuel"}]}, "source": "Twitter for iPhone", "created_at": "2021-06-07T03:03:57.000Z", "author_id": "1387881771816132618", "text": "@DamSoy12 @AdrianDeLaGarza No sabes perder Samuel, pero ya te llegar\u00e1 tu escarmiento", "id": "1401736659251740683", "referenced_tweets": [{"type": "replied_to", "id": "1401736032454799362"}], "public_metrics": {"retweet_count": 0, "reply_count": 0, "like_count": 0, "quote_count": 0}, "in_reply_to_user_id": "1392137339397283841"}, "includes": {"users": [{"public_metrics": {"followers_count": 51, "following_count": 131, "tweet_count": 1016, "listed_count": 0}, "name": "Papurri69", "id": "1387881771816132618", "username": "Papurri691", "verified": false, "created_at": "2021-04-29T21:29:43.000Z", "protected": false, "description": "Mamarre mamarreeee"}]}, "matching_rules": [{"id": 1401678016993017861, "tag": "Adrian de la Garza"}]}