{"data": {"entities": {"mentions": [{"start": 0, "end": 9, "username": "DamSoy12"}, {"start": 10, "end": 26, "username": "AdrianDeLaGarza"}]}, "source": "Twitter for Android", "created_at": "2021-06-07T03:04:11.000Z", "author_id": "1397005714921562113", "text": "@DamSoy12 @AdrianDeLaGarza Queremos que se haga difusi\u00f3n y Justicia por este acto vand\u00e1lico en contra de las elecciones", "id": "1401736718676594695", "referenced_tweets": [{"type": "replied_to", "id": "1401736032454799362"}], "public_metrics": {"retweet_count": 0, "reply_count": 0, "like_count": 0, "quote_count": 0}, "in_reply_to_user_id": "1392137339397283841"}, "includes": {"users": [{"public_metrics": {"followers_count": 44, "following_count": 70, "tweet_count": 307, "listed_count": 0}, "name": "Abraham Quintanilla", "id": "1397005714921562113", "username": "iscon25", "verified": false, "created_at": "2021-05-25T01:45:02.000Z", "protected": false, "description": "mi vida... la bateria y el rock"}]}, "matching_rules": [{"id": 1401678016993017861, "tag": "Adrian de la Garza"}]}