{"data": {"entities": {"mentions": [{"start": 3, "end": 13, "username": "FridaGzaa"}, {"start": 84, "end": 100, "username": "AdrianDeLaGarza"}, {"start": 101, "end": 116, "username": "samuel_garcias"}, {"start": 117, "end": 133, "username": "FerLarrazabalNL"}], "annotations": [{"start": 72, "end": 81, "probability": 0.9579, "type": "Place", "normalized_text": "Nuevo Le\u00f3n"}]}, "source": "Twitter for iPhone", "created_at": "2021-06-07T03:05:06.000Z", "author_id": "727965656524578816", "text": "RT @FridaGzaa: Que coraje que se est\u00e9n robando las cajas de votaci\u00f3n en Nuevo Le\u00f3n\ud83d\ude21 @AdrianDeLaGarza @samuel_garcias @FerLarrazabalNL @clar\u2026", "id": "1401736948985774080", "referenced_tweets": [{"type": "retweeted", "id": "1401687182696407046"}], "public_metrics": {"retweet_count": 29, "reply_count": 0, "like_count": 0, "quote_count": 0}}, "includes": {"users": [{"public_metrics": {"followers_count": 586, "following_count": 258, "tweet_count": 21032, "listed_count": 1}, "name": "Diana Elizondo", "id": "727965656524578816", "username": "dianaelp17", "verified": false, "created_at": "2016-05-04T20:58:32.000Z", "protected": false, "description": "ig. dianaelizondopa"}]}, "matching_rules": [{"id": 1401678016993017864, "tag": "Samuel Garcia"}, {"id": 1401678016993017862, "tag": "Fernando Larrazabal"}, {"id": 1401678016993017863, "tag": "Clara Luz"}, {"id": 1401678016993017861, "tag": "Adrian de la Garza"}]}