{"data": {"entities": {"mentions": [{"start": 0, "end": 12, "username": "Tigre_Alien"}, {"start": 13, "end": 24, "username": "jesusmh194"}, {"start": 25, "end": 33, "username": "rocp098"}, {"start": 34, "end": 44, "username": "GERAMITZU"}, {"start": 45, "end": 54, "username": "jerryfon"}, {"start": 55, "end": 71, "username": "_georgeespinosa"}, {"start": 72, "end": 83, "username": "a_chatly69"}, {"start": 84, "end": 97, "username": "CarlosGignak"}, {"start": 98, "end": 113, "username": "viejopizarrino"}, {"start": 114, "end": 129, "username": "samuel_garcias"}, {"start": 130, "end": 144, "username": "LuisDonaldoCo"}, {"start": 145, "end": 160, "username": "AsiEsMonterrey"}, {"start": 161, "end": 173, "username": "QuePasaEnSN"}, {"start": 174, "end": 186, "username": "MtyFollowMx"}, {"start": 187, "end": 201, "username": "ConociendoMTY"}], "annotations": [{"start": 288, "end": 294, "probability": 0.6094, "type": "Person", "normalized_text": "COLOSIO"}]}, "source": "Twitter for Android", "created_at": "2021-06-07T03:05:12.000Z", "author_id": "4605322333", "text": "@Tigre_Alien @jesusmh194 @rocp098 @GERAMITZU @jerryfon @_georgeespinosa @a_chatly69 @CarlosGignak @viejopizarrino @samuel_garcias @LuisDonaldoCo @AsiEsMonterrey @QuePasaEnSN @MtyFollowMx @ConociendoMTY Es correcto compadre  , van a quedar as\u00ed ventaja m\u00ednima pero ventaja , ojal\u00e1 y pronto COLOSIO no cambie", "id": "1401736975200161796", "referenced_tweets": [{"type": "replied_to", "id": "1401736646651957250"}], "public_metrics": {"retweet_count": 0, "reply_count": 0, "like_count": 0, "quote_count": 0}, "in_reply_to_user_id": "901656309547839490"}, "includes": {"users": [{"public_metrics": {"followers_count": 6118, "following_count": 6117, "tweet_count": 185462, "listed_count": 13}, "name": "ZANZA de San Pedro", "id": "4605322333", "username": "herreragonzalo3", "verified": false, "created_at": "2015-12-19T18:18:06.000Z", "protected": false, "location": "San Pedro Garza Garc\u00eda", "description": "TIGRE San petrino\n\ud83d\udc05 #todos somos tigres\nDALE CAMPE\u00d3N. \ud83d\udc4a\ud83d\udc4a"}]}, "matching_rules": [{"id": 1401678016993017864, "tag": "Samuel Garcia"}]}