{"data": {"entities": {"mentions": [{"start": 0, "end": 16, "username": "cesarevergassol"}, {"start": 17, "end": 30, "username": "Pamelita0321"}, {"start": 31, "end": 46, "username": "samuel_garcias"}], "annotations": [{"start": 128, "end": 131, "probability": 0.9585, "type": "Place", "normalized_text": "Cdmx"}, {"start": 185, "end": 188, "probability": 0.9329, "type": "Other", "normalized_text": "Dios"}]}, "source": "Twitter for Android", "created_at": "2021-06-07T03:05:49.000Z", "author_id": "1309555338476171264", "text": "@cesarevergassol @Pamelita0321 @samuel_garcias Tienes raz\u00f3n, pero en ocasiones no es lo que las personas buscan y por eso van a Cdmx, no tenemos de todo ac\u00e1 lmao, lo de las primas, por Dios, si ha pasado y pasar\u00e1, pero no solo en NL o en el norte y no necesariamente por los apellidos es que comparten familia", "id": "1401737131140292611", "referenced_tweets": [{"type": "replied_to", "id": "1401735864670097412"}], "public_metrics": {"retweet_count": 0, "reply_count": 0, "like_count": 0, "quote_count": 0}, "in_reply_to_user_id": "73789039"}, "includes": {"users": [{"public_metrics": {"followers_count": 19, "following_count": 109, "tweet_count": 178, "listed_count": 0}, "name": "Kath", "id": "1309555338476171264", "username": "OwoSatorio", "verified": false, "created_at": "2020-09-25T18:08:26.000Z", "protected": false, "description": "Hola, apoyo en lo que pueda, me encanta el lol, apoyo a streamers peque\u00f1os y se que podemos cambiar la situaci\u00f3n clim\u00e1tica!:D"}]}, "matching_rules": [{"id": 1401678016993017864, "tag": "Samuel Garcia"}]}