{"data": {"entities": {"hashtags": [{"start": 222, "end": 237, "tag": "Elecciones2021"}], "mentions": [{"start": 187, "end": 203, "username": "FerLarrazabalNL"}], "annotations": [{"start": 49, "end": 54, "probability": 0.9956, "type": "Person", "normalized_text": "Samuel"}, {"start": 58, "end": 64, "probability": 0.9273, "type": "Person", "normalized_text": "Colosio"}, {"start": 123, "end": 132, "probability": 0.3293, "type": "Person", "normalized_text": "Nuevo Leon"}, {"start": 136, "end": 144, "probability": 0.8348, "type": "Place", "normalized_text": "Monterrey"}]}, "source": "Twitter for Android", "created_at": "2021-06-07T03:07:41.000Z", "author_id": "17443584", "text": "Estoy en shock por la ventaja que siguen ganando Samuel y Colosio.\n\nNi modo, a confiar de nuevo pero la verdad yo digo que Nuevo Leon y Monterrey se equivocaron.\n\nTu tienes algo de culpa @FerLarrazabalNL en no declinar. \n\n#Elecciones2021", "id": "1401737598226337799", "public_metrics": {"retweet_count": 0, "reply_count": 0, "like_count": 0, "quote_count": 0}}, "includes": {"users": [{"public_metrics": {"followers_count": 559, "following_count": 619, "tweet_count": 19674, "listed_count": 31}, "name": "Enrique\ud83d\udc2f\u2b50\ufe0f\u2b50\ufe0f\u2b50\u2b50\ufe0f\u2b50\ufe0f\u2b50\ufe0f\u2b50", "id": "17443584", "username": "EnriqueIX", "verified": false, "created_at": "2008-11-17T15:49:12.000Z", "protected": false, "location": "Monterrey, M\u00e9xico", "description": "Conciertos, Deportes, Comida y Cr\u00edtico del sistema pol\u00edtico."}]}, "matching_rules": [{"id": 1401678016993017862, "tag": "Fernando Larrazabal"}]}