{"data": {"entities": {"mentions": [{"start": 0, "end": 15, "username": "samuel_garcias"}], "urls": [{"start": 134, "end": 157, "url": "https://t.co/P7EavbOBqT", "expanded_url": "https://twitter.com/elabejorro069/status/1401737606824710151/photo/1", "display_url": "pic.twitter.com/P7EavbOBqT"}], "annotations": [{"start": 34, "end": 37, "probability": 0.4785, "type": "Place", "normalized_text": "Le\u00f3n"}]}, "source": "Twitter for Android", "created_at": "2021-06-07T03:07:43.000Z", "author_id": "105326038", "attachments": {"media_keys": ["16_1401737600340213765"]}, "text": "@samuel_garcias Confirmado, nuevo Le\u00f3n tiene el yacimiento m\u00e1s grande de PENDEJOS del mundo... Son la botana nacional neoleonenses... https://t.co/P7EavbOBqT", "id": "1401737606824710151", "referenced_tweets": [{"type": "replied_to", "id": "1401734693049946115"}], "public_metrics": {"retweet_count": 0, "reply_count": 0, "like_count": 0, "quote_count": 0}, "in_reply_to_user_id": "258973851"}, "includes": {"users": [{"public_metrics": {"followers_count": 203, "following_count": 2133, "tweet_count": 2123, "listed_count": 3}, "name": "Omar Canafani", "id": "105326038", "username": "elabejorro069", "verified": false, "created_at": "2010-01-16T01:30:13.000Z", "protected": false, "location": "En El Estado De M\u00e9xico Nac\u00ed...", "description": "El MEJOR, sin osos ni panchos."}]}, "matching_rules": [{"id": 1401678016993017864, "tag": "Samuel Garcia"}]}