{"data": {"entities": {"urls": [{"start": 158, "end": 181, "url": "https://t.co/xN1sUOLjPD", "expanded_url": "https://twitter.com/carlosajimnez4/status/1401644171979591680", "display_url": "twitter.com/carlosajimnez4\u2026"}], "annotations": [{"start": 9, "end": 14, "probability": 0.5826, "type": "Organization", "normalized_text": "MORENA"}]}, "source": "Twitter for iPhone", "created_at": "2021-06-07T03:09:22.000Z", "author_id": "281793338", "text": "\u00bfSi gana MORENA es por que ustedes son inteligentes y si pierde es por que somos pendejos?\n\nReducci\u00f3n simple que no cuadra por m\u00faltiples variables \u00bfno crees? https://t.co/xN1sUOLjPD", "id": "1401738024191471616", "referenced_tweets": [{"type": "quoted", "id": "1401644171979591680"}], "public_metrics": {"retweet_count": 0, "reply_count": 0, "like_count": 0, "quote_count": 0}}, "includes": {"users": [{"public_metrics": {"followers_count": 30776, "following_count": 18515, "tweet_count": 46712, "listed_count": 36}, "name": "Sylvia Zapata", "id": "281793338", "username": "syzavel19", "verified": false, "created_at": "2011-04-14T00:10:35.000Z", "protected": false, "description": "Todo habla, todo se significa...."}]}, "matching_rules": [{"id": 1401678016993017864, "tag": "Samuel Garcia"}]}