{"data": {"entities": {"mentions": [{"start": 0, "end": 15, "username": "QuesaVerdadess"}, {"start": 16, "end": 29, "username": "Chris_rey007"}, {"start": 30, "end": 45, "username": "samuel_garcias"}], "annotations": [{"start": 64, "end": 71, "probability": 0.8644, "type": "Place", "normalized_text": "Guerrero"}]}, "source": "Twitter for Android", "created_at": "2021-06-07T03:09:35.000Z", "author_id": "465919805", "text": "@QuesaVerdadess @Chris_rey007 @samuel_garcias Igualmente que en Guerrero, pero en otra direcci\u00f3n.", "id": "1401738076473466881", "referenced_tweets": [{"type": "replied_to", "id": "1401719085533126657"}], "public_metrics": {"retweet_count": 0, "reply_count": 0, "like_count": 0, "quote_count": 0}, "in_reply_to_user_id": "986841875452694529"}, "includes": {"users": [{"public_metrics": {"followers_count": 1414, "following_count": 2496, "tweet_count": 7997, "listed_count": 6}, "name": "Sociedad Activa", "id": "465919805", "username": "accion_social", "verified": false, "created_at": "2012-01-16T21:39:35.000Z", "protected": false, "location": "M\u00e9xico, D.F.", "description": "Ciudadanos en movimiento, comprometidos con la igualdad, la paz y la fraternidad nacional."}]}, "matching_rules": [{"id": 1401678016993017864, "tag": "Samuel Garcia"}]}