{"data": {"source": "Twitter for iPhone", "created_at": "2021-06-07T03:10:11.000Z", "author_id": "477167923", "text": "Yo creo que al primero que se le quita el puesto es a Mario Delgado. Solo en su cabeza cabe meter a Clara Luz para candidata a gobernador de Nuevo Le\u00f3n. Quedaron chicos algunos candidatos para tan grandes estados.", "id": "1401738228206555139", "entities": {"annotations": [{"start": 54, "end": 66, "probability": 0.9972, "type": "Person", "normalized_text": "Mario Delgado"}, {"start": 100, "end": 108, "probability": 0.894, "type": "Person", "normalized_text": "Clara Luz"}, {"start": 141, "end": 150, "probability": 0.7454, "type": "Place", "normalized_text": "Nuevo Le\u00f3n"}]}, "public_metrics": {"retweet_count": 0, "reply_count": 0, "like_count": 0, "quote_count": 0}}, "includes": {"users": [{"public_metrics": {"followers_count": 2160, "following_count": 1484, "tweet_count": 10260, "listed_count": 2}, "name": "Karla A. Res\u00e9ndez Amlover 4T\ud83d\udee1\ud83c\uddf2\ud83c\uddfd", "id": "477167923", "username": "karlaresendezn", "verified": false, "created_at": "2012-01-28T22:28:13.000Z", "protected": false, "location": "M\u00e9xico", "description": "Muy bendecida! En contra de las injusticias. Orgullosamente patriota Mexicana. Bienvenido el cambio! Bienvenidas las bendiciones para todos! arriba la 4T!"}]}, "matching_rules": [{"id": 1401678016993017863, "tag": "Clara Luz"}]}