{"data": {"entities": {"mentions": [{"start": 3, "end": 18, "username": "QuesaVerdadess"}, {"start": 30, "end": 45, "username": "samuel_garcias"}], "urls": [{"start": 106, "end": 129, "url": "https://t.co/CLwHFyxMqe", "expanded_url": "https://twitter.com/QuesaVerdadess/status/1401719085533126657/photo/1", "display_url": "pic.twitter.com/CLwHFyxMqe"}], "annotations": [{"start": 94, "end": 103, "probability": 0.7878, "type": "Place", "normalized_text": "Nuevo Le\u00f3n"}]}, "source": "Twitter for iPad", "created_at": "2021-06-07T03:10:23.000Z", "author_id": "1003176752850628613", "attachments": {"media_keys": ["3_1401719083549274112"]}, "text": "RT @QuesaVerdadess: Si \"gana\" @samuel_garcias todos los dem\u00e1s estados del pa\u00eds con respecto a Nuevo Le\u00f3n: https://t.co/CLwHFyxMqe", "id": "1401738279574290432", "referenced_tweets": [{"type": "retweeted", "id": "1401719085533126657"}], "public_metrics": {"retweet_count": 114, "reply_count": 0, "like_count": 0, "quote_count": 0}}, "includes": {"users": [{"public_metrics": {"followers_count": 139, "following_count": 579, "tweet_count": 10243, "listed_count": 0}, "name": "Chucky", "id": "1003176752850628613", "username": "Chucky79016699", "verified": false, "created_at": "2018-06-03T07:29:10.000Z", "protected": false, "description": ""}]}, "matching_rules": [{"id": 1401678016993017864, "tag": "Samuel Garcia"}]}