{"data": {"entities": {"mentions": [{"start": 0, "end": 15, "username": "samuel_garcias"}]}, "source": "Twitter for Android", "created_at": "2021-06-07T03:10:55.000Z", "author_id": "135676561", "text": "@samuel_garcias Mentalidad  de regio", "id": "1401738415318654977", "referenced_tweets": [{"type": "replied_to", "id": "1401734693049946115"}], "public_metrics": {"retweet_count": 0, "reply_count": 0, "like_count": 0, "quote_count": 0}, "in_reply_to_user_id": "258973851"}, "includes": {"users": [{"public_metrics": {"followers_count": 354, "following_count": 4689, "tweet_count": 2560, "listed_count": 0}, "name": "carlos", "id": "135676561", "username": "cila_666", "verified": false, "created_at": "2010-04-22T00:13:51.000Z", "protected": false, "location": "Santa Catarina, Nuevo Le\u00f3n", "description": ""}]}, "matching_rules": [{"id": 1401678016993017864, "tag": "Samuel Garcia"}]}