{"data": {"entities": {"mentions": [{"start": 3, "end": 12, "username": "Chokko30"}, {"start": 93, "end": 108, "username": "samuel_garcias"}], "annotations": [{"start": 49, "end": 62, "probability": 0.3971, "type": "Person", "normalized_text": "Nuevoleonenses"}]}, "source": "Twitter Web App", "created_at": "2021-06-07T03:11:49.000Z", "author_id": "1217977429098188805", "text": "RT @Chokko30: Aqu\u00ed les tra\u00edgo su medicina a esos Nuevoleonenses que votaron por este Pendej0 @samuel_garcias \n\n\u00bfCuantas cajas quieren? Son\u2026", "id": "1401738640838045696", "referenced_tweets": [{"type": "retweeted", "id": "1401717971077058563"}], "public_metrics": {"retweet_count": 69, "reply_count": 0, "like_count": 0, "quote_count": 0}}, "includes": {"users": [{"public_metrics": {"followers_count": 1060, "following_count": 943, "tweet_count": 20398, "listed_count": 2}, "name": "Pantoea sp.", "id": "1217977429098188805", "username": "PantoeaS", "verified": false, "created_at": "2020-01-17T01:10:36.000Z", "protected": false, "description": "PhD. Natural sciences."}]}, "matching_rules": [{"id": 1401678016993017864, "tag": "Samuel Garcia"}]}