{"data": {"entities": {"mentions": [{"start": 0, "end": 16, "username": "AdrianDeLaGarza"}]}, "source": "Twitter for iPhone", "created_at": "2021-06-07T03:12:31.000Z", "author_id": "265307869", "text": "@AdrianDeLaGarza Has perdido!!! Ac\u00e9ptelo, esta derrotada ni en tribunales te la quitar\u00e1n!!!!", "id": "1401738817502171137", "referenced_tweets": [{"type": "replied_to", "id": "1401679458277412866"}], "public_metrics": {"retweet_count": 0, "reply_count": 0, "like_count": 0, "quote_count": 0}, "in_reply_to_user_id": "2357040230"}, "includes": {"users": [{"public_metrics": {"followers_count": 130, "following_count": 461, "tweet_count": 3712, "listed_count": 4}, "name": "Rodolfo S\u00e1nchez", "id": "265307869", "username": "orsanrodo", "verified": false, "created_at": "2011-03-13T10:12:47.000Z", "protected": false, "location": "Amarillo, TX", "description": "It's on you, always has been, always will be."}]}, "matching_rules": [{"id": 1401678016993017861, "tag": "Adrian de la Garza"}]}