{"data": {"entities": {"mentions": [{"start": 3, "end": 16, "username": "TooN69952044"}, {"start": 18, "end": 28, "username": "vayalamty"}, {"start": 29, "end": 45, "username": "AdrianDeLaGarza"}, {"start": 46, "end": 61, "username": "samuel_garcias"}, {"start": 62, "end": 74, "username": "MtyFollowMx"}, {"start": 75, "end": 91, "username": "josuegonzaleztv"}, {"start": 92, "end": 101, "username": "cesarmty"}, {"start": 102, "end": 114, "username": "VecinoRegi0"}, {"start": 115, "end": 126, "username": "Mty_Leones"}]}, "source": "Twitter for iPhone", "created_at": "2021-06-07T03:12:50.000Z", "author_id": "128611100", "text": "RT @TooN69952044: @vayalamty @AdrianDeLaGarza @samuel_garcias @MtyFollowMx @josuegonzaleztv @cesarmty @VecinoRegi0 @Mty_Leones @aztecacomun\u2026", "id": "1401738895713312768", "referenced_tweets": [{"type": "retweeted", "id": "1401689888219611136"}], "public_metrics": {"retweet_count": 1, "reply_count": 0, "like_count": 0, "quote_count": 0}}, "includes": {"users": [{"public_metrics": {"followers_count": 72512, "following_count": 412, "tweet_count": 27042, "listed_count": 150}, "name": "Jes\u00fas Blanco Dur\u00e1n", "id": "128611100", "username": "blancoduran", "verified": true, "created_at": "2010-04-01T17:01:00.000Z", "protected": false, "location": "M\u00e9xico", "description": "Polit\u00f3logo, Abogado, Maestro y en mis ratos libres tambien tuiteo."}]}, "matching_rules": [{"id": 1401678016993017864, "tag": "Samuel Garcia"}, {"id": 1401678016993017861, "tag": "Adrian de la Garza"}]}