{"data": {"entities": {"mentions": [{"start": 3, "end": 17, "username": "GustavoRocMtz"}], "annotations": [{"start": 19, "end": 36, "probability": 0.6831, "type": "Place", "normalized_text": "Colonia Las Palmas"}, {"start": 39, "end": 50, "probability": 0.3311, "type": "Place", "normalized_text": "Garc\u00eda, N.L."}, {"start": 75, "end": 87, "probability": 0.3657, "type": "Place", "normalized_text": "Tacoma blanca"}]}, "source": "Twitter for Android", "created_at": "2021-06-07T03:13:15.000Z", "author_id": "534715029", "text": "RT @GustavoRocMtz: Colonia Las Palmas, Garc\u00eda, N.L. reportan una camioneta Tacoma blanca, con personas armadas a bordo impidiendo que las p\u2026", "id": "1401738999086170117", "referenced_tweets": [{"type": "retweeted", "id": "1401635123439751169"}], "public_metrics": {"retweet_count": 167, "reply_count": 0, "like_count": 0, "quote_count": 0}}, "includes": {"users": [{"public_metrics": {"followers_count": 2602, "following_count": 2731, "tweet_count": 151794, "listed_count": 34}, "name": "March", "id": "534715029", "username": "mag_tomes", "verified": false, "created_at": "2012-03-23T19:05:58.000Z", "protected": false, "location": "cualquier parte de M\u00e9xico.", "description": ""}]}, "matching_rules": [{"id": 1401678016993017861, "tag": "Adrian de la Garza"}]}