{"data": {"entities": {"mentions": [{"start": 3, "end": 15, "username": "CarlosLoret"}], "annotations": [{"start": 69, "end": 76, "probability": 0.5697, "type": "Person", "normalized_text": "casillas"}]}, "source": "Twitter Web App", "created_at": "2021-06-07T03:13:28.000Z", "author_id": "1010257034015633413", "text": "RT @CarlosLoret: \u201cEn nuestros conteos vamos arriba 10. 5 puntos, las casillas cerraron tarde por eso se puede extender m\u00e1s tiempo para que\u2026", "id": "1401739054589353985", "context_annotations": [{"domain": {"id": "10", "name": "Person", "description": "Named people in the world like Nelson Mandela"}, "entity": {"id": "809506024583360512", "name": "Carlos Loret de Mola", "description": "Carlos Loret de Mola"}}, {"domain": {"id": "94", "name": "Journalist", "description": "A journalist like 'Anderson Cooper'"}, "entity": {"id": "809506024583360512", "name": "Carlos Loret de Mola", "description": "Carlos Loret de Mola"}}], "referenced_tweets": [{"type": "retweeted", "id": "1401737928913604611"}], "public_metrics": {"retweet_count": 5, "reply_count": 0, "like_count": 0, "quote_count": 0}}, "includes": {"users": [{"public_metrics": {"followers_count": 125, "following_count": 2219, "tweet_count": 11600, "listed_count": 0}, "name": "Oscar Cruz Aceves", "id": "1010257034015633413", "username": "OSCARCRUZACEVES", "verified": false, "created_at": "2018-06-22T20:23:41.000Z", "protected": false, "location": "Jalisco, M\u00e9xico", "description": "Voto por el partido MC promueve la Educaci\u00f3n en L\u00ednea \ud83d\udc68\u200d\ud83d\udcbb\ud83d\udc68\u200d\ud83d\udcbb. Estudi\u00f3 la Lic en \"Administraci\u00f3n 7/8 Escribo en mi blog de abajo\u2b07\ufe0f\u2b07\ufe0f \"Sal de la rutina\""}]}, "matching_rules": [{"id": 1401678016993017864, "tag": "Samuel Garcia"}]}