{"data": {"entities": {"mentions": [{"start": 3, "end": 18, "username": "QuesaVerdadess"}, {"start": 55, "end": 70, "username": "samuel_garcias"}], "annotations": [{"start": 89, "end": 98, "probability": 0.4707, "type": "Place", "normalized_text": "Nuevo Le\u00f3n"}]}, "source": "Twitter for Android", "created_at": "2021-06-07T03:14:06.000Z", "author_id": "1394061448092033024", "text": "RT @QuesaVerdadess: Enserio que si \"gan\u00f3\" el inepto de @samuel_garcias la gubernatura de Nuevo Le\u00f3n deber\u00edamos de sacar a ese estado de la\u2026", "id": "1401739216552448006", "referenced_tweets": [{"type": "retweeted", "id": "1401714615369752579"}], "public_metrics": {"retweet_count": 177, "reply_count": 0, "like_count": 0, "quote_count": 0}}, "includes": {"users": [{"public_metrics": {"followers_count": 14, "following_count": 57, "tweet_count": 299, "listed_count": 0}, "name": "Vicky Olvera", "id": "1394061448092033024", "username": "VickyOlvera9", "verified": false, "created_at": "2021-05-16T22:46:18.000Z", "protected": false, "description": "soy la mam\u00e1 y amo a mis tres hijos y a mis cuatro nietos"}]}, "matching_rules": [{"id": 1401678016993017864, "tag": "Samuel Garcia"}]}