{"data": {"entities": {"mentions": [{"start": 0, "end": 14, "username": "luchovazquezg"}, {"start": 15, "end": 25, "username": "isvrayado"}, {"start": 26, "end": 41, "username": "samuel_garcias"}]}, "source": "Twitter for Android", "created_at": "2021-06-07T03:17:27.000Z", "author_id": "1287236329168932864", "text": "@luchovazquezg @isvrayado @samuel_garcias Por lo visto ya le hablaste a otro mayaton para que venga a ayudarte, jajajaja par de mierdas!! Jajajaja de ustedes dos, no se hace uno s\u00f3lo. Dej\u00e9mos que las se\u00f1oritas se p\u00edquen la cola agusto.", "id": "1401740058915270658", "referenced_tweets": [{"type": "replied_to", "id": "1401736384801509377"}], "public_metrics": {"retweet_count": 0, "reply_count": 0, "like_count": 0, "quote_count": 0}, "in_reply_to_user_id": "1105557278177013762"}, "includes": {"users": [{"public_metrics": {"followers_count": 585, "following_count": 1447, "tweet_count": 2333, "listed_count": 0}, "name": "La Santa de Cabora", "id": "1287236329168932864", "username": "LCabora", "verified": false, "created_at": "2020-07-26T04:01:00.000Z", "protected": false, "location": "Tomochic, Chihuahua ", "description": "T\u00d3XICA EN POTENCIA, es mi deporte y mi pasi\u00f3n, A la \u00f3rden para arrimar Periodicazos en el Hocico, PODEROSA VIEJA FIF\u00cd! Tec de Monterrey!!"}]}, "matching_rules": [{"id": 1401678016993017864, "tag": "Samuel Garcia"}]}