{"data": {"entities": {"mentions": [{"start": 0, "end": 8, "username": "ZMyBerg"}, {"start": 9, "end": 25, "username": "FerLarrazabalNL"}, {"start": 26, "end": 42, "username": "AdrianDeLaGarza"}, {"start": 43, "end": 59, "username": "FerLarrazabalNL"}], "annotations": [{"start": 87, "end": 88, "probability": 0.5172, "type": "Place", "normalized_text": "NL"}]}, "source": "Twitter for Android", "created_at": "2021-06-07T03:17:50.000Z", "author_id": "2292954830", "text": "@ZMyBerg @FerLarrazabalNL @AdrianDeLaGarza @FerLarrazabalNL es un tra\u00eddor al pueblo de NL, se dijo y se sostiene. Traidor.", "id": "1401740153232760838", "referenced_tweets": [{"type": "replied_to", "id": "1401682421146398720"}], "public_metrics": {"retweet_count": 0, "reply_count": 0, "like_count": 0, "quote_count": 0}, "in_reply_to_user_id": "1322571595458772997"}, "includes": {"users": [{"public_metrics": {"followers_count": 89, "following_count": 456, "tweet_count": 6433, "listed_count": 1}, "name": "Luis", "id": "2292954830", "username": "liusjr", "verified": false, "created_at": "2014-01-15T16:29:10.000Z", "protected": false, "location": "M\u00e9xico D.F.", "description": "Arquitecto por la Universidad Nacional Aut\u00f3noma de M\u00e9xico."}]}, "matching_rules": [{"id": 1401678016993017862, "tag": "Fernando Larrazabal"}, {"id": 1401678016993017861, "tag": "Adrian de la Garza"}]}