{"data": {"entities": {"hashtags": [{"start": 27, "end": 32, "tag": "PREP"}], "mentions": [{"start": 3, "end": 16, "username": "arandatamayo"}], "annotations": [{"start": 51, "end": 63, "probability": 0.9884, "type": "Person", "normalized_text": "Samuel Garc\u00eda"}, {"start": 70, "end": 87, "probability": 0.5884, "type": "Person", "normalized_text": "Adri\u00e1n de la Garza"}, {"start": 93, "end": 112, "probability": 0.4907, "type": "Person", "normalized_text": "Fernando Larrazabal"}, {"start": 119, "end": 134, "probability": 0.3427, "type": "Person", "normalized_text": "Clara Luz Flores"}]}, "source": "Twitter for Android", "created_at": "2021-06-07T03:17:59.000Z", "author_id": "72386578", "text": "RT @arandatamayo: Seg\u00fan el #PREP en este momento:\n\nSamuel Garc\u00eda: 37%\nAdri\u00e1n de la Garza: 29%\nFernando Larrazabal: 17%\nClara Luz Flores: 13\u2026", "id": "1401740191379951617", "referenced_tweets": [{"type": "retweeted", "id": "1401715956888571914"}], "public_metrics": {"retweet_count": 125, "reply_count": 0, "like_count": 0, "quote_count": 0}}, "includes": {"users": [{"public_metrics": {"followers_count": 191, "following_count": 1000, "tweet_count": 11838, "listed_count": 0}, "name": "Ary Garc\u00eda", "id": "72386578", "username": "sakuhinakane", "verified": false, "created_at": "2009-09-07T21:27:43.000Z", "protected": false, "description": "Criminologa, Feminista, So\u00f1adora, Aventurera, intensa y apasionada a vivir."}]}, "matching_rules": [{"id": 1401678016993017862, "tag": "Fernando Larrazabal"}, {"id": 1401678016993017863, "tag": "Clara Luz"}]}