{"data": {"entities": {"mentions": [{"start": 0, "end": 15, "username": "samuel_garcias"}]}, "source": "Twitter for Android", "created_at": "2021-06-07T03:18:54.000Z", "author_id": "202156405", "text": "@samuel_garcias Un verdadero asco, pero si votaron por un tipo que se hace llamar \"el bronco\" \u00bfQu\u00e9 se pod\u00eda esperar?", "id": "1401740421622124547", "context_annotations": [{"domain": {"id": "10", "name": "Person", "description": "Named people in the world like Nelson Mandela"}, "entity": {"id": "928660638741565440", "name": "Jaime Rodr\u00edguez Calder\u00f3n", "description": "Jaime Rdz El Bronco"}}, {"domain": {"id": "35", "name": "Politician", "description": "Politicians in the world, like Joe Biden"}, "entity": {"id": "928660638741565440", "name": "Jaime Rodr\u00edguez Calder\u00f3n", "description": "Jaime Rdz El Bronco"}}], "referenced_tweets": [{"type": "replied_to", "id": "1401734693049946115"}], "public_metrics": {"retweet_count": 0, "reply_count": 0, "like_count": 0, "quote_count": 0}, "in_reply_to_user_id": "258973851"}, "includes": {"users": [{"public_metrics": {"followers_count": 1252, "following_count": 1311, "tweet_count": 4664, "listed_count": 1}, "name": "Mart\u00edn Luna", "id": "202156405", "username": "baritonoluna", "verified": false, "created_at": "2010-10-13T12:36:11.000Z", "protected": false, "description": "#RedAmlo#OperaDeBellasArtes#Baritono#49ers#Chivas \ud83d\udeb4\ud83c\udffb\u200d\u2642\ufe0f NO DM"}]}, "matching_rules": [{"id": 1401678016993017864, "tag": "Samuel Garcia"}]}