{"data": {"entities": {"mentions": [{"start": 3, "end": 12, "username": "lorogomo"}], "urls": [{"start": 56, "end": 79, "url": "https://t.co/GspoZabY2z", "expanded_url": "https://twitter.com/lorogomo/status/1401681058597310469/photo/1", "display_url": "pic.twitter.com/GspoZabY2z"}], "annotations": [{"start": 46, "end": 54, "probability": 0.8815, "type": "Person", "normalized_text": "Clara Luz"}]}, "source": "Twitter for Android", "created_at": "2021-06-07T03:18:56.000Z", "author_id": "52588600", "attachments": {"media_keys": ["16_1401681046442237956"]}, "text": "RT @lorogomo: Todos diciendo que ya ganaron y Clara Luz https://t.co/GspoZabY2z", "id": "1401740430593642498", "referenced_tweets": [{"type": "retweeted", "id": "1401681058597310469"}], "public_metrics": {"retweet_count": 132, "reply_count": 0, "like_count": 0, "quote_count": 0}}, "includes": {"users": [{"public_metrics": {"followers_count": 268, "following_count": 304, "tweet_count": 21626, "listed_count": 3}, "name": "Javier Vd\u00ae", "id": "52588600", "username": "JavierVdavila", "verified": false, "created_at": "2009-07-01T01:23:54.000Z", "protected": false, "location": "Saltillo, Coahuila de Zaragoza", "description": "Saltillense!!\ud83c\uddf2\ud83c\uddfd Arriba el norte chingao!!!!#ArribaElMonterrey #HereWeGo #CitizenFan\n#VotoUtil2021"}]}, "matching_rules": [{"id": 1401678016993017863, "tag": "Clara Luz"}]}