{"data": {"entities": {"mentions": [{"start": 3, "end": 18, "username": "samuel_garcias"}], "urls": [{"start": 76, "end": 99, "url": "https://t.co/tmWbH4hqDR", "expanded_url": "https://twitter.com/samuel_garcias/status/1401721999869628419/photo/1", "display_url": "pic.twitter.com/tmWbH4hqDR"}], "annotations": [{"start": 64, "end": 73, "probability": 0.6481, "type": "Place", "normalized_text": "Nuevo Le\u00f3n"}]}, "source": "Twitter for Android", "created_at": "2021-06-07T03:19:36.000Z", "author_id": "4726503474", "attachments": {"media_keys": ["3_1401721989002264576"]}, "text": "RT @samuel_garcias: \u00a1Gracias, juntos vamos a construir un nuevo Nuevo Le\u00f3n! https://t.co/tmWbH4hqDR", "id": "1401740597950566400", "referenced_tweets": [{"type": "retweeted", "id": "1401721999869628419"}], "public_metrics": {"retweet_count": 110, "reply_count": 0, "like_count": 0, "quote_count": 0}}, "includes": {"users": [{"public_metrics": {"followers_count": 396, "following_count": 660, "tweet_count": 1272, "listed_count": 0}, "name": "Jahirssen \u24c2\ufe0f #FueraManosGuangas", "id": "4726503474", "username": "Jahir7_", "verified": false, "created_at": "2016-01-08T04:06:57.000Z", "protected": false, "location": "Monterrey, Nuevo Le\u00f3n", "description": "HINCHA DEL M\u00c1S CAMPE\u00d3N DE NUEVO LE\u00d3N \ud83c\uddeb\ud83c\uddee \ud83c\uddf2\ud83c\uddfd \ud83c\udf1f\ud83c\udf1f\u2b50\u2b50\u2b50\u2b50\u2b50\ud83c\udf1f\ud83c\udf1f\ud83c\uddef\ud83c\uddf5 \ud83c\uddf2\ud83c\udde6 \ud83c\udde7\ud83c\udded"}]}, "matching_rules": [{"id": 1401678016993017864, "tag": "Samuel Garcia"}]}