{"data": {"entities": {"mentions": [{"start": 56, "end": 72, "username": "AdrianDeLaGarza"}], "urls": [{"start": 73, "end": 96, "url": "https://t.co/KV2WPXLTrM", "expanded_url": "https://twitter.com/JesusChuyCon/status/1401740812761939970/photo/1", "display_url": "pic.twitter.com/KV2WPXLTrM"}]}, "source": "Twitter for Android", "created_at": "2021-06-07T03:20:27.000Z", "author_id": "1397008849958227968", "attachments": {"media_keys": ["3_1401740810723409924"]}, "text": "Nuevo Le\u00f3n Te felicita por ser nuestro Nuevo gobernador @AdrianDeLaGarza https://t.co/KV2WPXLTrM", "id": "1401740812761939970", "public_metrics": {"retweet_count": 0, "reply_count": 0, "like_count": 0, "quote_count": 0}}, "includes": {"users": [{"public_metrics": {"followers_count": 106, "following_count": 326, "tweet_count": 722, "listed_count": 0}, "name": "Jesus Contreras", "id": "1397008849958227968", "username": "JesusChuyCon", "verified": false, "created_at": "2021-05-25T01:57:26.000Z", "protected": false, "description": "Egresado de la UANL, Tigre de Corazon"}]}, "matching_rules": [{"id": 1401678016993017861, "tag": "Adrian de la Garza"}]}