{"data": {"entities": {"mentions": [{"start": 3, "end": 15, "username": "luisghernan"}, {"start": 32, "end": 47, "username": "claraluzflores"}, {"start": 93, "end": 109, "username": "PartidoMorenaMx"}]}, "source": "Twitter Web App", "created_at": "2021-06-07T03:21:07.000Z", "author_id": "2867965691", "text": "RT @luisghernan: Esta noche...\n\n@claraluzflores se convierte en el \n\nFRACASO M\u00c1S GRANDE \n\nde @PartidoMorenaMx \n\nSe hunde hasta el CUARTO LU\u2026", "id": "1401740982161391617", "referenced_tweets": [{"type": "retweeted", "id": "1401682306738294785"}], "public_metrics": {"retweet_count": 159, "reply_count": 0, "like_count": 0, "quote_count": 0}}, "includes": {"users": [{"public_metrics": {"followers_count": 614, "following_count": 777, "tweet_count": 69881, "listed_count": 13}, "name": "Roc\u00edo", "id": "2867965691", "username": "RocioRitzay", "verified": false, "created_at": "2014-11-08T21:15:03.000Z", "protected": false, "description": "Porque no basta con ser, hay que estar"}]}, "matching_rules": [{"id": 1401678016993017863, "tag": "Clara Luz"}]}