{"data": {"entities": {"mentions": [{"start": 3, "end": 14, "username": "DIVALUSTAR"}], "annotations": [{"start": 29, "end": 41, "probability": 0.9964, "type": "Person", "normalized_text": "Mario Delgado"}, {"start": 106, "end": 114, "probability": 0.9152, "type": "Person", "normalized_text": "Clara Luz"}]}, "source": "Twitter for iPhone", "created_at": "2021-06-07T03:23:44.000Z", "author_id": "940255773912981506", "text": "RT @DIVALUSTAR: Espero que a Mario Delgado le haya quedado claro que desde el inicio la gente no acept\u00f3 a Clara Luz y si se perdi\u00f3 fue por\u2026", "id": "1401741640360923138", "referenced_tweets": [{"type": "retweeted", "id": "1401734871131828228"}], "public_metrics": {"retweet_count": 29, "reply_count": 0, "like_count": 0, "quote_count": 0}}, "includes": {"users": [{"public_metrics": {"followers_count": 2511, "following_count": 2612, "tweet_count": 43006, "listed_count": 3}, "name": "Miriam \ud83c\uddf2\ud83c\uddfd\ud83c\uddf2\ud83c\uddfd\ud83c\uddf2\ud83c\uddfd", "id": "940255773912981506", "username": "MirianCalderonc", "verified": false, "created_at": "2017-12-11T16:23:40.000Z", "protected": false, "location": "M\u00e9xico", "description": "Dios,Familia,Trabajo. #AMLOEstamosContigo"}]}, "matching_rules": [{"id": 1401678016993017863, "tag": "Clara Luz"}]}