{"data": {"entities": {"mentions": [{"start": 0, "end": 12, "username": "NunzGerardo"}, {"start": 13, "end": 29, "username": "AdrianDeLaGarza"}, {"start": 30, "end": 46, "username": "AdrianDeLaGarza"}]}, "source": "Twitter for Android", "created_at": "2021-06-07T03:24:28.000Z", "author_id": "1363977317584896000", "text": "@NunzGerardo @AdrianDeLaGarza @AdrianDeLaGarza es la mejor opci\u00f3n y el pueblo lo sabe", "id": "1401741822712496129", "referenced_tweets": [{"type": "replied_to", "id": "1401739610712068097"}], "public_metrics": {"retweet_count": 0, "reply_count": 0, "like_count": 0, "quote_count": 0}, "in_reply_to_user_id": "1389687721799602180"}, "includes": {"users": [{"public_metrics": {"followers_count": 130, "following_count": 264, "tweet_count": 416, "listed_count": 0}, "name": "Alma", "id": "1363977317584896000", "username": "Soul_rbk20", "verified": false, "created_at": "2021-02-22T22:22:07.000Z", "protected": false, "description": "Yes, I am."}]}, "matching_rules": [{"id": 1401678016993017861, "tag": "Adrian de la Garza"}]}