{"data": {"entities": {"hashtags": [{"start": 26, "end": 43, "tag": "ClaraGobernadora"}], "mentions": [{"start": 0, "end": 8, "username": "elnorte"}]}, "source": "Twitter for iPhone", "created_at": "2021-06-07T03:24:39.000Z", "author_id": "218233289", "text": "@elnorte Es evidente gan\u00f3 #ClaraGobernadora  \u2026 los hambreados y narcos\u2026 perdieron \ud83d\ude39\ud83d\ude39\ud83d\ude39\ud83d\ude39\ud83d\ude39\ud83d\ude39\ud83d\ude39\ud83d\ude39\ud83d\ude39\ud83d\ude39\ud83d\ude39\ud83d\ude39\ud83d\ude39\ud83d\ude39", "id": "1401741869697142784", "context_annotations": [{"domain": {"id": "3", "name": "TV Shows", "description": "Television shows from around the world"}, "entity": {"id": "10028312044", "name": "Narcos (Netflix)"}}, {"domain": {"id": "3", "name": "TV Shows", "description": "Television shows from around the world"}, "entity": {"id": "10040067950", "name": "Narcos"}}], "referenced_tweets": [{"type": "replied_to", "id": "1401735803370455043"}], "public_metrics": {"retweet_count": 0, "reply_count": 0, "like_count": 0, "quote_count": 0}, "in_reply_to_user_id": "41925129"}, "includes": {"users": [{"public_metrics": {"followers_count": 665, "following_count": 922, "tweet_count": 9168, "listed_count": 4}, "name": "La Regia", "id": "218233289", "username": "LaRegia63", "verified": false, "created_at": "2010-11-21T19:57:22.000Z", "protected": false, "description": "Biolog\u00eda y Turismo . La Honestidad y la Justicia, hace personas libres. No DM"}]}, "matching_rules": [{"id": 1401678016993017863, "tag": "Clara Luz"}]}