{"data": {"entities": {"mentions": [{"start": 3, "end": 18, "username": "claraluzflores"}]}, "source": "Twitter for Android", "created_at": "2021-06-07T03:25:56.000Z", "author_id": "1368456801012699140", "text": "RT @claraluzflores: Concluye la jornada electoral. Esperar\u00e9 con responsabilidad los resultados que emitan las autoridades electorales; los\u2026", "id": "1401742194072039428", "referenced_tweets": [{"type": "retweeted", "id": "1401692802854047745"}], "public_metrics": {"retweet_count": 161, "reply_count": 0, "like_count": 0, "quote_count": 0}}, "includes": {"users": [{"public_metrics": {"followers_count": 1847, "following_count": 4624, "tweet_count": 23134, "listed_count": 0}, "name": "Jonabed martinez", "id": "1368456801012699140", "username": "JonabedMartinez", "verified": false, "created_at": "2021-03-07T07:01:51.000Z", "protected": false, "description": "Coleccionista de Sonrisas"}]}, "matching_rules": [{"id": 1401678016993017863, "tag": "Clara Luz"}]}