{"data": {"entities": {"mentions": [{"start": 45, "end": 61, "username": "AdrianDeLaGarza"}], "urls": [{"start": 62, "end": 85, "url": "https://t.co/YSTvX2FiLO", "expanded_url": "https://twitter.com/DiegoAlcanX/status/1401742213923540997/photo/1", "display_url": "pic.twitter.com/YSTvX2FiLO"}], "annotations": [{"start": 22, "end": 31, "probability": 0.921, "type": "Place", "normalized_text": "Nuevo Le\u00f3n"}]}, "source": "Twitter for Android", "created_at": "2021-06-07T03:26:01.000Z", "author_id": "1392137749407223818", "attachments": {"media_keys": ["3_1401742202238238723"]}, "text": "Muy felices de que en Nuevo Le\u00f3n haya ganado @AdrianDeLaGarza https://t.co/YSTvX2FiLO", "id": "1401742213923540997", "public_metrics": {"retweet_count": 0, "reply_count": 0, "like_count": 0, "quote_count": 0}}, "includes": {"users": [{"public_metrics": {"followers_count": 114, "following_count": 223, "tweet_count": 1516, "listed_count": 1}, "name": "Diego Alcantar", "id": "1392137749407223818", "username": "DiegoAlcanX", "verified": false, "created_at": "2021-05-11T15:21:31.000Z", "protected": false, "description": "Me gusta hablar de politica"}]}, "matching_rules": [{"id": 1401678016993017861, "tag": "Adrian de la Garza"}]}