{"data": {"entities": {"mentions": [{"start": 3, "end": 18, "username": "eduardoavelarc"}], "urls": [{"start": 104, "end": 127, "url": "https://t.co/SdpbLvbLJc", "expanded_url": "https://twitter.com/eduardoavelarc/status/1401698749265723392/photo/1", "display_url": "pic.twitter.com/SdpbLvbLJc"}], "annotations": [{"start": 21, "end": 33, "probability": 0.9969, "type": "Person", "normalized_text": "Samuel Garcia"}, {"start": 58, "end": 67, "probability": 0.3195, "type": "Person", "normalized_text": "Nuevo Leon"}, {"start": 92, "end": 101, "probability": 0.2994, "type": "Person", "normalized_text": "Nuevo Leon"}]}, "source": "Twitter for iPhone", "created_at": "2021-06-07T03:26:50.000Z", "author_id": "1881184940", "attachments": {"media_keys": ["3_1401698745775968259"]}, "text": "RT @eduardoavelarc: *Samuel Garcia gana la gobernatura de Nuevo Leon*\n\n-Los que no somos de Nuevo Leon: https://t.co/SdpbLvbLJc", "id": "1401742417133441024", "referenced_tweets": [{"type": "retweeted", "id": "1401698749265723392"}], "public_metrics": {"retweet_count": 261, "reply_count": 0, "like_count": 0, "quote_count": 0}}, "includes": {"users": [{"public_metrics": {"followers_count": 27, "following_count": 113, "tweet_count": 182, "listed_count": 0}, "name": "Dan\ud83d\udc09", "id": "1881184940", "username": "dan_0407", "verified": false, "created_at": "2013-09-18T23:09:27.000Z", "protected": false, "description": "In progress\u2728"}]}, "matching_rules": [{"id": 1401678016993017864, "tag": "Samuel Garcia"}]}