{"data": {"entities": {"mentions": [{"start": 3, "end": 18, "username": "QuesaVerdadess"}, {"start": 55, "end": 70, "username": "samuel_garcias"}], "annotations": [{"start": 89, "end": 98, "probability": 0.4707, "type": "Place", "normalized_text": "Nuevo Le\u00f3n"}]}, "source": "Twitter for Android", "created_at": "2021-06-07T03:27:05.000Z", "author_id": "1322515777", "text": "RT @QuesaVerdadess: Enserio que si \"gan\u00f3\" el inepto de @samuel_garcias la gubernatura de Nuevo Le\u00f3n deber\u00edamos de sacar a ese estado de la\u2026", "id": "1401742484020080646", "referenced_tweets": [{"type": "retweeted", "id": "1401714615369752579"}], "public_metrics": {"retweet_count": 190, "reply_count": 0, "like_count": 0, "quote_count": 0}}, "includes": {"users": [{"public_metrics": {"followers_count": 858, "following_count": 1444, "tweet_count": 29764, "listed_count": 1}, "name": "Carlin", "id": "1322515777", "username": "Kali45Villareal", "verified": false, "created_at": "2013-04-02T13:38:17.000Z", "protected": false, "location": "San Luis Potos\u00ed, M\u00e9xico", "description": "Se feliz"}]}, "matching_rules": [{"id": 1401678016993017864, "tag": "Samuel Garcia"}]}