{"data": {"entities": {"mentions": [{"start": 0, "end": 15, "username": "samuel_garcias"}]}, "source": "Twitter for Android", "created_at": "2021-06-07T03:27:22.000Z", "author_id": "698380023086993408", "text": "@samuel_garcias Que triste, las personas no entendieron!", "id": "1401742553083482115", "referenced_tweets": [{"type": "replied_to", "id": "1401721999869628419"}], "public_metrics": {"retweet_count": 0, "reply_count": 0, "like_count": 0, "quote_count": 0}, "in_reply_to_user_id": "258973851"}, "includes": {"users": [{"public_metrics": {"followers_count": 2014, "following_count": 2657, "tweet_count": 12384, "listed_count": 1}, "name": "Maria Teresa Chavez\ud83c\udf39", "id": "698380023086993408", "username": "matessa65", "verified": false, "created_at": "2016-02-13T05:35:47.000Z", "protected": false, "location": "Buenaventura Chihuahua ", "description": "Secretaria Ejecutiva tiempo completo. Odio este gobierno, estoy en contra de L\u00f3pez y su dictadura. Al\u00e9rgica a los Chairos!"}]}, "matching_rules": [{"id": 1401678016993017864, "tag": "Samuel Garcia"}]}