{"data": {"entities": {"mentions": [{"start": 0, "end": 14, "username": "MauriJimenezS"}, {"start": 15, "end": 30, "username": "samuel_garcias"}], "annotations": [{"start": 91, "end": 97, "probability": 0.8806, "type": "Place", "normalized_text": "Colosio"}]}, "source": "Twitter for Android", "created_at": "2021-06-07T03:28:20.000Z", "author_id": "1357727622113988610", "text": "@MauriJimenezS @samuel_garcias Se robaron las de alacalde en una colonia que apoya mucho a Colosio.\nLos que la robaron fueron del pri.", "id": "1401742796931874819", "referenced_tweets": [{"type": "replied_to", "id": "1401742291975512069"}], "public_metrics": {"retweet_count": 0, "reply_count": 0, "like_count": 0, "quote_count": 0}, "in_reply_to_user_id": "1390293193988657157"}, "includes": {"users": [{"public_metrics": {"followers_count": 386, "following_count": 402, "tweet_count": 1071, "listed_count": 0}, "name": "KELS \ud83c\udf80 RIBBON", "id": "1357727622113988610", "username": "KelsPrdsdef", "verified": false, "created_at": "2021-02-05T16:27:53.000Z", "protected": false, "description": ""}]}, "matching_rules": [{"id": 1401678016993017864, "tag": "Samuel Garcia"}]}