{"data": {"entities": {"mentions": [{"start": 0, "end": 11, "username": "telloglezz"}, {"start": 41, "end": 56, "username": "samuel_garcias"}]}, "source": "Twitter for Android", "created_at": "2021-06-07T03:30:56.000Z", "author_id": "76268777", "text": "@telloglezz Puro MC y m\u00e1s all\u00e1 en NL con @samuel_garcias", "id": "1401743449964138499", "referenced_tweets": [{"type": "replied_to", "id": "1401636595061690373"}], "public_metrics": {"retweet_count": 0, "reply_count": 0, "like_count": 0, "quote_count": 0}, "in_reply_to_user_id": "130380789"}, "includes": {"users": [{"public_metrics": {"followers_count": 254, "following_count": 681, "tweet_count": 3106, "listed_count": 0}, "name": "Alan Murillo", "id": "76268777", "username": "murillo_alan", "verified": false, "created_at": "2009-09-22T06:36:06.000Z", "protected": false, "location": "GDL-LP ", "description": "Polit\u00f3logo .... Esto es un arte, es tiempo de hacer polit\u00edca profesional... Secretar\u00eda de Educaci\u00f3n Jalisco"}]}, "matching_rules": [{"id": 1401678016993017864, "tag": "Samuel Garcia"}]}