{"data": {"entities": {"mentions": [{"start": 3, "end": 16, "username": "Arezagarduno"}, {"start": 18, "end": 27, "username": "LCUgalde"}, {"start": 28, "end": 43, "username": "samuel_garcias"}]}, "source": "Twitter for Android", "created_at": "2021-06-07T03:31:30.000Z", "author_id": "718709713", "text": "RT @Arezagarduno: @LCUgalde @samuel_garcias La inmadurez e irresponsabilidad.", "id": "1401743593648410625", "referenced_tweets": [{"type": "retweeted", "id": "1401684295203364872"}], "public_metrics": {"retweet_count": 2, "reply_count": 0, "like_count": 0, "quote_count": 0}}, "includes": {"users": [{"public_metrics": {"followers_count": 1114, "following_count": 957, "tweet_count": 87669, "listed_count": 5}, "name": "\ud83c\uddf2\ud83c\uddfd Letty \ud83c\uddf2\ud83c\uddfd", "id": "718709713", "username": "Lettyc25", "verified": false, "created_at": "2012-07-26T20:31:11.000Z", "protected": false, "description": "\u00a1La vida es bella!"}]}, "matching_rules": [{"id": 1401678016993017864, "tag": "Samuel Garcia"}]}