{"data": {"entities": {"mentions": [{"start": 3, "end": 18, "username": "CrisitiBellaka"}], "annotations": [{"start": 58, "end": 67, "probability": 0.6403, "type": "Place", "normalized_text": "Nuevo Le\u00f3n"}]}, "source": "Twitter for Android", "created_at": "2021-06-07T03:31:36.000Z", "author_id": "1390293193988657157", "text": "RT @CrisitiBellaka: Muchas felicidades a mi gobernador de Nuevo Le\u00f3n, merec\u00eda ganar porque realmente es el \u00fanico que tiene la capacidad par\u2026", "id": "1401743617669087233", "referenced_tweets": [{"type": "retweeted", "id": "1401743403851804675"}], "public_metrics": {"retweet_count": 1, "reply_count": 0, "like_count": 0, "quote_count": 0}}, "includes": {"users": [{"public_metrics": {"followers_count": 180, "following_count": 350, "tweet_count": 703, "listed_count": 0}, "name": "Mauricio Jimenez", "id": "1390293193988657157", "username": "MauriJimenezS", "verified": false, "created_at": "2021-05-06T13:11:56.000Z", "protected": false, "location": "Mexico", "description": "Mexa, Chef e inteligente"}]}, "matching_rules": [{"id": 1401678016993017861, "tag": "Adrian de la Garza"}]}