{"data": {"entities": {"mentions": [{"start": 3, "end": 17, "username": "Johnnyvgarcia"}, {"start": 80, "end": 95, "username": "claraluzflores"}]}, "source": "Twitter for iPhone", "created_at": "2021-06-07T03:32:25.000Z", "author_id": "998273000", "text": "RT @Johnnyvgarcia: Desde el inicio de la campa\u00f1a lo dije y lo seguir\u00e9 diciendo. @claraluzflores @tatianaclouthier https://t.co/1Ye0hUzAyj", "id": "1401743825295532036", "referenced_tweets": [{"type": "retweeted", "id": "1401601132737224712"}], "public_metrics": {"retweet_count": 7, "reply_count": 0, "like_count": 0, "quote_count": 0}}, "includes": {"users": [{"public_metrics": {"followers_count": 30, "following_count": 74, "tweet_count": 657, "listed_count": 0}, "name": "Jose Manuel", "id": "998273000", "username": "chepodelatorre1", "verified": false, "created_at": "2012-12-09T00:25:31.000Z", "protected": false, "description": ""}]}, "matching_rules": [{"id": 1401678016993017863, "tag": "Clara Luz"}]}