{"data": {"entities": {"mentions": [{"start": 3, "end": 18, "username": "CrisitiBellaka"}], "annotations": [{"start": 58, "end": 67, "probability": 0.6403, "type": "Place", "normalized_text": "Nuevo Le\u00f3n"}]}, "source": "Twitter for Android", "created_at": "2021-06-07T03:33:04.000Z", "author_id": "1363977317584896000", "text": "RT @CrisitiBellaka: Muchas felicidades a mi gobernador de Nuevo Le\u00f3n, merec\u00eda ganar porque realmente es el \u00fanico que tiene la capacidad par\u2026", "id": "1401743989649334278", "referenced_tweets": [{"type": "retweeted", "id": "1401743403851804675"}], "public_metrics": {"retweet_count": 4, "reply_count": 0, "like_count": 0, "quote_count": 0}}, "includes": {"users": [{"public_metrics": {"followers_count": 130, "following_count": 264, "tweet_count": 422, "listed_count": 0}, "name": "Alma", "id": "1363977317584896000", "username": "Soul_rbk20", "verified": false, "created_at": "2021-02-22T22:22:07.000Z", "protected": false, "description": "Yes, I am."}]}, "matching_rules": [{"id": 1401678016993017861, "tag": "Adrian de la Garza"}]}