{"data": {"entities": {"mentions": [{"start": 14, "end": 29, "username": "samuel_garcias"}], "urls": [{"start": 115, "end": 138, "url": "https://t.co/6mQV0EFuwB", "expanded_url": "https://twitter.com/CarlosBravest/status/1401744217341415425/photo/1", "display_url": "pic.twitter.com/6mQV0EFuwB"}]}, "source": "Twitter for iPhone", "created_at": "2021-06-07T03:33:59.000Z", "author_id": "1010883247960514560", "attachments": {"media_keys": ["16_1401744211284688897"]}, "text": "Felicidades a @samuel_garcias, bueno decimos los \u201cdel centro\u201d que siempre si nos queremos independizar de ustedes. https://t.co/6mQV0EFuwB", "id": "1401744217341415425", "public_metrics": {"retweet_count": 0, "reply_count": 0, "like_count": 0, "quote_count": 0}}, "includes": {"users": [{"public_metrics": {"followers_count": 66, "following_count": 164, "tweet_count": 1035, "listed_count": 0}, "name": "Brav\u00e9 \ud83c\udf3f", "id": "1010883247960514560", "username": "CarlosBravest", "verified": false, "created_at": "2018-06-24T13:52:02.000Z", "protected": false, "location": "Metepec, M\u00e9xico", "description": "Music is time talking to us. Self-Hate"}]}, "matching_rules": [{"id": 1401678016993017864, "tag": "Samuel Garcia"}]}