{"data": {"entities": {"mentions": [{"start": 3, "end": 14, "username": "Papurri691"}, {"start": 59, "end": 74, "username": "samuel_garcias"}], "urls": [{"start": 75, "end": 98, "url": "https://t.co/3Fr0GUqSMO", "expanded_url": "https://twitter.com/Papurri691/status/1401739574137737220/video/1", "display_url": "pic.twitter.com/3Fr0GUqSMO"}]}, "source": "Twitter for Android", "created_at": "2021-06-07T03:34:43.000Z", "author_id": "1386434520497360896", "attachments": {"media_keys": ["7_1401739549219377153"]}, "text": "RT @Papurri691: Indignante este tipo de actos por parte de @samuel_garcias https://t.co/3Fr0GUqSMO", "id": "1401744402721222657", "referenced_tweets": [{"type": "retweeted", "id": "1401739574137737220"}], "public_metrics": {"retweet_count": 9, "reply_count": 0, "like_count": 0, "quote_count": 0}}, "includes": {"users": [{"public_metrics": {"followers_count": 118, "following_count": 242, "tweet_count": 646, "listed_count": 0}, "name": "Sergio Orozco", "id": "1386434520497360896", "username": "SergioOrz1", "verified": false, "created_at": "2021-04-25T21:38:53.000Z", "protected": false, "description": "Seamos amigos \u2764\ufe0f amantes de los animales\ud83d\udc0e\ud83d\udc04 \u2763\ufe0fA\u2763\ufe0f"}]}, "matching_rules": [{"id": 1401678016993017864, "tag": "Samuel Garcia"}]}