{"data": {"entities": {"mentions": [{"start": 3, "end": 18, "username": "QuesaVerdadess"}, {"start": 30, "end": 45, "username": "samuel_garcias"}], "urls": [{"start": 106, "end": 129, "url": "https://t.co/CLwHFyxMqe", "expanded_url": "https://twitter.com/QuesaVerdadess/status/1401719085533126657/photo/1", "display_url": "pic.twitter.com/CLwHFyxMqe"}], "annotations": [{"start": 94, "end": 103, "probability": 0.7878, "type": "Place", "normalized_text": "Nuevo Le\u00f3n"}]}, "source": "Twitter Web App", "created_at": "2021-06-07T03:37:26.000Z", "author_id": "1287154061574168577", "attachments": {"media_keys": ["3_1401719083549274112"]}, "text": "RT @QuesaVerdadess: Si \"gana\" @samuel_garcias todos los dem\u00e1s estados del pa\u00eds con respecto a Nuevo Le\u00f3n: https://t.co/CLwHFyxMqe", "id": "1401745087739031554", "referenced_tweets": [{"type": "retweeted", "id": "1401719085533126657"}], "public_metrics": {"retweet_count": 139, "reply_count": 0, "like_count": 0, "quote_count": 0}}, "includes": {"users": [{"public_metrics": {"followers_count": 111, "following_count": 238, "tweet_count": 2213, "listed_count": 1}, "name": "Jose", "id": "1287154061574168577", "username": "Jose35987304", "verified": false, "created_at": "2020-07-25T22:34:01.000Z", "protected": false, "description": "Con AMLO al 200%"}]}, "matching_rules": [{"id": 1401678016993017864, "tag": "Samuel Garcia"}]}