{"data": {"entities": {"mentions": [{"start": 0, "end": 16, "username": "JuanFcoResendi1"}, {"start": 17, "end": 32, "username": "claraluzflores"}, {"start": 33, "end": 45, "username": "IsmaelRdz33"}, {"start": 90, "end": 105, "username": "claraluzflores"}]}, "source": "Twitter for Android", "created_at": "2021-06-07T03:37:42.000Z", "author_id": "1202062854809161728", "text": "@JuanFcoResendi1 @claraluzflores @IsmaelRdz33 Ya nos dimos cuenta que diosito no quiere a @claraluzflores", "id": "1401745153921110023", "referenced_tweets": [{"type": "replied_to", "id": "1399913526957912065"}], "public_metrics": {"retweet_count": 0, "reply_count": 0, "like_count": 0, "quote_count": 0}, "in_reply_to_user_id": "1313501534894936066"}, "includes": {"users": [{"public_metrics": {"followers_count": 5, "following_count": 91, "tweet_count": 86, "listed_count": 0}, "name": "Tono \ud83d\ude0e", "id": "1202062854809161728", "username": "Florent88249475", "verified": false, "created_at": "2019-12-04T03:11:45.000Z", "protected": false, "description": ""}]}, "matching_rules": [{"id": 1401678016993017863, "tag": "Clara Luz"}]}