{"data": {"entities": {"mentions": [{"start": 0, "end": 16, "username": "angelesleyva761"}, {"start": 17, "end": 32, "username": "QuesaVerdadess"}, {"start": 33, "end": 48, "username": "samuel_garcias"}]}, "source": "Twitter for Android", "created_at": "2021-06-07T03:38:19.000Z", "author_id": "2780751173", "text": "@angelesleyva761 @QuesaVerdadess @samuel_garcias Ah o sea los argumentos solo son los que te convienen?\nTu diste tus datos yo los m\u00edos", "id": "1401745310637084676", "referenced_tweets": [{"type": "replied_to", "id": "1401744750500274181"}], "public_metrics": {"retweet_count": 0, "reply_count": 0, "like_count": 0, "quote_count": 0}, "in_reply_to_user_id": "989879261245911040"}, "includes": {"users": [{"public_metrics": {"followers_count": 170, "following_count": 268, "tweet_count": 125, "listed_count": 0}, "name": "GABO", "id": "2780751173", "username": "DonMesobas", "verified": false, "created_at": "2014-09-23T01:12:24.000Z", "protected": false, "location": "Monterrey, Nuevo Le\u00f3n", "description": "Me tumbaron mi otra cuenta"}]}, "matching_rules": [{"id": 1401678016993017864, "tag": "Samuel Garcia"}]}