{"data": {"entities": {"mentions": [{"start": 3, "end": 13, "username": "Laurarttt"}, {"start": 64, "end": 80, "username": "AdrianDeLaGarza"}], "annotations": [{"start": 39, "end": 48, "probability": 0.6709, "type": "Place", "normalized_text": "Nuevo Le\u00f3n"}]}, "source": "Twitter for iPhone", "created_at": "2021-06-07T03:39:14.000Z", "author_id": "1387854664377552899", "text": "RT @Laurarttt: Hoy vot\u00e9 para mejorar a Nuevo Le\u00f3n, hoy vot\u00e9 por @AdrianDeLaGarza \u00a1S\u00ed se puede y s\u00ed se pudo mi lic! Solo queda seguir dando\u2026", "id": "1401745540057026561", "referenced_tweets": [{"type": "retweeted", "id": "1401742664731594755"}], "public_metrics": {"retweet_count": 15, "reply_count": 0, "like_count": 0, "quote_count": 0}}, "includes": {"users": [{"public_metrics": {"followers_count": 101, "following_count": 112, "tweet_count": 4222, "listed_count": 0}, "name": "Vanessa Sanchez", "id": "1387854664377552899", "username": "VanessaSan102", "verified": false, "created_at": "2021-04-29T19:42:01.000Z", "protected": false, "location": "Monterrey, Nuevo Le\u00f3n", "description": "\ud83d\udccd Monterrey, Nuevo Le\u00f3n"}]}, "matching_rules": [{"id": 1401678016993017861, "tag": "Adrian de la Garza"}]}