{"data": {"entities": {"mentions": [{"start": 3, "end": 19, "username": "rafaelrdz_limon"}], "annotations": [{"start": 24, "end": 26, "probability": 0.786, "type": "Organization", "normalized_text": "INE"}, {"start": 61, "end": 66, "probability": 0.7876, "type": "Person", "normalized_text": "Samuel"}, {"start": 82, "end": 87, "probability": 0.9756, "type": "Person", "normalized_text": "Adri\u00e1n"}, {"start": 105, "end": 113, "probability": 0.8625, "type": "Person", "normalized_text": "Clara Luz"}]}, "source": "Twitter for iPhone", "created_at": "2021-06-07T03:39:43.000Z", "author_id": "3008223114", "text": "RT @rafaelrdz_limon: El INE: Solo puede haber un gobernador.\nSamuel burl\u00e1ndose de Adri\u00e1n que se burla de Clara Luz que se burla de Larraz\u00e1b\u2026", "id": "1401745662539145221", "referenced_tweets": [{"type": "retweeted", "id": "1401725646296977415"}], "public_metrics": {"retweet_count": 12, "reply_count": 0, "like_count": 0, "quote_count": 0}}, "includes": {"users": [{"public_metrics": {"followers_count": 15, "following_count": 80, "tweet_count": 43, "listed_count": 0}, "name": "Gi Rocha", "id": "3008223114", "username": "Ursula_g19", "verified": false, "created_at": "2015-02-02T17:55:10.000Z", "protected": false, "description": ""}]}, "matching_rules": [{"id": 1401678016993017863, "tag": "Clara Luz"}]}