{"data": {"entities": {"mentions": [{"start": 3, "end": 13, "username": "ChicShion"}]}, "source": "Twitter for iPhone", "created_at": "2021-06-07T03:39:49.000Z", "author_id": "1332679922", "text": "RT @ChicShion: Todos uds tambien tiene culpa si se confirma lo de NL\n\nQue tal muy jiji jaja con el fosfo fosfo mont\u00e1ndose en estas estupide\u2026", "id": "1401745686186672135", "referenced_tweets": [{"type": "retweeted", "id": "1401739800206512134"}], "public_metrics": {"retweet_count": 52, "reply_count": 0, "like_count": 0, "quote_count": 0}}, "includes": {"users": [{"public_metrics": {"followers_count": 1812, "following_count": 5001, "tweet_count": 190546, "listed_count": 3}, "name": "Germ\u00e1n Rodr\u00edguez", "id": "1332679922", "username": "clrodrigge", "verified": false, "created_at": "2013-04-06T23:09:12.000Z", "protected": false, "description": "Un Chilango Moreno que estuvo por muchos a\u00f1os en el Cono Sur de nuestra Patria Grande, pero que volvi\u00f3 a su nido!!!"}]}, "matching_rules": [{"id": 1401678016993017863, "tag": "Clara Luz"}]}