{"data": {"entities": {"mentions": [{"start": 3, "end": 16, "username": "chrisrdz1996"}], "annotations": [{"start": 35, "end": 47, "probability": 0.9983, "type": "Person", "normalized_text": "Samuel Garcia"}]}, "source": "Twitter for Android", "created_at": "2021-06-07T03:40:15.000Z", "author_id": "1071602885056548866", "text": "RT @chrisrdz1996: Hoy se decide si Samuel Garcia dura 6 a\u00f1os casado o 6 d\u00edas \ud83d\ude46\ud83c\udffb\u200d\u2642\ufe0f", "id": "1401745797516083200", "referenced_tweets": [{"type": "retweeted", "id": "1401614306827984896"}], "public_metrics": {"retweet_count": 519, "reply_count": 0, "like_count": 0, "quote_count": 0}}, "includes": {"users": [{"public_metrics": {"followers_count": 34, "following_count": 50, "tweet_count": 1428, "listed_count": 0}, "name": "isabel calvillo", "id": "1071602885056548866", "username": "isabelcalvill10", "verified": false, "created_at": "2018-12-09T03:10:11.000Z", "protected": false, "description": "ciudadana de a pie."}]}, "matching_rules": [{"id": 1401678016993017864, "tag": "Samuel Garcia"}]}