{"data": {"entities": {"mentions": [{"start": 0, "end": 10, "username": "Laurarttt"}, {"start": 11, "end": 27, "username": "AdrianDeLaGarza"}, {"start": 106, "end": 122, "username": "AdrianDeLaGarza"}], "annotations": [{"start": 49, "end": 58, "probability": 0.5563, "type": "Place", "normalized_text": "Nuevo Le\u00f3n"}]}, "source": "Twitter for iPhone", "created_at": "2021-06-07T03:41:38.000Z", "author_id": "1394512344311640064", "text": "@Laurarttt @AdrianDeLaGarza Que felicidad ser de Nuevo Le\u00f3n para tener a un gobernante tan preparado como @AdrianDeLaGarza", "id": "1401746143223111682", "referenced_tweets": [{"type": "replied_to", "id": "1401742664731594755"}], "public_metrics": {"retweet_count": 0, "reply_count": 0, "like_count": 0, "quote_count": 0}, "in_reply_to_user_id": "1387855934098132992"}, "includes": {"users": [{"public_metrics": {"followers_count": 84, "following_count": 87, "tweet_count": 1277, "listed_count": 0}, "name": "Pameestradaa", "id": "1394512344311640064", "username": "pameestradaa", "verified": false, "created_at": "2021-05-18T04:37:28.000Z", "protected": false, "description": "\ud83c\uddf2\ud83c\uddfd\ud83e\udd70"}]}, "matching_rules": [{"id": 1401678016993017861, "tag": "Adrian de la Garza"}]}