{"data": {"entities": {"mentions": [{"start": 0, "end": 12, "username": "jc_sanchezv"}, {"start": 13, "end": 26, "username": "maurodoehner"}, {"start": 27, "end": 42, "username": "samuel_garcias"}]}, "source": "Twitter for iPhone", "created_at": "2021-06-07T03:44:33.000Z", "author_id": "234809513", "text": "@jc_sanchezv @maurodoehner @samuel_garcias Ya de jodido jajajja", "id": "1401746879692554242", "referenced_tweets": [{"type": "replied_to", "id": "1401744417359269892"}], "public_metrics": {"retweet_count": 0, "reply_count": 0, "like_count": 0, "quote_count": 0}, "in_reply_to_user_id": "101740688"}, "includes": {"users": [{"public_metrics": {"followers_count": 415, "following_count": 699, "tweet_count": 14809, "listed_count": 1}, "name": "R. California", "id": "234809513", "username": "RHdz85", "verified": false, "created_at": "2011-01-06T16:36:40.000Z", "protected": false, "description": "Monterrey, Nuevo Le\u00f3n."}]}, "matching_rules": [{"id": 1401678016993017864, "tag": "Samuel Garcia"}]}