{"data": {"entities": {"mentions": [{"start": 0, "end": 12, "username": "marcelaluqu"}, {"start": 13, "end": 28, "username": "samuel_garcias"}]}, "source": "Twitter for Android", "created_at": "2021-06-07T03:45:15.000Z", "author_id": "284157730", "text": "@marcelaluqu @samuel_garcias Felicitaciones!!!", "id": "1401747052439220224", "referenced_tweets": [{"type": "replied_to", "id": "1401709120244289538"}], "public_metrics": {"retweet_count": 0, "reply_count": 0, "like_count": 0, "quote_count": 0}, "in_reply_to_user_id": "2893491907"}, "includes": {"users": [{"public_metrics": {"followers_count": 226, "following_count": 316, "tweet_count": 13820, "listed_count": 2}, "name": "Chefo", "id": "284157730", "username": "chefo_bajocero", "verified": false, "created_at": "2011-04-18T18:54:37.000Z", "protected": false, "description": "Business Development / comercio, consultor\u00eda y Marketing"}]}, "matching_rules": [{"id": 1401678016993017864, "tag": "Samuel Garcia"}]}