{"data": {"entities": {"mentions": [{"start": 0, "end": 15, "username": "CrisitiBellaka"}, {"start": 16, "end": 31, "username": "samuel_garcias"}, {"start": 32, "end": 48, "username": "AdrianDeLaGarza"}, {"start": 91, "end": 107, "username": "AdrianDeLaGarza"}], "annotations": [{"start": 53, "end": 58, "probability": 0.9952, "type": "Person", "normalized_text": "Samuel"}]}, "source": "Twitter for Android", "created_at": "2021-06-07T03:48:07.000Z", "author_id": "1386434520497360896", "text": "@CrisitiBellaka @samuel_garcias @AdrianDeLaGarza Que Samuel deje su inmadurez y acepte que @AdrianDeLaGarza es el mejor", "id": "1401747776166416386", "referenced_tweets": [{"type": "replied_to", "id": "1401746426552487938"}], "public_metrics": {"retweet_count": 0, "reply_count": 0, "like_count": 0, "quote_count": 0}, "in_reply_to_user_id": "1388570505310003200"}, "includes": {"users": [{"public_metrics": {"followers_count": 118, "following_count": 242, "tweet_count": 658, "listed_count": 0}, "name": "Sergio Orozco", "id": "1386434520497360896", "username": "SergioOrz1", "verified": false, "created_at": "2021-04-25T21:38:53.000Z", "protected": false, "description": "Seamos amigos \u2764\ufe0f amantes de los animales\ud83d\udc0e\ud83d\udc04 \u2763\ufe0fA\u2763\ufe0f"}]}, "matching_rules": [{"id": 1401678016993017864, "tag": "Samuel Garcia"}, {"id": 1401678016993017861, "tag": "Adrian de la Garza"}]}