{"data": {"entities": {"mentions": [{"start": 3, "end": 11, "username": "ZMyBerg"}], "annotations": [{"start": 45, "end": 54, "probability": 0.9176, "type": "Place", "normalized_text": "Nuevo Le\u00f3n"}]}, "source": "Twitter Web App", "created_at": "2021-06-07T03:48:45.000Z", "author_id": "1297627547468013568", "text": "RT @ZMyBerg: Lo que hicieron los panistas en Nuevo Le\u00f3n debe ser considerado traici\u00f3n a la patria. Hagan chang\u00fcitos para que @AdrianDeLaGar\u2026", "id": "1401747933851262978", "referenced_tweets": [{"type": "retweeted", "id": "1401743820899893249"}], "public_metrics": {"retweet_count": 79, "reply_count": 0, "like_count": 0, "quote_count": 0}}, "includes": {"users": [{"public_metrics": {"followers_count": 220, "following_count": 302, "tweet_count": 13147, "listed_count": 0}, "name": "Hugol", "id": "1297627547468013568", "username": "Hugol63083726", "verified": false, "created_at": "2020-08-23T20:12:07.000Z", "protected": false, "description": ""}]}, "matching_rules": [{"id": 1401678016993017861, "tag": "Adrian de la Garza"}]}