{"data": {"entities": {"mentions": [{"start": 0, "end": 8, "username": "ZMyBerg"}, {"start": 9, "end": 25, "username": "AdrianDeLaGarza"}, {"start": 26, "end": 39, "username": "Marckocortes"}], "annotations": [{"start": 109, "end": 114, "probability": 0.9875, "type": "Place", "normalized_text": "M\u00e9xico"}]}, "source": "Twitter for Android", "created_at": "2021-06-07T03:48:52.000Z", "author_id": "2625710427", "text": "@ZMyBerg @AdrianDeLaGarza @Marckocortes  Es una mierda !!!\nFuera !!\nNo solo le haces da\u00f1o al PAN , tambi\u00e9n a M\u00e9xico !!\nTraidor !!!!", "id": "1401747965128151050", "context_annotations": [{"domain": {"id": "119", "name": "Holiday", "description": "Holidays like Christmas or Halloween"}, "entity": {"id": "1286645331686350848", "name": "Dia de la Independencia (Grito de Dolores) ", "description": "This entity includes conversations about Dia de la Independencia (Grito de Dolores) for all years."}}], "referenced_tweets": [{"type": "replied_to", "id": "1401743820899893249"}], "public_metrics": {"retweet_count": 0, "reply_count": 0, "like_count": 0, "quote_count": 0}, "in_reply_to_user_id": "1322571595458772997"}, "includes": {"users": [{"public_metrics": {"followers_count": 683, "following_count": 862, "tweet_count": 5513, "listed_count": 0}, "name": "Manu Castro", "id": "2625710427", "username": "Manu_1Castro", "verified": false, "created_at": "2014-06-20T13:40:35.000Z", "protected": false, "description": ""}]}, "matching_rules": [{"id": 1401678016993017861, "tag": "Adrian de la Garza"}]}