{"data": {"entities": {"mentions": [{"start": 3, "end": 11, "username": "ZMyBerg"}], "annotations": [{"start": 45, "end": 54, "probability": 0.9176, "type": "Place", "normalized_text": "Nuevo Le\u00f3n"}]}, "source": "Twitter for iPhone", "created_at": "2021-06-07T03:49:33.000Z", "author_id": "980858235413520384", "text": "RT @ZMyBerg: Lo que hicieron los panistas en Nuevo Le\u00f3n debe ser considerado traici\u00f3n a la patria. Hagan chang\u00fcitos para que @AdrianDeLaGar\u2026", "id": "1401748136092221441", "referenced_tweets": [{"type": "retweeted", "id": "1401743820899893249"}], "public_metrics": {"retweet_count": 82, "reply_count": 0, "like_count": 0, "quote_count": 0}}, "includes": {"users": [{"public_metrics": {"followers_count": 3656, "following_count": 4985, "tweet_count": 35248, "listed_count": 1}, "name": "carlos m #RxM", "id": "980858235413520384", "username": "CharlieMelano63", "verified": false, "created_at": "2018-04-02T17:23:21.000Z", "protected": false, "location": "M\u00e9xico", "description": "!Viva M\u00e9xico! \ud83c\uddf2\ud83c\uddfd  #\ud835\udd0f\ud835\udd26\ud835\udd24\ud835\udd1e\ud835\udd07\ud835\udd22\ud835\udd0a\ud835\udd32\ud835\udd22\ud835\udd2f\ud835\udd2f\ud835\udd22\ud835\udd2f\ud835\udd2c\ud835\udd30"}]}, "matching_rules": [{"id": 1401678016993017861, "tag": "Adrian de la Garza"}]}