{"data": {"entities": {"mentions": [{"start": 15, "end": 30, "username": "samuel_garcias"}]}, "source": "Twitter for iPhone", "created_at": "2021-06-07T03:49:36.000Z", "author_id": "1146462065512423425", "text": "ojala no ganes @samuel_garcias deberia ganar yo.", "id": "1401748147311976453", "public_metrics": {"retweet_count": 0, "reply_count": 0, "like_count": 0, "quote_count": 0}}, "includes": {"users": [{"public_metrics": {"followers_count": 3770, "following_count": 402, "tweet_count": 75254, "listed_count": 10}, "name": "callaita", "id": "1146462065512423425", "username": "yourfavlocall", "verified": false, "created_at": "2019-07-03T16:53:51.000Z", "protected": false, "location": "Monterrey, Nuevo Le\u00f3n ", "description": "c\u00e1ncer | mujer"}]}, "matching_rules": [{"id": 1401678016993017864, "tag": "Samuel Garcia"}]}