{"data": {"author_id": "882488741461450752", "source": "Twitter for Android", "created_at": "2021-06-07T05:12:06.000Z", "text": "RT @ChicShion: Todos uds tambien tiene culpa si se confirma lo de NL\n\nQue tal muy jiji jaja con el fosfo fosfo mont\u00e1ndose en estas estupide\u2026", "id": "1401768909662044160", "entities": {"mentions": [{"start": 3, "end": 13, "username": "ChicShion"}]}, "referenced_tweets": [{"type": "retweeted", "id": "1401739800206512134"}], "public_metrics": {"retweet_count": 129, "reply_count": 0, "like_count": 0, "quote_count": 0}}, "includes": {"users": [{"protected": false, "created_at": "2017-07-05T06:38:06.000Z", "description": "", "id": "882488741461450752", "verified": false, "public_metrics": {"followers_count": 658, "following_count": 1213, "tweet_count": 28793, "listed_count": 2}, "username": "antondrogitsson", "name": "Anton obs"}]}, "matching_rules": [{"id": 1401767939779436549, "tag": "Clara Luz"}]}