{"data": {"entities": {"annotations": [{"start": 55, "end": 60, "probability": 0.7145, "type": "Organization", "normalized_text": "Tigres"}], "mentions": [{"start": 0, "end": 10, "username": "absalon78"}, {"start": 11, "end": 26, "username": "samuel_garcias"}]}, "in_reply_to_user_id": "65392343", "author_id": "302704446", "geo": {"place_id": "c734bf0063981051"}, "source": "Twitter for iPhone", "created_at": "2021-06-07T05:12:08.000Z", "text": "@absalon78 @samuel_garcias Se vendr\u00e1 el estadio de los Tigres Como lo prometi\u00f3 ?", "id": "1401768917513736193", "referenced_tweets": [{"type": "replied_to", "id": "1401765593582288902"}], "public_metrics": {"retweet_count": 0, "reply_count": 0, "like_count": 0, "quote_count": 0}}, "includes": {"users": [{"protected": false, "created_at": "2011-05-21T16:31:45.000Z", "description": "Soy aficionado de Rayados y del folclor vallenato", "id": "302704446", "verified": false, "public_metrics": {"followers_count": 108, "following_count": 379, "tweet_count": 1116, "listed_count": 2}, "username": "checobeta", "name": "SERGIO BETANCOURT\u26bd\ufe0f"}]}, "matching_rules": [{"id": 1401767939779436548, "tag": "Samuel Garcia"}]}