{"data": {"entities": {"annotations": [{"start": 70, "end": 75, "probability": 0.9064, "type": "Person", "normalized_text": "Adri\u00e1n"}, {"start": 118, "end": 127, "probability": 0.9355, "type": "Place", "normalized_text": "Nuevo Le\u00f3n"}], "mentions": [{"start": 0, "end": 11, "username": "SoyDonCruz"}, {"start": 12, "end": 17, "username": "Ve99"}, {"start": 18, "end": 26, "username": "ZMyBerg"}, {"start": 27, "end": 43, "username": "AdrianDeLaGarza"}]}, "in_reply_to_user_id": "1224702899000946693", "author_id": "1401056439024693248", "source": "Twitter for Android", "created_at": "2021-06-07T05:12:08.000Z", "text": "@SoyDonCruz @Ve99 @ZMyBerg @AdrianDeLaGarza Y hay quien lo niega a\u00fan! Adri\u00e1n l\u00edder de los corruptos y delincuentes en Nuevo Le\u00f3n!", "id": "1401768920416141318", "referenced_tweets": [{"type": "replied_to", "id": "1401749550046617601"}], "public_metrics": {"retweet_count": 0, "reply_count": 0, "like_count": 0, "quote_count": 0}}, "includes": {"users": [{"protected": false, "created_at": "2021-06-05T06:01:11.000Z", "description": "Orgullosamente regiomontana.", "id": "1401056439024693248", "verified": false, "public_metrics": {"followers_count": 2, "following_count": 6, "tweet_count": 42, "listed_count": 0}, "username": "IllimayM", "name": "illimay_mty"}]}, "matching_rules": [{"id": 1401767939779436547, "tag": "Adrian de la Garza"}]}