{"data": {"author_id": "301226773", "source": "Twitter Web App", "created_at": "2021-06-07T05:12:09.000Z", "text": "RT @cesarmty: \ud83d\udd34\u26a1\ufe0f #ULTIMAHORA\nEl candidato de @MovCiudadanoNL @samuel_garcias se perfila como el ganador de la elecci\u00f3n a la gubernatura de\u2026", "id": "1401768924111323141", "entities": {"mentions": [{"start": 3, "end": 12, "username": "cesarmty"}, {"start": 46, "end": 61, "username": "MovCiudadanoNL"}, {"start": 62, "end": 77, "username": "samuel_garcias"}], "hashtags": [{"start": 18, "end": 29, "tag": "ULTIMAHORA"}]}, "referenced_tweets": [{"type": "retweeted", "id": "1401768443108499458"}], "public_metrics": {"retweet_count": 6, "reply_count": 0, "like_count": 0, "quote_count": 0}}, "includes": {"users": [{"location": "Nuevo Le\u00f3n, M\u00e9xico", "protected": false, "created_at": "2011-05-19T03:14:11.000Z", "description": "Periodista Multimedia. \n\nFundador y Director de @todupcom.\n\nContacto: rosendochv@protonmail.com", "id": "301226773", "verified": false, "public_metrics": {"followers_count": 592, "following_count": 1779, "tweet_count": 59442, "listed_count": 34}, "username": "RosendoChV", "name": "Rosendo Chavarr\u00eda"}]}, "matching_rules": [{"id": 1401767939779436547, "tag": "Adrian de la Garza"}, {"id": 1401767939779436548, "tag": "Samuel Garcia"}]}