{"data": {"author_id": "1223478822", "source": "Twitter for Android", "created_at": "2021-06-07T05:12:09.000Z", "text": "RT @Marcela_Feraud: \ud83d\udd34 @AdrianDeLaGarza est\u00e1 perdiendo #NuevoLeon \n\nEs una pena que los regios no aprendieron nada de las elecciones del 201\u2026", "id": "1401768924933365768", "entities": {"mentions": [{"start": 3, "end": 18, "username": "Marcela_Feraud"}, {"start": 22, "end": 38, "username": "AdrianDeLaGarza"}], "hashtags": [{"start": 54, "end": 64, "tag": "NuevoLeon"}]}, "referenced_tweets": [{"type": "retweeted", "id": "1401749594745171970"}], "context_annotations": [{"domain": {"id": "10", "name": "Person", "description": "Named people in the world like Nelson Mandela"}, "entity": {"id": "811664462386077697", "name": "Enrique Pe\u00f1a Nieto", "description": "President of Mexico, Enrique Pe\u00f1a Nieto"}}, {"domain": {"id": "35", "name": "Politician", "description": "Politicians in the world, like Joe Biden"}, "entity": {"id": "811664462386077697", "name": "Enrique Pe\u00f1a Nieto", "description": "President of Mexico, Enrique Pe\u00f1a Nieto"}}], "public_metrics": {"retweet_count": 41, "reply_count": 0, "like_count": 0, "quote_count": 0}}, "includes": {"users": [{"location": "AL", "protected": false, "created_at": "2013-02-27T03:03:32.000Z", "description": "AntiL\u00f3pez, y porque vivamos en un mundo mas equitativo. NDM. twitter me restringe seguir m\u00e1s cuentas. salvemos nuestro pa\u00eds.", "id": "1223478822", "verified": false, "public_metrics": {"followers_count": 4201, "following_count": 4928, "tweet_count": 163854, "listed_count": 91}, "username": "Aisha12895124", "name": "Helga"}]}, "matching_rules": [{"id": 1401767939779436547, "tag": "Adrian de la Garza"}]}