{"data": {"in_reply_to_user_id": "258973851", "author_id": "1401046549245747212", "source": "Twitter for Android", "created_at": "2021-06-07T04:56:17.000Z", "text": "@samuel_garcias Tu nivel de cinismo es incre\u00edble, a\u00fan sabiendo que perdiste sales a inventar cosas", "id": "1401764929292562433", "entities": {"mentions": [{"start": 0, "end": 15, "username": "samuel_garcias"}]}, "referenced_tweets": [{"type": "replied_to", "id": "1401748701450625030"}], "public_metrics": {"retweet_count": 0, "reply_count": 0, "like_count": 0, "quote_count": 0}}, "includes": {"users": [{"protected": false, "created_at": "2021-06-05T05:21:51.000Z", "description": "Me cerraron mi cuenta anterior :(", "id": "1401046549245747212", "verified": false, "public_metrics": {"followers_count": 59, "following_count": 344, "tweet_count": 425, "listed_count": 0}, "username": "OrtizPChava", "name": "Chava Ortiz"}]}, "matching_rules": [{"id": 1401764684680683523, "tag": "Samuel Garcia"}]}