{"data": {"entities": {"annotations": [{"start": 66, "end": 71, "probability": 0.4019, "type": "Person", "normalized_text": "Bronco"}, {"start": 80, "end": 92, "probability": 0.9982, "type": "Person", "normalized_text": "Samuel Garc\u00eda"}], "mentions": [{"start": 0, "end": 8, "username": "monhivi"}, {"start": 9, "end": 21, "username": "CarlosLoret"}, {"start": 22, "end": 37, "username": "samuel_garcias"}, {"start": 38, "end": 52, "username": "ClaudioOchoaH"}]}, "in_reply_to_user_id": "152248678", "author_id": "591535295", "source": "Twitter for Android", "created_at": "2021-06-07T05:12:20.000Z", "text": "@monhivi @CarlosLoret @samuel_garcias @ClaudioOchoaH Cambiaron al Bronco....por Samuel Garc\u00eda", "id": "1401768967908306944", "referenced_tweets": [{"type": "replied_to", "id": "1401768626022092803"}], "context_annotations": [{"domain": {"id": "10", "name": "Person", "description": "Named people in the world like Nelson Mandela"}, "entity": {"id": "809506024583360512", "name": "Carlos Loret de Mola", "description": "Carlos Loret de Mola"}}, {"domain": {"id": "94", "name": "Journalist", "description": "A journalist like 'Anderson Cooper'"}, "entity": {"id": "809506024583360512", "name": "Carlos Loret de Mola", "description": "Carlos Loret de Mola"}}], "public_metrics": {"retweet_count": 0, "reply_count": 0, "like_count": 0, "quote_count": 0}}, "includes": {"users": [{"location": "Quintana Roo, M\u00e9xico", "protected": false, "created_at": "2012-05-27T05:24:18.000Z", "description": "Vivo en un para\u00edso llamado Quintana Roo.", "id": "591535295", "verified": false, "public_metrics": {"followers_count": 949, "following_count": 1558, "tweet_count": 12626, "listed_count": 2}, "username": "Eislersulub", "name": "Eisler SJ"}]}, "matching_rules": [{"id": 1401767939779436548, "tag": "Samuel Garcia"}]}