{"data": {"entities": {"annotations": [{"start": 95, "end": 107, "probability": 0.995, "type": "Person", "normalized_text": "Samuel Garc\u00eda"}, {"start": 110, "end": 128, "probability": 0.7657, "type": "Person", "normalized_text": "Adriana de la Garza"}, {"start": 132, "end": 150, "probability": 0.9882, "type": "Person", "normalized_text": "Fernando Larrazabal"}], "mentions": [{"start": 0, "end": 16, "username": "_AlexanderLara_"}, {"start": 17, "end": 28, "username": "Thompsnxmx"}]}, "in_reply_to_user_id": "2418278256", "author_id": "1121787961714991104", "source": "Twitter for iPhone", "created_at": "2021-06-07T04:56:17.000Z", "text": "@_AlexanderLara_ @Thompsnxmx wey ese cabron no existe, son el nombre de tres candidatos de NL: Samuel Garc\u00eda, Adriana de la Garza y Fernando Larrazabal. inf\u00f3rmate antes de opinar pu\u00f1eton", "id": "1401764930815238147", "referenced_tweets": [{"type": "replied_to", "id": "1401750470134276096"}], "public_metrics": {"retweet_count": 0, "reply_count": 0, "like_count": 0, "quote_count": 0}}, "includes": {"users": [{"location": "\u01dd\u028c\u0250 uoo\u026f\u028e\u01dduo\u0265", "protected": false, "created_at": "2019-04-26T14:47:46.000Z", "description": "\u2661(08.02.20),(14.02.20),(21.02.20),(26.02.20),(09.05.20)\u2661 \u2b05\ufe0fya un a\u00f1ito \ud83e\udd74(no pregunten solo g\u00f3cenlo)", "id": "1121787961714991104", "verified": false, "public_metrics": {"followers_count": 99, "following_count": 236, "tweet_count": 6221, "listed_count": 0}, "username": "mcardenashdz", "name": "suleoncita"}]}, "matching_rules": [{"id": 1401764684680683525, "tag": "Fernando Larrazabal"}]}