{"data": {"in_reply_to_user_id": "1349823659142213644", "author_id": "1567028912", "source": "Twitter Web App", "created_at": "2021-06-07T05:12:23.000Z", "text": "@mauu9226 @shabedotcom @samuel_garcias @deycardenas Jajaja... Lo dices por tu foto verdad?", "id": "1401768981841780745", "entities": {"mentions": [{"start": 0, "end": 9, "username": "mauu9226"}, {"start": 10, "end": 22, "username": "shabedotcom"}, {"start": 23, "end": 38, "username": "samuel_garcias"}, {"start": 39, "end": 51, "username": "deycardenas"}]}, "referenced_tweets": [{"type": "replied_to", "id": "1401757377897058304"}], "public_metrics": {"retweet_count": 0, "reply_count": 0, "like_count": 0, "quote_count": 0}}, "includes": {"users": [{"location": "En el #Nortexit ", "protected": false, "created_at": "2013-07-04T01:05:00.000Z", "description": "Mexicano, #Partisano, Capitalista, Antipejendejos, Conservador Neoliberal, fif\u00ed y chingachairos  Fuera el #MequetrefeMacuspano", "id": "1567028912", "verified": false, "public_metrics": {"followers_count": 699, "following_count": 801, "tweet_count": 13581, "listed_count": 2}, "username": "Marques_Vassals", "name": "Elmer Homero, Marqu\u00e9s de Vassals Sta. Coloma de G."}]}, "matching_rules": [{"id": 1401767939779436548, "tag": "Samuel Garcia"}]}