{"data": {"in_reply_to_user_id": "258973851", "author_id": "1145732503786971137", "source": "Twitter for iPhone", "created_at": "2021-06-07T05:12:34.000Z", "text": "@samuel_garcias  pensando c\u00f3mo le har\u00e1 en cumplir tanta mamada que dijo en campa\u00f1a. https://t.co/yIdizJpf2O", "id": "1401769028973215751", "entities": {"mentions": [{"start": 0, "end": 15, "username": "samuel_garcias"}], "urls": [{"start": 84, "end": 107, "url": "https://t.co/yIdizJpf2O", "expanded_url": "https://twitter.com/ugg3111/status/1401769028973215751/photo/1", "display_url": "pic.twitter.com/yIdizJpf2O"}]}, "attachments": {"media_keys": ["3_1401769026746003459"]}, "public_metrics": {"retweet_count": 0, "reply_count": 0, "like_count": 0, "quote_count": 0}}, "includes": {"users": [{"location": "Monterrey, Nuevo Le\u00f3n", "protected": false, "created_at": "2019-07-01T16:34:50.000Z", "description": "Me gusta la noche, me gustas tu\ud83c\udfb5 ......................................... ..........................catador de Pollo Loco- 311-#rayados #coffee", "id": "1145732503786971137", "verified": false, "public_metrics": {"followers_count": 398, "following_count": 670, "tweet_count": 14332, "listed_count": 2}, "username": "ugg3111", "name": "User311"}]}, "matching_rules": [{"id": 1401767939779436548, "tag": "Samuel Garcia"}]}