{"data": {"entities": {"annotations": [{"start": 21, "end": 33, "probability": 0.9969, "type": "Person", "normalized_text": "Samuel Garcia"}, {"start": 58, "end": 67, "probability": 0.3195, "type": "Person", "normalized_text": "Nuevo Leon"}, {"start": 92, "end": 101, "probability": 0.2994, "type": "Person", "normalized_text": "Nuevo Leon"}], "mentions": [{"start": 3, "end": 18, "username": "eduardoavelarc"}], "urls": [{"start": 104, "end": 127, "url": "https://t.co/SdpbLvbLJc", "expanded_url": "https://twitter.com/eduardoavelarc/status/1401698749265723392/photo/1", "display_url": "pic.twitter.com/SdpbLvbLJc"}]}, "author_id": "1173838425197338624", "source": "Twitter for Android", "created_at": "2021-06-07T05:12:35.000Z", "text": "RT @eduardoavelarc: *Samuel Garcia gana la gobernatura de Nuevo Leon*\n\n-Los que no somos de Nuevo Leon: https://t.co/SdpbLvbLJc", "id": "1401769031439372291", "referenced_tweets": [{"type": "retweeted", "id": "1401698749265723392"}], "attachments": {"media_keys": ["3_1401698745775968259"]}, "public_metrics": {"retweet_count": 595, "reply_count": 0, "like_count": 0, "quote_count": 0}}, "includes": {"users": [{"location": "Cali, Colombia", "protected": false, "created_at": "2019-09-17T05:58:00.000Z", "description": "La vida es cuesti\u00f3n de actitud \ud83c\udf43", "id": "1173838425197338624", "verified": false, "public_metrics": {"followers_count": 13, "following_count": 45, "tweet_count": 291, "listed_count": 0}, "username": "plaza_em", "name": "Plaza"}]}, "matching_rules": [{"id": 1401767939779436548, "tag": "Samuel Garcia"}]}