{"data": {"author_id": "918583673070522368", "source": "Twitter for iPhone", "created_at": "2021-06-07T05:12:38.000Z", "text": "RT @ClaudioOchoaH: El conteo r\u00e1pido, es decir oficial, le da a @samuel_garcias el primer lugar y una ventaja de 10 puntos sobre @AdrianDeLa\u2026", "id": "1401769043032481794", "entities": {"mentions": [{"start": 3, "end": 17, "username": "ClaudioOchoaH"}, {"start": 63, "end": 78, "username": "samuel_garcias"}]}, "referenced_tweets": [{"type": "retweeted", "id": "1401768944281784320"}], "public_metrics": {"retweet_count": 2, "reply_count": 0, "like_count": 0, "quote_count": 0}}, "includes": {"users": [{"location": "M\u00e9xico ", "protected": false, "created_at": "2017-10-12T21:06:28.000Z", "description": "Nada de medias tintas \ud83c\uddf2\ud83c\uddfd\ud83c\udff3\ufe0f\u200d\ud83c\udf08", "id": "918583673070522368", "verified": false, "public_metrics": {"followers_count": 249, "following_count": 130, "tweet_count": 21607, "listed_count": 0}, "username": "diego_lopezalfa", "name": "Diego L\u00f3pez"}]}, "matching_rules": [{"id": 1401767939779436547, "tag": "Adrian de la Garza"}, {"id": 1401767939779436548, "tag": "Samuel Garcia"}]}