{"data": {"author_id": "1148019184779124737", "source": "Twitter for Android", "created_at": "2021-06-07T05:12:40.000Z", "text": "Todo va a estar bien... Pero sin ti @AdrianDeLaGarza sigue participando.", "id": "1401769054667526145", "entities": {"mentions": [{"start": 36, "end": 52, "username": "AdrianDeLaGarza"}]}, "public_metrics": {"retweet_count": 0, "reply_count": 0, "like_count": 0, "quote_count": 0}}, "includes": {"users": [{"protected": false, "created_at": "2019-07-08T00:01:17.000Z", "description": "\ud83c\udfa5\ud83d\udcbb\ud83c\udf99\ufe0f| Lavolpista | \u26bd\ufe0f\u26be\ufe0f\ud83c\udfc0\ud83c\udfc8 | A veces apuesto", "id": "1148019184779124737", "verified": false, "public_metrics": {"followers_count": 156, "following_count": 416, "tweet_count": 4493, "listed_count": 2}, "username": "_juannrdz", "name": "Juan Rodr\u00edguez"}]}, "matching_rules": [{"id": 1401767939779436547, "tag": "Adrian de la Garza"}]}