{"data": {"entities": {"annotations": [{"start": 51, "end": 63, "probability": 0.9884, "type": "Person", "normalized_text": "Samuel Garc\u00eda"}, {"start": 70, "end": 87, "probability": 0.5884, "type": "Person", "normalized_text": "Adri\u00e1n de la Garza"}, {"start": 93, "end": 112, "probability": 0.4907, "type": "Person", "normalized_text": "Fernando Larrazabal"}, {"start": 119, "end": 134, "probability": 0.3427, "type": "Person", "normalized_text": "Clara Luz Flores"}], "mentions": [{"start": 3, "end": 16, "username": "arandatamayo"}], "hashtags": [{"start": 27, "end": 32, "tag": "PREP"}]}, "author_id": "1015896912", "source": "Twitter for Android", "created_at": "2021-06-07T05:12:43.000Z", "text": "RT @arandatamayo: Seg\u00fan el #PREP en este momento:\n\nSamuel Garc\u00eda: 37%\nAdri\u00e1n de la Garza: 29%\nFernando Larrazabal: 17%\nClara Luz Flores: 13\u2026", "id": "1401769064373043203", "referenced_tweets": [{"type": "retweeted", "id": "1401715956888571914"}], "public_metrics": {"retweet_count": 197, "reply_count": 0, "like_count": 0, "quote_count": 0}}, "includes": {"users": [{"location": "Del Meritito Norte!! ", "protected": false, "created_at": "2012-12-16T19:25:16.000Z", "description": "El muerto al pozo y el vivo al gozo!", "id": "1015896912", "verified": false, "public_metrics": {"followers_count": 732, "following_count": 920, "tweet_count": 9718, "listed_count": 1}, "username": "vicentikogr", "name": "Bixente"}]}, "matching_rules": [{"id": 1401767939779436546, "tag": "Fernando Larrazabal"}, {"id": 1401767939779436549, "tag": "Clara Luz"}]}