{"data": {"entities": {"annotations": [{"start": 36, "end": 48, "probability": 0.999, "type": "Person", "normalized_text": "Samuel Garc\u00eda"}, {"start": 84, "end": 85, "probability": 0.7173, "type": "Place", "normalized_text": "NL"}], "urls": [{"start": 88, "end": 111, "url": "https://t.co/q5oOkmIEVp", "expanded_url": "https://twitter.com/reporte_indigo/status/1401765530869153792", "display_url": "twitter.com/reporte_indigo\u2026"}], "hashtags": [{"start": 0, "end": 6, "tag": "Ahora"}]}, "author_id": "157434842", "source": "Twitter for iPhone", "created_at": "2021-06-07T05:12:50.000Z", "text": "#Ahora I El conteo r\u00e1pido perfila a Samuel Garc\u00eda como ganador de la gubernatura en NL: https://t.co/q5oOkmIEVp", "id": "1401769095733805057", "referenced_tweets": [{"type": "quoted", "id": "1401765530869153792"}], "public_metrics": {"retweet_count": 0, "reply_count": 0, "like_count": 0, "quote_count": 0}}, "includes": {"users": [{"location": "CDMX", "protected": false, "created_at": "2010-06-19T20:19:01.000Z", "description": "Cient\u00edfica social, periodista y textoservidora. Hago poes\u00eda y escribo en @Reporte_Indigo \u00bfContamos historias? narremoshistorias@gmail.com \ud83d\udc49\ud83c\udffcIG: @Itsmonseortiz", "id": "157434842", "verified": false, "public_metrics": {"followers_count": 7907, "following_count": 1279, "tweet_count": 5711, "listed_count": 27}, "username": "ItsMonseOrtiz", "name": "Monserrat Ortiz"}]}, "matching_rules": [{"id": 1401767939779436548, "tag": "Samuel Garcia"}]}