{"data": {"in_reply_to_user_id": "1387868216391868416", "author_id": "109367709", "source": "Twitter Web App", "created_at": "2021-06-07T05:12:53.000Z", "text": "@aloalolpz @AdrianDeLaGarza LOS INUTILES PENSARON DAR UN VOTO UTIL....ASI DE PENDEJOS ESTAN, ES EL PRI, SIEMPRE NOS A JODIDO", "id": "1401769107255664641", "entities": {"mentions": [{"start": 0, "end": 10, "username": "aloalolpz"}, {"start": 11, "end": 27, "username": "AdrianDeLaGarza"}]}, "referenced_tweets": [{"type": "replied_to", "id": "1401700070878334977"}], "public_metrics": {"retweet_count": 0, "reply_count": 0, "like_count": 0, "quote_count": 0}}, "includes": {"users": [{"protected": false, "created_at": "2010-01-28T20:46:53.000Z", "description": "", "id": "109367709", "verified": false, "public_metrics": {"followers_count": 3, "following_count": 38, "tweet_count": 2181, "listed_count": 0}, "username": "saile1979", "name": "Elias"}]}, "matching_rules": [{"id": 1401767939779436547, "tag": "Adrian de la Garza"}]}