{"data": {"in_reply_to_user_id": "258973851", "author_id": "882293950387826688", "source": "Twitter for Android", "created_at": "2021-06-07T05:12:53.000Z", "text": "@samuel_garcias Espero que no falles como el puto @JaimeRdzNL", "id": "1401769108664819713", "entities": {"mentions": [{"start": 0, "end": 15, "username": "samuel_garcias"}, {"start": 50, "end": 61, "username": "JaimeRdzNL"}]}, "referenced_tweets": [{"type": "replied_to", "id": "1401721999869628419"}], "context_annotations": [{"domain": {"id": "10", "name": "Person", "description": "Named people in the world like Nelson Mandela"}, "entity": {"id": "928660638741565440", "name": "Jaime Rodr\u00edguez Calder\u00f3n", "description": "Jaime Rdz El Bronco"}}, {"domain": {"id": "35", "name": "Politician", "description": "Politicians in the world, like Joe Biden"}, "entity": {"id": "928660638741565440", "name": "Jaime Rodr\u00edguez Calder\u00f3n", "description": "Jaime Rdz El Bronco"}}], "public_metrics": {"retweet_count": 0, "reply_count": 0, "like_count": 0, "quote_count": 0}}, "includes": {"users": [{"location": " Dgo & NL.Mexico.Yukon,Canada ", "protected": false, "created_at": "2017-07-04T17:44:04.000Z", "description": "Sous Chef. Spanish, Francais and English.@SanJoseSharks  @dallascowboys @Athletics   @Warriors   @GeneralesdDgo @Tigresoficial @LenadoresCB", "id": "882293950387826688", "verified": false, "public_metrics": {"followers_count": 48, "following_count": 251, "tweet_count": 8418, "listed_count": 0}, "username": "H3CTORC1", "name": "Manny"}]}, "matching_rules": [{"id": 1401767939779436548, "tag": "Samuel Garcia"}]}