{"data": {"in_reply_to_user_id": "1180240190", "author_id": "361613332", "source": "Twitter Web App", "created_at": "2021-06-07T05:12:56.000Z", "text": "@Tripletauro @ildefonsogv @FerLarrazabalNL Exacto!", "id": "1401769121981734916", "entities": {"mentions": [{"start": 0, "end": 12, "username": "Tripletauro"}, {"start": 13, "end": 25, "username": "ildefonsogv"}, {"start": 26, "end": 42, "username": "FerLarrazabalNL"}]}, "referenced_tweets": [{"type": "replied_to", "id": "1401768105714585602"}], "public_metrics": {"retweet_count": 0, "reply_count": 0, "like_count": 0, "quote_count": 0}}, "includes": {"users": [{"location": "Cd Mx", "protected": false, "created_at": "2011-08-25T01:57:43.000Z", "description": "Emprendimiento con tecnolog\u00eda es una soluci\u00f3n. A favor del deporte y la educaci\u00f3n de calidad.", "id": "361613332", "verified": false, "public_metrics": {"followers_count": 297, "following_count": 1282, "tweet_count": 12833, "listed_count": 0}, "username": "PachecoAlex101", "name": "A Pacheco"}]}, "matching_rules": [{"id": 1401767939779436546, "tag": "Fernando Larrazabal"}]}