{"data": {"in_reply_to_user_id": "244218738", "author_id": "1367500815217418245", "source": "Twitter for Android", "created_at": "2021-06-07T05:13:07.000Z", "text": "@SinEmbargoMX @alvaro_delgado @DanyBarraganG @paezvarela @lorenzocordovav @RomiinaGandara @lupita_GD @ilsegarc @CiroMurayamaINE @marcosvizcarra @mundovelazquez @INEMexico @BlancaHerediaR @badillo_contra @contralinea @jorgezepedap @samuel_garcias Pobre ciudad se la van acabar puro ratero gano", "id": "1401769165413814272", "entities": {"mentions": [{"start": 0, "end": 13, "username": "SinEmbargoMX"}, {"start": 14, "end": 29, "username": "alvaro_delgado"}, {"start": 30, "end": 44, "username": "DanyBarraganG"}, {"start": 45, "end": 56, "username": "paezvarela"}, {"start": 57, "end": 73, "username": "lorenzocordovav"}, {"start": 74, "end": 89, "username": "RomiinaGandara"}, {"start": 90, "end": 100, "username": "lupita_GD"}, {"start": 101, "end": 110, "username": "ilsegarc"}, {"start": 111, "end": 127, "username": "CiroMurayamaINE"}, {"start": 128, "end": 143, "username": "marcosvizcarra"}, {"start": 144, "end": 159, "username": "mundovelazquez"}, {"start": 160, "end": 170, "username": "INEMexico"}, {"start": 171, "end": 186, "username": "BlancaHerediaR"}, {"start": 187, "end": 202, "username": "badillo_contra"}, {"start": 203, "end": 215, "username": "contralinea"}, {"start": 216, "end": 229, "username": "jorgezepedap"}, {"start": 230, "end": 245, "username": "samuel_garcias"}]}, "referenced_tweets": [{"type": "replied_to", "id": "1401765866551848964"}], "public_metrics": {"retweet_count": 0, "reply_count": 0, "like_count": 0, "quote_count": 0}}, "includes": {"users": [{"protected": false, "created_at": "2021-03-04T15:43:09.000Z", "description": "mi personalidad", "id": "1367500815217418245", "verified": false, "public_metrics": {"followers_count": 3, "following_count": 103, "tweet_count": 104, "listed_count": 0}, "username": "Fernand27907646", "name": "Fernando Fernandez Marquez"}]}, "matching_rules": [{"id": 1401767939779436548, "tag": "Samuel Garcia"}]}