{"data": {"in_reply_to_user_id": "258973851", "author_id": "1050046368948113420", "source": "Twitter for Android", "created_at": "2021-06-07T05:13:07.000Z", "text": "@samuel_garcias no ha de estar contento hoy. \u00c9l ya sab\u00eda que iba a ganar (era obvio desde hace un mes), pero el quer\u00eda el congreso, incluso afirmo que iban a tener 15-20 diputaciones. Hoy no ganaron ni una", "id": "1401769168068743178", "entities": {"mentions": [{"start": 0, "end": 15, "username": "samuel_garcias"}]}, "public_metrics": {"retweet_count": 0, "reply_count": 0, "like_count": 0, "quote_count": 0}}, "includes": {"users": [{"protected": false, "created_at": "2018-10-10T15:32:18.000Z", "description": "\u00a1Viva Cristo Rey! \ud83c\uddfb\ud83c\udde6\ud83c\uddfb\ud83c\udde6\nOrgullosamente Mexicano \ud83c\uddf2\ud83c\uddfd\ud83c\uddf2\ud83c\uddfd", "id": "1050046368948113420", "verified": false, "public_metrics": {"followers_count": 399, "following_count": 614, "tweet_count": 6044, "listed_count": 0}, "username": "charliee_ag", "name": "Carlos Arias II \ud83c\uddf2\ud83c\uddfd\ud83c\uddfb\ud83c\udde6"}]}, "matching_rules": [{"id": 1401767939779436548, "tag": "Samuel Garcia"}]}