{"data": {"in_reply_to_user_id": "1366914800907931659", "author_id": "1163227010950471681", "source": "Twitter for Android", "created_at": "2021-06-07T05:13:09.000Z", "text": "@porktendencia @ceenlmx @samuel_garcias Wey era puro pedo \nQuienes fueron los weyes que votaron por el?", "id": "1401769174246989826", "entities": {"mentions": [{"start": 0, "end": 14, "username": "porktendencia"}, {"start": 15, "end": 23, "username": "ceenlmx"}, {"start": 24, "end": 39, "username": "samuel_garcias"}]}, "referenced_tweets": [{"type": "replied_to", "id": "1401767367273713672"}], "public_metrics": {"retweet_count": 0, "reply_count": 0, "like_count": 0, "quote_count": 0}}, "includes": {"users": [{"protected": false, "created_at": "2019-08-18T23:11:55.000Z", "description": ".", "id": "1163227010950471681", "verified": false, "public_metrics": {"followers_count": 58, "following_count": 362, "tweet_count": 2141, "listed_count": 0}, "username": "AngelYahirSoli2", "name": "Yahir_Solis_"}]}, "matching_rules": [{"id": 1401767939779436548, "tag": "Samuel Garcia"}]}