{"data": {"entities": {"annotations": [{"start": 74, "end": 83, "probability": 0.9456, "type": "Place", "normalized_text": "Nuevo Le\u00f3n"}], "mentions": [{"start": 0, "end": 9, "username": "Nabediaz"}, {"start": 10, "end": 22, "username": "CarlosLoret"}, {"start": 23, "end": 38, "username": "samuel_garcias"}, {"start": 39, "end": 53, "username": "ClaudioOchoaH"}]}, "in_reply_to_user_id": "127406919", "author_id": "159680779", "source": "Twitter for Android", "created_at": "2021-06-07T05:13:11.000Z", "text": "@Nabediaz @CarlosLoret @samuel_garcias @ClaudioOchoaH Morena va \u00faltimo en Nuevo Le\u00f3n pendejin", "id": "1401769181754888197", "referenced_tweets": [{"type": "replied_to", "id": "1401768745316409344"}], "context_annotations": [{"domain": {"id": "10", "name": "Person", "description": "Named people in the world like Nelson Mandela"}, "entity": {"id": "809506024583360512", "name": "Carlos Loret de Mola", "description": "Carlos Loret de Mola"}}, {"domain": {"id": "94", "name": "Journalist", "description": "A journalist like 'Anderson Cooper'"}, "entity": {"id": "809506024583360512", "name": "Carlos Loret de Mola", "description": "Carlos Loret de Mola"}}], "public_metrics": {"retweet_count": 0, "reply_count": 0, "like_count": 0, "quote_count": 0}}, "includes": {"users": [{"location": "Monterrey, Nuevo Le\u00f3n.  ", "protected": false, "created_at": "2010-06-26T01:58:07.000Z", "description": "yare yare", "id": "159680779", "verified": false, "public_metrics": {"followers_count": 210, "following_count": 253, "tweet_count": 14459, "listed_count": 3}, "username": "AlexFraile94", "name": "Alejandro Fraile"}]}, "matching_rules": [{"id": 1401767939779436548, "tag": "Samuel Garcia"}]}