{"data": {"author_id": "193500683", "source": "Twitter for iPhone", "created_at": "2021-06-07T05:13:24.000Z", "text": "Lo dicho antes\u2026 esos regios est\u00e1n \nDE LA VRRRRR.\nNo puedo creerlo, en serio no puedo creerlo, NO PUEDO !!!\n\n\ud83d\ude02\ud83d\ude02\ud83d\ude02\ud83d\ude02\n\nDe pena ajena\u2026 \ud83e\udd26\ud83c\udffd\u200d\u2642\ufe0f\ud83e\udd26\ud83c\udffd\u200d\u2642\ufe0f\ud83e\udd26\ud83c\udffd\u200d\u2642\ufe0f https://t.co/w66fY5BRv4", "id": "1401769235781623808", "referenced_tweets": [{"type": "quoted", "id": "1401767367273713672"}], "entities": {"urls": [{"start": 145, "end": 168, "url": "https://t.co/w66fY5BRv4", "expanded_url": "https://twitter.com/porktendencia/status/1401767367273713672", "display_url": "twitter.com/porktendencia/\u2026"}]}, "public_metrics": {"retweet_count": 0, "reply_count": 0, "like_count": 0, "quote_count": 0}}, "includes": {"users": [{"location": "Mexico City", "protected": false, "created_at": "2010-09-21T23:55:53.000Z", "description": "Mexican Wey \ud83c\uddf2\ud83c\uddfd \ud83e\uddd4\ud83c\udffd/ UNAM-FCA \ud83c\udf93/ Catador profesional de Chilaquiles & Enchiladas de Mole \ud83e\udd24. Mel\u00f3mano y abstracto", "id": "193500683", "verified": false, "public_metrics": {"followers_count": 338, "following_count": 1492, "tweet_count": 23186, "listed_count": 8}, "username": "marc_lego", "name": "El Legorreta"}]}, "matching_rules": [{"id": 1401767939779436548, "tag": "Samuel Garcia"}]}