{"data": {"entities": {"annotations": [{"start": 86, "end": 94, "probability": 0.9833, "type": "Person", "normalized_text": "Clara Luz"}, {"start": 98, "end": 103, "probability": 0.9913, "type": "Person", "normalized_text": "Samuel"}]}, "author_id": "1117422799776251904", "source": "Twitter for Android", "created_at": "2021-06-07T05:13:24.000Z", "text": "Mutuals Mexicanxs.&lt;3\nQui\u00e9n les da m\u00e1s miedo que gane las elecciones???\nA m\u00ed la verdad Clara Luz y Samuel \ud83d\udc80", "id": "1401769238151446531", "public_metrics": {"retweet_count": 0, "reply_count": 0, "like_count": 0, "quote_count": 0}}, "includes": {"users": [{"location": "Princess Park ", "protected": false, "created_at": "2019-04-14T13:42:11.000Z", "description": "\ud835\udc73\ud835\udc82\ud835\udc93\ud835\udc93\ud835\udc9a \u2022 \ud835\udc74\ud835\udc82\ud835\udc93\ud835\udc97\ud835\udc86\ud835\udc8d \u2022 \ud835\udc6f\ud835\udc82\ud835\udc93\ud835\udc93\ud835\udc9a \u2022 \ud835\udc73\ud835\udc90\ud835\udc96\ud835\udc8a\ud835\udc94 \u2022 \ud835\udc71\ud835\udc68\ud835\udc7b\ud835\udc6d \u2022 \ud835\udc7b\ud835\udc8a\ud835\udc8e\ud835\udc90\ud835\udc95\ud835\udc89\ud835\udc86\u0301\ud835\udc86 \u2022 \ud835\udc70\ud835\udc95 \u2022 1\ud835\udc6b \u2022 \ud835\udc6e\ud835\udc8a\ud835\udc88\ud835\udc8a \u2022 \ud835\udc69\ud835\udc82\ud835\udc93\ud835\udc83\ud835\udc82\ud835\udc93\ud835\udc82 \ud835\udc77\ud835\udc82\ud835\udc8d\ud835\udc97\ud835\udc8a\ud835\udc8f \u2022 \ud835\udc7b\ud835\udc7c\ud835\udc68 \n    - She/Her", "id": "1117422799776251904", "verified": false, "public_metrics": {"followers_count": 501, "following_count": 656, "tweet_count": 3344, "listed_count": 0}, "username": "RealMonsse", "name": "ValeMonsse \ud83d\udc9c"}]}, "matching_rules": [{"id": 1401767939779436549, "tag": "Clara Luz"}]}