{"data": {"in_reply_to_user_id": "990138156", "author_id": "1392744846708776972", "source": "Twitter for iPhone", "created_at": "2021-06-07T05:13:37.000Z", "text": "@olgaque86 @samuel_garcias Bien cromada se la dejaste https://t.co/URoy8Er0rC", "id": "1401769294162132992", "entities": {"mentions": [{"start": 0, "end": 10, "username": "olgaque86"}, {"start": 11, "end": 26, "username": "samuel_garcias"}], "urls": [{"start": 54, "end": 77, "url": "https://t.co/URoy8Er0rC", "expanded_url": "https://twitter.com/Jaypapi00657969/status/1401769294162132992/photo/1", "display_url": "pic.twitter.com/URoy8Er0rC"}]}, "referenced_tweets": [{"type": "replied_to", "id": "1401737144444542983"}], "attachments": {"media_keys": ["16_1401769284401975302"]}, "public_metrics": {"retweet_count": 0, "reply_count": 0, "like_count": 0, "quote_count": 0}}, "includes": {"users": [{"protected": false, "created_at": "2021-05-13T07:33:53.000Z", "description": "", "id": "1392744846708776972", "verified": false, "public_metrics": {"followers_count": 2, "following_count": 76, "tweet_count": 189, "listed_count": 0}, "username": "Jaypapi00657969", "name": "Jaypapi"}]}, "matching_rules": [{"id": 1401767939779436548, "tag": "Samuel Garcia"}]}