{"data": {"entities": {"annotations": [{"start": 49, "end": 62, "probability": 0.9884, "type": "Person", "normalized_text": "Rodrigo Medina"}], "mentions": [{"start": 3, "end": 12, "username": "OscarEC_"}, {"start": 98, "end": 109, "username": "JaimeRdzNL"}, {"start": 120, "end": 135, "username": "samuel_garcias"}]}, "author_id": "94003004", "source": "Twitter for iPhone", "created_at": "2021-06-07T05:13:40.000Z", "text": "RT @OscarEC_: Oigan regios, tan da\u00f1ados los dej\u00f3 Rodrigo Medina como para que primero eligieran a @JaimeRdzNL y ahora a @samuel_garcias ?\n#\u2026", "id": "1401769304253677576", "referenced_tweets": [{"type": "retweeted", "id": "1401743442787672067"}], "context_annotations": [{"domain": {"id": "10", "name": "Person", "description": "Named people in the world like Nelson Mandela"}, "entity": {"id": "928660638741565440", "name": "Jaime Rodr\u00edguez Calder\u00f3n", "description": "Jaime Rdz El Bronco"}}, {"domain": {"id": "35", "name": "Politician", "description": "Politicians in the world, like Joe Biden"}, "entity": {"id": "928660638741565440", "name": "Jaime Rodr\u00edguez Calder\u00f3n", "description": "Jaime Rdz El Bronco"}}], "public_metrics": {"retweet_count": 1, "reply_count": 0, "like_count": 0, "quote_count": 0}}, "includes": {"users": [{"protected": false, "created_at": "2009-12-02T02:37:06.000Z", "description": "", "id": "94003004", "verified": false, "public_metrics": {"followers_count": 5, "following_count": 46, "tweet_count": 614, "listed_count": 0}, "username": "maandyg", "name": "andrea gonzalez"}]}, "matching_rules": [{"id": 1401767939779436548, "tag": "Samuel Garcia"}]}