{"data": {"entities": {"annotations": [{"start": 133, "end": 138, "probability": 0.5254, "type": "Organization", "normalized_text": "Bronco"}], "mentions": [{"start": 3, "end": 19, "username": "EllaCantaloupeH"}]}, "author_id": "988384831200428033", "source": "Twitter for Android", "created_at": "2021-06-07T05:13:43.000Z", "text": "RT @EllaCantaloupeH: Los neoloneses tendr\u00e1n el gobierno que se merecen.\nGobiernos pr\u00edistas corruptos hasta el tu\u00e9tano, el inepto del Bronco\u2026", "id": "1401769318338109440", "referenced_tweets": [{"type": "retweeted", "id": "1401708016425132038"}], "public_metrics": {"retweet_count": 80, "reply_count": 0, "like_count": 0, "quote_count": 0}}, "includes": {"users": [{"protected": false, "created_at": "2018-04-23T11:51:21.000Z", "description": "", "id": "988384831200428033", "verified": false, "public_metrics": {"followers_count": 1725, "following_count": 3620, "tweet_count": 147217, "listed_count": 1}, "username": "manho579", "name": "Manho579"}]}, "matching_rules": [{"id": 1401767939779436548, "tag": "Samuel Garcia"}]}