{"data": {"entities": {"annotations": [{"start": 19, "end": 31, "probability": 0.9914, "type": "Person", "normalized_text": "Samuel Garcia"}]}, "author_id": "259088584", "source": "Twitter for Android", "created_at": "2021-06-07T05:13:55.000Z", "text": "No mamen regios!!!\nSamuel Garcia va a ser su gober?\nSe la ba\u00f1aron!!!!", "id": "1401769368988626945", "public_metrics": {"retweet_count": 0, "reply_count": 0, "like_count": 0, "quote_count": 0}}, "includes": {"users": [{"protected": false, "created_at": "2011-03-01T03:28:04.000Z", "description": "", "id": "259088584", "verified": false, "public_metrics": {"followers_count": 117, "following_count": 356, "tweet_count": 12225, "listed_count": 1}, "username": "g_iturbe", "name": "Marduk"}]}, "matching_rules": [{"id": 1401767939779436548, "tag": "Samuel Garcia"}]}