{"data": {"entities": {"annotations": [{"start": 27, "end": 36, "probability": 0.4103, "type": "Place", "normalized_text": "Nuevo Le\u00f3n"}, {"start": 41, "end": 56, "probability": 0.9052, "type": "Person", "normalized_text": "GorGolfo Garc\u00eda"}], "mentions": [{"start": 58, "end": 73, "username": "samuel_garcias"}], "urls": [{"start": 179, "end": 202, "url": "https://t.co/per1k3U4V8", "expanded_url": "https://twitter.com/Gector09/status/1401769372117504006/photo/1", "display_url": "pic.twitter.com/per1k3U4V8"}], "hashtags": [{"start": 165, "end": 178, "tag": "MorenaArrasa"}]}, "author_id": "1141390794030538752", "source": "Twitter Web App", "created_at": "2021-06-07T05:13:56.000Z", "text": "De ganar la gobernatura de Nuevo Le\u00f3n el GorGolfo  Garc\u00eda @samuel_garcias , ser\u00e1 porque sus votantes se casan entre primos. \ud83d\ude02\ud83d\ude02\ud83d\ude02\ud83d\ude02 *OJO, s\u00f3lo los que votaron por \u00e9l. \n#MorenaArrasa https://t.co/per1k3U4V8", "id": "1401769372117504006", "attachments": {"media_keys": ["3_1401768761972203520"]}, "public_metrics": {"retweet_count": 0, "reply_count": 0, "like_count": 0, "quote_count": 0}}, "includes": {"users": [{"location": "Chilangolandia", "protected": false, "created_at": "2019-06-19T17:02:26.000Z", "description": "\"Dios muri\u00f3\" predijo Nietzsche pero aqu\u00ed est\u00e1 el Totus Dei\nque enterr\u00f3 al Demonio Rojo que aprendi\u00f3 a decir:\"Okay\",\ntodo por comprarse unos vaqueros made in USA", "id": "1141390794030538752", "verified": false, "public_metrics": {"followers_count": 4300, "following_count": 4308, "tweet_count": 40304, "listed_count": 7}, "username": "Gector09", "name": "Gektor"}]}, "matching_rules": [{"id": 1401767939779436548, "tag": "Samuel Garcia"}]}