{"data": {"entities": {"annotations": [{"start": 21, "end": 33, "probability": 0.9969, "type": "Person", "normalized_text": "Samuel Garcia"}, {"start": 58, "end": 67, "probability": 0.3195, "type": "Person", "normalized_text": "Nuevo Leon"}, {"start": 92, "end": 101, "probability": 0.2994, "type": "Person", "normalized_text": "Nuevo Leon"}], "mentions": [{"start": 3, "end": 18, "username": "eduardoavelarc"}], "urls": [{"start": 104, "end": 127, "url": "https://t.co/SdpbLvbLJc", "expanded_url": "https://twitter.com/eduardoavelarc/status/1401698749265723392/photo/1", "display_url": "pic.twitter.com/SdpbLvbLJc"}]}, "author_id": "1019804184005275649", "source": "Twitter for iPhone", "created_at": "2021-06-07T05:13:58.000Z", "text": "RT @eduardoavelarc: *Samuel Garcia gana la gobernatura de Nuevo Leon*\n\n-Los que no somos de Nuevo Leon: https://t.co/SdpbLvbLJc", "id": "1401769379377909765", "referenced_tweets": [{"type": "retweeted", "id": "1401698749265723392"}], "attachments": {"media_keys": ["3_1401698745775968259"]}, "public_metrics": {"retweet_count": 599, "reply_count": 0, "like_count": 0, "quote_count": 0}}, "includes": {"users": [{"protected": false, "created_at": "2018-07-19T04:40:39.000Z", "description": "Gabrielle' \n\n\n\n/ \ud83d\udcf7\ud83d\udc9c /", "id": "1019804184005275649", "verified": false, "public_metrics": {"followers_count": 146, "following_count": 204, "tweet_count": 6387, "listed_count": 0}, "username": "gabmegh", "name": "Merit\ud83c\udf39"}]}, "matching_rules": [{"id": 1401767939779436548, "tag": "Samuel Garcia"}]}