{"data": {"entities": {"annotations": [{"start": 49, "end": 62, "probability": 0.3971, "type": "Person", "normalized_text": "Nuevoleonenses"}], "mentions": [{"start": 3, "end": 12, "username": "Chokko30"}, {"start": 93, "end": 108, "username": "samuel_garcias"}]}, "author_id": "988384831200428033", "source": "Twitter for Android", "created_at": "2021-06-07T05:13:58.000Z", "text": "RT @Chokko30: Aqu\u00ed les tra\u00edgo su medicina a esos Nuevoleonenses que votaron por este Pendej0 @samuel_garcias \n\n\u00bfCuantas cajas quieren? Son\u2026", "id": "1401769379944042499", "referenced_tweets": [{"type": "retweeted", "id": "1401717971077058563"}], "public_metrics": {"retweet_count": 103, "reply_count": 0, "like_count": 0, "quote_count": 0}}, "includes": {"users": [{"protected": false, "created_at": "2018-04-23T11:51:21.000Z", "description": "", "id": "988384831200428033", "verified": false, "public_metrics": {"followers_count": 1725, "following_count": 3620, "tweet_count": 147218, "listed_count": 1}, "username": "manho579", "name": "Manho579"}]}, "matching_rules": [{"id": 1401767939779436548, "tag": "Samuel Garcia"}]}