{"data": {"entities": {"annotations": [{"start": 29, "end": 41, "probability": 0.9949, "type": "Person", "normalized_text": "Samuel Garcia"}, {"start": 46, "end": 56, "probability": 0.321, "type": "Other", "normalized_text": "Nuevo Alwin"}], "mentions": [{"start": 3, "end": 19, "username": "El_Funambxlista"}]}, "author_id": "1198500237276569600", "source": "Twitter Web App", "created_at": "2021-06-07T04:56:25.000Z", "text": "RT @El_Funambxlista: Si gan\u00f3 Samuel Garcia en Nuevo Alwin vayan a la verga jajajajaja", "id": "1401764961530040323", "referenced_tweets": [{"type": "retweeted", "id": "1401764842055294980"}], "public_metrics": {"retweet_count": 1, "reply_count": 0, "like_count": 0, "quote_count": 0}}, "includes": {"users": [{"location": "\ud83c\ude51morelos\ud83c\udf35veg\u0e2a\u0e47n\u2766\ud83c\udf0cgamer\ud80c\udc7f\u2622\u2623", "protected": false, "created_at": "2019-11-24T07:16:08.000Z", "description": "\u05d1\u05df \u05d9\u05d4\u05d5\u05d4 \ud83c\uddf2\ud83c\uddfd\ud83c\uddee\ud83c\uddf91.77\n\n#\u8056\u95d8\u58eb\u661f\u77e2\u30e9\u30a4\u30b8\u30f3\u30b0\u30b3\u30b9\u30e2 \n\u264d\ud83c\udfb5\ud83c\udfb6\ud83c\udfb5\ud83c\udfb6 #OST #AST  #allmusic lover\nadmiro el arte en todas sus presentaciones !", "id": "1198500237276569600", "verified": false, "public_metrics": {"followers_count": 609, "following_count": 1269, "tweet_count": 39937, "listed_count": 1}, "username": "ckaifan", "name": "\u16d6\u16de\u16cb\u16a9\u16be"}]}, "matching_rules": [{"id": 1401764684680683523, "tag": "Samuel Garcia"}]}