{"data": {"author_id": "170937288", "source": "Twitter for Android", "created_at": "2021-06-07T05:14:12.000Z", "text": "Ojo aqu\u00ed @samuel_garcias lo voy a esperar con ans\u00edas https://t.co/dB6hHDm2yT", "id": "1401769438194569216", "entities": {"mentions": [{"start": 9, "end": 24, "username": "samuel_garcias"}], "urls": [{"start": 53, "end": 76, "url": "https://t.co/dB6hHDm2yT", "expanded_url": "https://twitter.com/fidusa7/status/1401767778982502402", "display_url": "twitter.com/fidusa7/status\u2026"}]}, "referenced_tweets": [{"type": "quoted", "id": "1401767778982502402"}], "public_metrics": {"retweet_count": 0, "reply_count": 0, "like_count": 0, "quote_count": 0}}, "includes": {"users": [{"location": "del fortin de velez a madrid", "protected": false, "created_at": "2010-07-26T04:28:03.000Z", "description": "Para ser alguien en la vida 1ero hay que creerselo,despues actuar,usar el cerebro antes de mover el hosico #CobraKai lo quieres lo puedes,pero dale......", "id": "170937288", "verified": false, "public_metrics": {"followers_count": 1086, "following_count": 620, "tweet_count": 75873, "listed_count": 5}, "username": "bisbalmistico", "name": "THE PRINCE sayajin..."}]}, "matching_rules": [{"id": 1401767939779436548, "tag": "Samuel Garcia"}]}