{"data": {"in_reply_to_user_id": "1388948532556611585", "author_id": "1351372550727725059", "source": "Twitter for Android", "created_at": "2021-06-07T05:14:13.000Z", "text": "@caricaturxuwu @Alberto19952053 @samuel_garcias @CuitlahuacGJ Ya le dijimos pero no quiere,, solo nos dice arriba paisano jajaja viejo roto", "id": "1401769441365401605", "entities": {"mentions": [{"start": 0, "end": 14, "username": "caricaturxuwu"}, {"start": 15, "end": 31, "username": "Alberto19952053"}, {"start": 32, "end": 47, "username": "samuel_garcias"}, {"start": 48, "end": 61, "username": "CuitlahuacGJ"}]}, "referenced_tweets": [{"type": "replied_to", "id": "1401741104442187777"}], "public_metrics": {"retweet_count": 0, "reply_count": 0, "like_count": 0, "quote_count": 0}}, "includes": {"users": [{"protected": false, "created_at": "2021-01-19T03:35:14.000Z", "description": ".......", "id": "1351372550727725059", "verified": false, "public_metrics": {"followers_count": 1, "following_count": 9, "tweet_count": 5, "listed_count": 0}, "username": "Eduardo32659755", "name": "Eduardo Moreno"}]}, "matching_rules": [{"id": 1401767939779436548, "tag": "Samuel Garcia"}]}