{"data": {"entities": {"annotations": [{"start": 70, "end": 82, "probability": 0.9991, "type": "Person", "normalized_text": "Samuel Garc\u00eda"}, {"start": 101, "end": 110, "probability": 0.9412, "type": "Place", "normalized_text": "Nuevo Le\u00f3n"}], "mentions": [{"start": 3, "end": 12, "username": "PollsMX_"}, {"start": 60, "end": 68, "username": "ceenlmx"}, {"start": 114, "end": 129, "username": "samuel_garcias"}], "hashtags": [{"start": 14, "end": 23, "tag": "Lo\u00daltimo"}]}, "author_id": "187590176", "source": "Twitter for Android", "created_at": "2021-06-07T05:14:18.000Z", "text": "RT @PollsMX_: #Lo\u00daltimo | De acuerdo al conteo r\u00e1pido de la @ceenlmx, Samuel Garc\u00eda tiene ventaja en Nuevo Le\u00f3n.\n\n@samuel_garcias: 35.4 % a\u2026", "id": "1401769462131564548", "referenced_tweets": [{"type": "retweeted", "id": "1401763240082825216"}], "public_metrics": {"retweet_count": 20, "reply_count": 0, "like_count": 0, "quote_count": 0}}, "includes": {"users": [{"location": "M\u00e9xico, D.F.", "protected": false, "created_at": "2010-09-06T17:04:35.000Z", "description": "Good, 'cause you just described my job. I'm Don Quixote, you can be Sancho, she'll be Dulcinea, and everyone out there is the horse.", "id": "187590176", "verified": false, "public_metrics": {"followers_count": 308, "following_count": 1586, "tweet_count": 24278, "listed_count": 1}, "username": "BernasTreSant10", "name": "The Greater Fool"}]}, "matching_rules": [{"id": 1401767939779436546, "tag": "Fernando Larrazabal"}, {"id": 1401767939779436547, "tag": "Adrian de la Garza"}, {"id": 1401767939779436548, "tag": "Samuel Garcia"}, {"id": 1401767939779436549, "tag": "Clara Luz"}]}