{"data": {"entities": {"annotations": [{"start": 62, "end": 74, "probability": 0.9987, "type": "Person", "normalized_text": "Samuel Garcia"}], "mentions": [{"start": 3, "end": 18, "username": "MarioRiveretti"}]}, "author_id": "293299685", "source": "Twitter for Android", "created_at": "2021-06-07T05:14:32.000Z", "text": "RT @MarioRiveretti: Pues hoy qued\u00f3 claro que el pendejo no es Samuel Garcia, el pendejo es el pueblo que s\u00ed vot\u00f3 por \u00e9l.", "id": "1401769520759382017", "referenced_tweets": [{"type": "retweeted", "id": "1401768178032775169"}], "public_metrics": {"retweet_count": 4, "reply_count": 0, "like_count": 0, "quote_count": 0}}, "includes": {"users": [{"protected": false, "created_at": "2011-05-05T03:13:58.000Z", "description": "El mundo cambia con tu ejemplo, no con tu opini\u00f3n. RAYADO\u26bd\ud83d\udc99", "id": "293299685", "verified": false, "public_metrics": {"followers_count": 236, "following_count": 457, "tweet_count": 21882, "listed_count": 1}, "username": "OmarMiranda_", "name": "Omar Miranda"}]}, "matching_rules": [{"id": 1401767939779436548, "tag": "Samuel Garcia"}]}