{"data": {"entities": {"annotations": [{"start": 22, "end": 25, "probability": 0.422, "type": "Place", "normalized_text": "N.L."}], "mentions": [{"start": 27, "end": 41, "username": "lopezobrador_"}, {"start": 42, "end": 56, "username": "mario_delgado"}, {"start": 57, "end": 72, "username": "claraluzflores"}]}, "author_id": "113237200", "source": "Twitter for iPhone", "created_at": "2021-06-07T04:56:28.000Z", "text": "Chingar a su madre de N.L. @lopezobrador_ @mario_delgado @claraluzflores", "id": "1401764975572504577", "context_annotations": [{"domain": {"id": "10", "name": "Person", "description": "Named people in the world like Nelson Mandela"}, "entity": {"id": "905182543464472576", "name": "Andres Manuel Lopez Obrador", "description": "President of Mexico"}}, {"domain": {"id": "35", "name": "Politician", "description": "Politicians in the world, like Joe Biden"}, "entity": {"id": "905182543464472576", "name": "Andres Manuel Lopez Obrador", "description": "President of Mexico"}}], "public_metrics": {"retweet_count": 0, "reply_count": 0, "like_count": 0, "quote_count": 0}}, "includes": {"users": [{"protected": false, "created_at": "2010-02-11T04:11:03.000Z", "description": "", "id": "113237200", "verified": false, "public_metrics": {"followers_count": 262, "following_count": 646, "tweet_count": 6354, "listed_count": 0}, "username": "walo_garza", "name": "gualo gza"}]}, "matching_rules": [{"id": 1401764684680683524, "tag": "Clara Luz"}]}