{"data": {"entities": {"annotations": [{"start": 19, "end": 27, "probability": 0.8827, "type": "Place", "normalized_text": "Monterrey"}], "urls": [{"start": 31, "end": 54, "url": "https://t.co/eAacxPY9fi", "expanded_url": "https://twitter.com/PublimetroMX/status/1401768785766400006", "display_url": "twitter.com/PublimetroMX/s\u2026"}]}, "author_id": "371750543", "source": "Twitter Web App", "created_at": "2021-06-07T05:14:35.000Z", "text": "No me sorprende de Monterrey \ud83e\udd20 https://t.co/eAacxPY9fi", "id": "1401769534495805442", "referenced_tweets": [{"type": "quoted", "id": "1401768785766400006"}], "public_metrics": {"retweet_count": 0, "reply_count": 0, "like_count": 0, "quote_count": 0}}, "includes": {"users": [{"location": "Mexico", "protected": false, "created_at": "2011-09-11T12:59:34.000Z", "description": "", "id": "371750543", "verified": false, "public_metrics": {"followers_count": 612, "following_count": 300, "tweet_count": 4666, "listed_count": 0}, "username": "gersoncast96", "name": "Gerson Casta\u00f1eda"}]}, "matching_rules": [{"id": 1401767939779436548, "tag": "Samuel Garcia"}]}