{"data": {"author_id": "1165788526476218368", "source": "Twitter for iPhone", "created_at": "2021-06-07T05:14:36.000Z", "text": "arriba samuel garcia\ud83e\udde1\ud83d\udcd9\ud83e\udd8a\ud83d\udd25\ud83c\udf4a", "id": "1401769537977028610", "public_metrics": {"retweet_count": 0, "reply_count": 0, "like_count": 0, "quote_count": 0}}, "includes": {"users": [{"protected": false, "created_at": "2019-08-26T00:50:35.000Z", "description": "", "id": "1165788526476218368", "verified": false, "public_metrics": {"followers_count": 223, "following_count": 75, "tweet_count": 8225, "listed_count": 0}, "username": "gabrielaaatr", "name": "gababy"}]}, "matching_rules": [{"id": 1401767939779436548, "tag": "Samuel Garcia"}]}