{"data": {"entities": {"annotations": [{"start": 61, "end": 66, "probability": 0.5824, "type": "Person", "normalized_text": "Morena"}], "mentions": [{"start": 3, "end": 18, "username": "BearGrills8307"}, {"start": 20, "end": 28, "username": "plazevo"}, {"start": 29, "end": 44, "username": "samuel_garcias"}]}, "author_id": "1321876710355308554", "source": "Twitter for Android", "created_at": "2021-06-07T04:56:30.000Z", "text": "RT @BearGrills8307: @plazevo @samuel_garcias Con que no gane Morena.", "id": "1401764982606516225", "referenced_tweets": [{"type": "retweeted", "id": "1401762726289055747"}], "public_metrics": {"retweet_count": 1, "reply_count": 0, "like_count": 0, "quote_count": 0}}, "includes": {"users": [{"protected": false, "created_at": "2020-10-29T18:09:30.000Z", "description": "\u270c\ufe0f\ud83d\ude01", "id": "1321876710355308554", "verified": false, "public_metrics": {"followers_count": 98, "following_count": 471, "tweet_count": 2634, "listed_count": 0}, "username": "MercyXD3", "name": "Mercy__XD"}]}, "matching_rules": [{"id": 1401764684680683523, "tag": "Samuel Garcia"}]}