{"data": {"entities": {"annotations": [{"start": 67, "end": 83, "probability": 0.9985, "type": "Person", "normalized_text": "Mariana Rodriguez"}, {"start": 112, "end": 124, "probability": 0.9951, "type": "Person", "normalized_text": "Samuel Garcia"}], "mentions": [{"start": 3, "end": 16, "username": "pacopernico9"}]}, "author_id": "988384831200428033", "source": "Twitter for Android", "created_at": "2021-06-07T05:14:49.000Z", "text": "RT @pacopernico9: La cara de la anor\u00e9xica y fifi del narcotr\u00e1fico, Mariana Rodriguez, esposa del narcojunior de Samuel Garcia, lo dice abso\u2026", "id": "1401769593434034176", "referenced_tweets": [{"type": "retweeted", "id": "1401705023151742979"}], "public_metrics": {"retweet_count": 85, "reply_count": 0, "like_count": 0, "quote_count": 0}}, "includes": {"users": [{"protected": false, "created_at": "2018-04-23T11:51:21.000Z", "description": "", "id": "988384831200428033", "verified": false, "public_metrics": {"followers_count": 1725, "following_count": 3620, "tweet_count": 147221, "listed_count": 1}, "username": "manho579", "name": "Manho579"}]}, "matching_rules": [{"id": 1401767939779436548, "tag": "Samuel Garcia"}]}