{"data": {"author_id": "1141522122", "source": "Twitter Web App", "created_at": "2021-06-07T05:14:49.000Z", "text": "RT @ChicShion: Todos uds tambien tiene culpa si se confirma lo de NL\n\nQue tal muy jiji jaja con el fosfo fosfo mont\u00e1ndose en estas estupide\u2026", "id": "1401769593581051905", "entities": {"mentions": [{"start": 3, "end": 13, "username": "ChicShion"}]}, "referenced_tweets": [{"type": "retweeted", "id": "1401739800206512134"}], "public_metrics": {"retweet_count": 131, "reply_count": 0, "like_count": 0, "quote_count": 0}}, "includes": {"users": [{"protected": false, "created_at": "2013-02-02T05:07:27.000Z", "description": "#RedAmlo\n#AmloElMejorPresidenteDelMundo\n#EsUnHonorEstarConObrador\n#AMLOLujoDePresidente #VotoMasivoPorMorena2021\ud83d\udcaa\ud83c\uddf2\ud83c\uddfd", "id": "1141522122", "verified": false, "public_metrics": {"followers_count": 1269, "following_count": 1964, "tweet_count": 11172, "listed_count": 0}, "username": "hama1295", "name": "Hugo Mejorado"}]}, "matching_rules": [{"id": 1401767939779436549, "tag": "Clara Luz"}]}