{"data": {"entities": {"annotations": [{"start": 3, "end": 15, "probability": 0.996, "type": "Person", "normalized_text": "Samuel Garcia"}, {"start": 39, "end": 45, "probability": 0.9161, "type": "Person", "normalized_text": "Mariana"}]}, "author_id": "1392962852529475587", "source": "Twitter for iPhone", "created_at": "2021-06-07T05:14:51.000Z", "text": "Si Samuel Garcia gana es solamente por Mariana", "id": "1401769601546002436", "public_metrics": {"retweet_count": 0, "reply_count": 0, "like_count": 0, "quote_count": 0}}, "includes": {"users": [{"protected": false, "created_at": "2021-05-13T22:00:14.000Z", "description": "taylor swift hasta la muerte", "id": "1392962852529475587", "verified": false, "public_metrics": {"followers_count": 26, "following_count": 34, "tweet_count": 141, "listed_count": 0}, "username": "denisseeargueta", "name": "denisse argueta \ud83e\uddda\ud83c\udffb\ud83e\ude90"}]}, "matching_rules": [{"id": 1401767939779436548, "tag": "Samuel Garcia"}]}