{"data": {"entities": {"annotations": [{"start": 67, "end": 69, "probability": 0.9273, "type": "Place", "normalized_text": "Mty"}, {"start": 80, "end": 85, "probability": 0.4975, "type": "Person", "normalized_text": "Morena"}, {"start": 95, "end": 98, "probability": 0.9845, "type": "Place", "normalized_text": "CDMX"}], "mentions": [{"start": 0, "end": 15, "username": "Marcela_Feraud"}, {"start": 16, "end": 30, "username": "RiosCorona222"}, {"start": 31, "end": 47, "username": "AdrianDeLaGarza"}]}, "in_reply_to_user_id": "983177461", "author_id": "1012348109849022465", "source": "Twitter for iPhone", "created_at": "2021-06-07T05:14:53.000Z", "text": "@Marcela_Feraud @RiosCorona222 @AdrianDeLaGarza Lo bueno es que en Mty no entra Morena como en CDMX. Eso si ser\u00eda una desgracia.", "id": "1401769611230683136", "referenced_tweets": [{"type": "replied_to", "id": "1401749594745171970"}], "public_metrics": {"retweet_count": 0, "reply_count": 0, "like_count": 0, "quote_count": 0}}, "includes": {"users": [{"protected": false, "created_at": "2018-06-28T14:52:52.000Z", "description": "Vivo en Monterrey", "id": "1012348109849022465", "verified": false, "public_metrics": {"followers_count": 128, "following_count": 165, "tweet_count": 12584, "listed_count": 1}, "username": "d30193", "name": "Francisco Mtz"}]}, "matching_rules": [{"id": 1401767939779436547, "tag": "Adrian de la Garza"}]}