{"data": {"author_id": "1007024128346460160", "source": "Twitter for Android", "created_at": "2021-06-07T05:14:55.000Z", "text": "Los amigos regios se quejan de los #influencers  que se vendieron por el partido Verde\nPero g\u00fcey votaron por @samuel_garcias https://t.co/i78le3JnUX", "id": "1401769620026105860", "entities": {"mentions": [{"start": 109, "end": 124, "username": "samuel_garcias"}], "urls": [{"start": 125, "end": 148, "url": "https://t.co/i78le3JnUX", "expanded_url": "https://twitter.com/samuel_garcias/status/1401686737911353344", "display_url": "twitter.com/samuel_garcias\u2026"}], "hashtags": [{"start": 35, "end": 47, "tag": "influencers"}]}, "referenced_tweets": [{"type": "quoted", "id": "1401686737911353344"}], "public_metrics": {"retweet_count": 0, "reply_count": 0, "like_count": 0, "quote_count": 0}}, "includes": {"users": [{"location": "Guanajuato, M\u00e9xico", "protected": false, "created_at": "2018-06-13T22:17:16.000Z", "description": "la motivaci\u00f3n es lo que te pone en marcha , el h\u00e1bito es lo que hace que sigas\n-consultor empresarial por vocaci\u00f3n\n-Anti 4T por diversi\u00f3n", "id": "1007024128346460160", "verified": false, "public_metrics": {"followers_count": 48, "following_count": 247, "tweet_count": 12026, "listed_count": 0}, "username": "tmp_jmp", "name": "Jorge"}]}, "matching_rules": [{"id": 1401767939779436548, "tag": "Samuel Garcia"}]}