{"data": {"entities": {"annotations": [{"start": 77, "end": 81, "probability": 0.9537, "type": "Person", "normalized_text": "Larry"}, {"start": 87, "end": 92, "probability": 0.9746, "type": "Person", "normalized_text": "Adri\u00e1n"}], "mentions": [{"start": 0, "end": 16, "username": "Anibal_Alvarado"}, {"start": 17, "end": 33, "username": "FerLarrazabalNL"}, {"start": 34, "end": 49, "username": "FelipeCalderon"}, {"start": 50, "end": 66, "username": "AdrianDeLaGarza"}]}, "in_reply_to_user_id": "180923232", "author_id": "268366385", "source": "Twitter for Android", "created_at": "2021-06-07T05:14:58.000Z", "text": "@Anibal_Alvarado @FerLarrazabalNL @FelipeCalderon @AdrianDeLaGarza Mil veces Larry que Adri\u00e1n.", "id": "1401769630562238465", "referenced_tweets": [{"type": "replied_to", "id": "1401724722212114432"}], "context_annotations": [{"domain": {"id": "10", "name": "Person", "description": "Named people in the world like Nelson Mandela"}, "entity": {"id": "811666356277891072", "name": "Felipe Calder\u00f3n", "description": "Former president of Mexico, Felipe Calder\u00f3n"}}, {"domain": {"id": "35", "name": "Politician", "description": "Politicians in the world, like Joe Biden"}, "entity": {"id": "811666356277891072", "name": "Felipe Calder\u00f3n", "description": "Former president of Mexico, Felipe Calder\u00f3n"}}], "public_metrics": {"retweet_count": 0, "reply_count": 0, "like_count": 0, "quote_count": 0}}, "includes": {"users": [{"location": "Monterrey, Nuevo Le\u00f3n, Mx.", "protected": false, "created_at": "2011-03-18T16:37:01.000Z", "description": "Rayado \ud83d\ude4c\nFutbolista amateur\u26bd\nneoleones \ud83d\udccd\ud83d\udc03", "id": "268366385", "verified": false, "public_metrics": {"followers_count": 152, "following_count": 464, "tweet_count": 1701, "listed_count": 1}, "username": "Josem_lu", "name": "JM! \u26bd\ufe0f"}]}, "matching_rules": [{"id": 1401767939779436546, "tag": "Fernando Larrazabal"}, {"id": 1401767939779436547, "tag": "Adrian de la Garza"}]}