{"data": {"entities": {"annotations": [{"start": 58, "end": 66, "probability": 0.8717, "type": "Place", "normalized_text": "Monterrey"}, {"start": 88, "end": 98, "probability": 0.9373, "type": "Place", "normalized_text": "Guadalajara"}, {"start": 119, "end": 126, "probability": 0.8829, "type": "Place", "normalized_text": "Campeche"}], "mentions": [{"start": 3, "end": 14, "username": "ClementeCH"}, {"start": 72, "end": 86, "username": "colosioriojas"}, {"start": 104, "end": 116, "username": "PabloLemusN"}]}, "author_id": "2361495188", "source": "Twitter for Android", "created_at": "2021-06-07T05:15:02.000Z", "text": "RT @ClementeCH: Tambi\u00e9n estamos arriba en tres capitales: Monterrey con @colosioriojas, Guadalajara con @PabloLemusN y Campeche capital con\u2026", "id": "1401769646819143681", "referenced_tweets": [{"type": "retweeted", "id": "1401765685471154177"}], "public_metrics": {"retweet_count": 5, "reply_count": 0, "like_count": 0, "quote_count": 0}}, "includes": {"users": [{"protected": false, "created_at": "2014-02-25T18:41:49.000Z", "description": "", "id": "2361495188", "verified": false, "public_metrics": {"followers_count": 419, "following_count": 2024, "tweet_count": 18158, "listed_count": 0}, "username": "li_cesar_zavala", "name": "Cesar Zavala"}]}, "matching_rules": [{"id": 1401767939779436548, "tag": "Samuel Garcia"}]}