{"data": {"entities": {"annotations": [{"start": 21, "end": 33, "probability": 0.9969, "type": "Person", "normalized_text": "Samuel Garcia"}, {"start": 58, "end": 67, "probability": 0.3195, "type": "Person", "normalized_text": "Nuevo Leon"}, {"start": 92, "end": 101, "probability": 0.2994, "type": "Person", "normalized_text": "Nuevo Leon"}], "mentions": [{"start": 3, "end": 18, "username": "eduardoavelarc"}], "urls": [{"start": 104, "end": 127, "url": "https://t.co/SdpbLvbLJc", "expanded_url": "https://twitter.com/eduardoavelarc/status/1401698749265723392/photo/1", "display_url": "pic.twitter.com/SdpbLvbLJc"}]}, "author_id": "1321923068571299841", "source": "Twitter for Android", "created_at": "2021-06-07T04:56:32.000Z", "text": "RT @eduardoavelarc: *Samuel Garcia gana la gobernatura de Nuevo Leon*\n\n-Los que no somos de Nuevo Leon: https://t.co/SdpbLvbLJc", "id": "1401764992760827907", "referenced_tweets": [{"type": "retweeted", "id": "1401698749265723392"}], "attachments": {"media_keys": ["3_1401698745775968259"]}, "public_metrics": {"retweet_count": 513, "reply_count": 0, "like_count": 0, "quote_count": 0}}, "includes": {"users": [{"location": "Mexico", "protected": false, "created_at": "2020-10-29T21:13:26.000Z", "description": "GTO | CDMX\n\n\ud83c\udf3e\ud83c\udf77\ud83d\udc02\ud83e\udd13", "id": "1321923068571299841", "verified": false, "public_metrics": {"followers_count": 63, "following_count": 363, "tweet_count": 2316, "listed_count": 0}, "username": "rcrsamuel", "name": "Samuel Rocha"}]}, "matching_rules": [{"id": 1401764684680683523, "tag": "Samuel Garcia"}]}