{"data": {"entities": {"annotations": [{"start": 21, "end": 33, "probability": 0.9969, "type": "Person", "normalized_text": "Samuel Garcia"}, {"start": 58, "end": 67, "probability": 0.3195, "type": "Person", "normalized_text": "Nuevo Leon"}, {"start": 92, "end": 101, "probability": 0.2994, "type": "Person", "normalized_text": "Nuevo Leon"}], "mentions": [{"start": 3, "end": 18, "username": "eduardoavelarc"}], "urls": [{"start": 104, "end": 127, "url": "https://t.co/SdpbLvbLJc", "expanded_url": "https://twitter.com/eduardoavelarc/status/1401698749265723392/photo/1", "display_url": "pic.twitter.com/SdpbLvbLJc"}]}, "author_id": "1341740439314046979", "source": "Twitter for Android", "created_at": "2021-06-07T05:15:14.000Z", "text": "RT @eduardoavelarc: *Samuel Garcia gana la gobernatura de Nuevo Leon*\n\n-Los que no somos de Nuevo Leon: https://t.co/SdpbLvbLJc", "id": "1401769698342154241", "referenced_tweets": [{"type": "retweeted", "id": "1401698749265723392"}], "attachments": {"media_keys": ["3_1401698745775968259"]}, "public_metrics": {"retweet_count": 608, "reply_count": 0, "like_count": 0, "quote_count": 0}}, "includes": {"users": [{"protected": false, "created_at": "2020-12-23T13:40:50.000Z", "description": "Gorilover \ud83e\udd8d\u2764\ufe0f\ud83d\udc85\nSi si quiero llorar Ale Mu\u00f1oz \ud83d\ude2d\ud83d\ude2d\nsaca las pachonas \ud83d\udc40\nOpino bajo mis condiciones \ud83d\udc9c\n#Salven_a_Chiwis \ud83d\udc36", "id": "1341740439314046979", "verified": false, "public_metrics": {"followers_count": 77, "following_count": 146, "tweet_count": 1169, "listed_count": 0}, "username": "Liliana81381516", "name": "Gorilover \ud83d\udc8b"}]}, "matching_rules": [{"id": 1401767939779436548, "tag": "Samuel Garcia"}]}