{"data": {"in_reply_to_user_id": "3372676660", "author_id": "1267521725119553538", "source": "Twitter for Android", "created_at": "2021-06-07T05:15:14.000Z", "text": "@evelynzuiga13 @samuel_garcias Con ganas de robar querr\u00e1s decir jajaja", "id": "1401769699101249541", "entities": {"mentions": [{"start": 0, "end": 14, "username": "evelynzuiga13"}, {"start": 15, "end": 30, "username": "samuel_garcias"}]}, "referenced_tweets": [{"type": "replied_to", "id": "1401751865985933319"}], "public_metrics": {"retweet_count": 0, "reply_count": 0, "like_count": 0, "quote_count": 0}}, "includes": {"users": [{"protected": false, "created_at": "2020-06-01T18:21:55.000Z", "description": "Law student, doggo lover, singing is my verb", "id": "1267521725119553538", "verified": false, "public_metrics": {"followers_count": 1, "following_count": 4, "tweet_count": 7, "listed_count": 0}, "username": "Daniela69469262", "name": "Daniela Bernal"}]}, "matching_rules": [{"id": 1401767939779436548, "tag": "Samuel Garcia"}]}