{"data": {"entities": {"annotations": [{"start": 45, "end": 54, "probability": 0.8949, "type": "Place", "normalized_text": "Nuevo Le\u00f3n"}], "mentions": [{"start": 3, "end": 15, "username": "CarlosLoret"}, {"start": 58, "end": 73, "username": "samuel_garcias"}, {"start": 75, "end": 89, "username": "ClaudioOchoaH"}], "urls": [{"start": 110, "end": 133, "url": "https://t.co/J1mbHOSzx0", "expanded_url": "https://youtu.be/OFUFafpfrVY", "display_url": "youtu.be/OFUFafpfrVY", "images": [{"url": "https://pbs.twimg.com/news_img/1401690459945279488/vahGV8bC?format=jpg&name=orig", "width": 1280, "height": 720}, {"url": "https://pbs.twimg.com/news_img/1401690459945279488/vahGV8bC?format=jpg&name=150x150", "width": 150, "height": 150}], "status": 200, "title": "#Elecciones2021Mx", "description": "#Latinus #Informaci\u00f3nParaTi", "unwound_url": "https://www.youtube.com/watch?v=OFUFafpfrVY&feature=youtu.be"}], "hashtags": [{"start": 90, "end": 107, "tag": "Elecciones2021MX"}]}, "author_id": "389151398", "source": "Twitter for Android", "created_at": "2021-06-07T05:15:16.000Z", "text": "RT @CarlosLoret: Las tendencias favorecen en Nuevo Le\u00f3n a @samuel_garcias: @ClaudioOchoaH #Elecciones2021MX : https://t.co/J1mbHOSzx0", "id": "1401769706093154304", "referenced_tweets": [{"type": "retweeted", "id": "1401767744123686918"}], "context_annotations": [{"domain": {"id": "10", "name": "Person", "description": "Named people in the world like Nelson Mandela"}, "entity": {"id": "809506024583360512", "name": "Carlos Loret de Mola", "description": "Carlos Loret de Mola"}}, {"domain": {"id": "94", "name": "Journalist", "description": "A journalist like 'Anderson Cooper'"}, "entity": {"id": "809506024583360512", "name": "Carlos Loret de Mola", "description": "Carlos Loret de Mola"}}], "public_metrics": {"retweet_count": 20, "reply_count": 0, "like_count": 0, "quote_count": 0}}, "includes": {"users": [{"location": "\ud83c\uddf2\ud83c\uddfd\ud83c\udfd6\ufe0f\u26f0\ufe0f\ud83d\ude9c\ud83d\ude9a\ud83c\udfc8", "protected": false, "created_at": "2011-10-11T23:14:58.000Z", "description": "Cuando el esp\u00edritu se desprende de la materia va en busca de su propia liberaci\u00f3n", "id": "389151398", "verified": false, "public_metrics": {"followers_count": 197, "following_count": 544, "tweet_count": 31751, "listed_count": 0}, "username": "diegobravovelaz", "name": "diegobravovelazquez"}]}, "matching_rules": [{"id": 1401767939779436548, "tag": "Samuel Garcia"}]}