{"data": {"in_reply_to_user_id": "1147658183378272256", "author_id": "50400100", "source": "Twitter for iPhone", "created_at": "2021-06-07T05:15:16.000Z", "text": "@DonPorfifirio @claraluzflores El final de pel\u00edcula! Jajaja \ud83e\udd2d", "id": "1401769708492185602", "entities": {"mentions": [{"start": 0, "end": 14, "username": "DonPorfifirio"}, {"start": 15, "end": 30, "username": "claraluzflores"}]}, "referenced_tweets": [{"type": "replied_to", "id": "1401727667972489216"}], "public_metrics": {"retweet_count": 0, "reply_count": 0, "like_count": 0, "quote_count": 0}}, "includes": {"users": [{"protected": false, "created_at": "2009-06-24T19:05:24.000Z", "description": "Comunic\u00f3loga y pedagoga de profesi\u00f3n pero chef de coraz\u00f3n. Bride to be y soprano que no canta en p\u00fablico. Emp\u00edricamente inspirada por Dios ~", "id": "50400100", "verified": false, "public_metrics": {"followers_count": 599, "following_count": 603, "tweet_count": 21654, "listed_count": 11}, "username": "Lyaalfaro", "name": "Lya Alfaro"}]}, "matching_rules": [{"id": 1401767939779436549, "tag": "Clara Luz"}]}