{"data": {"in_reply_to_user_id": "2285954959", "author_id": "264481345", "source": "Twitter for iPhone", "created_at": "2021-06-07T04:56:35.000Z", "text": "@OscarFernandoLp @samuel_garcias Pues est\u00e1n diciendo q parece q gan\u00f3 \ud83e\udd71", "id": "1401765006128058369", "entities": {"mentions": [{"start": 0, "end": 16, "username": "OscarFernandoLp"}, {"start": 17, "end": 32, "username": "samuel_garcias"}]}, "referenced_tweets": [{"type": "replied_to", "id": "1399718196920340480"}], "public_metrics": {"retweet_count": 0, "reply_count": 0, "like_count": 0, "quote_count": 0}}, "includes": {"users": [{"location": "M\u00e9xico", "protected": false, "created_at": "2011-03-12T00:09:18.000Z", "description": "Tejo luego existo \ud83e\uddf6 \ud83e\udd62", "id": "264481345", "verified": false, "public_metrics": {"followers_count": 706, "following_count": 944, "tweet_count": 40025, "listed_count": 15}, "username": "cielinni", "name": "Cielinni \ud83d\ude4b\ud83c\udffc\u200d\u2640\ufe0f"}]}, "matching_rules": [{"id": 1401764684680683523, "tag": "Samuel Garcia"}]}