{"data": {"entities": {"annotations": [{"start": 21, "end": 33, "probability": 0.9969, "type": "Person", "normalized_text": "Samuel Garcia"}, {"start": 58, "end": 67, "probability": 0.3195, "type": "Person", "normalized_text": "Nuevo Leon"}, {"start": 92, "end": 101, "probability": 0.2994, "type": "Person", "normalized_text": "Nuevo Leon"}], "mentions": [{"start": 3, "end": 18, "username": "eduardoavelarc"}], "urls": [{"start": 104, "end": 127, "url": "https://t.co/SdpbLvbLJc", "expanded_url": "https://twitter.com/eduardoavelarc/status/1401698749265723392/photo/1", "display_url": "pic.twitter.com/SdpbLvbLJc"}]}, "author_id": "91637076", "source": "Twitter for Android", "created_at": "2021-06-07T05:15:18.000Z", "text": "RT @eduardoavelarc: *Samuel Garcia gana la gobernatura de Nuevo Leon*\n\n-Los que no somos de Nuevo Leon: https://t.co/SdpbLvbLJc", "id": "1401769715161128963", "referenced_tweets": [{"type": "retweeted", "id": "1401698749265723392"}], "attachments": {"media_keys": ["3_1401698745775968259"]}, "public_metrics": {"retweet_count": 608, "reply_count": 0, "like_count": 0, "quote_count": 0}}, "includes": {"users": [{"location": "Mexico", "protected": false, "created_at": "2009-11-21T19:30:59.000Z", "description": "| ELF | \u2764\ufe0f D&E \u2764\ufe0f | King Kangin  |07/11/13 -SJ- 27/04/18| KAISOO - EXO since 2012", "id": "91637076", "verified": false, "public_metrics": {"followers_count": 1794, "following_count": 510, "tweet_count": 61214, "listed_count": 6}, "username": "MrsNitro_Grr", "name": "Haelofish \u30c4"}]}, "matching_rules": [{"id": 1401767939779436548, "tag": "Samuel Garcia"}]}