{"data": {"entities": {"annotations": [{"start": 73, "end": 75, "probability": 0.8549, "type": "Organization", "normalized_text": "PAN"}, {"start": 79, "end": 81, "probability": 0.8658, "type": "Organization", "normalized_text": "PRI"}, {"start": 87, "end": 96, "probability": 0.9388, "type": "Place", "normalized_text": "Nuevo Le\u00f3n"}], "mentions": [{"start": 3, "end": 13, "username": "tripa1974"}, {"start": 15, "end": 30, "username": "Marcela_Feraud"}, {"start": 31, "end": 47, "username": "AdrianDeLaGarza"}]}, "author_id": "176882558", "source": "Twitter for Android", "created_at": "2021-06-07T05:15:31.000Z", "text": "RT @tripa1974: @Marcela_Feraud @AdrianDeLaGarza P1nches! Los partidos de PAN y PRI- en Nuevo Le\u00f3n, por dividir el voto!\nEl PAN debi\u00f3 declin\u2026", "id": "1401769770349912064", "referenced_tweets": [{"type": "retweeted", "id": "1401752156139622401"}], "public_metrics": {"retweet_count": 8, "reply_count": 0, "like_count": 0, "quote_count": 0}}, "includes": {"users": [{"protected": false, "created_at": "2010-08-10T17:58:43.000Z", "description": "Mis opiniones son personales, no verdad absoluta.  Apartidista pero no ap\u00e1tico, acudo a votar y lo hago con conciencia. No acepto cuentas chairas.", "id": "176882558", "verified": false, "public_metrics": {"followers_count": 2526, "following_count": 4299, "tweet_count": 89481, "listed_count": 4}, "username": "Radi58", "name": "\ud835\udd7d\ud835\udd86\ud835\udd9e\ud835\udd92\ud835\udd9a\ud835\udd93\ud835\udd89\ud835\udd94 \ud835\udd7c\ud835\udd97\ud835\udd94."}]}, "matching_rules": [{"id": 1401767939779436547, "tag": "Adrian de la Garza"}]}