{"data": {"entities": {"annotations": [{"start": 62, "end": 74, "probability": 0.9987, "type": "Person", "normalized_text": "Samuel Garcia"}], "mentions": [{"start": 3, "end": 18, "username": "MarioRiveretti"}]}, "author_id": "273578464", "source": "Twitter for Android", "created_at": "2021-06-07T05:15:32.000Z", "text": "RT @MarioRiveretti: Pues hoy qued\u00f3 claro que el pendejo no es Samuel Garcia, el pendejo es el pueblo que s\u00ed vot\u00f3 por \u00e9l.", "id": "1401769774724517892", "referenced_tweets": [{"type": "retweeted", "id": "1401768178032775169"}], "public_metrics": {"retweet_count": 7, "reply_count": 0, "like_count": 0, "quote_count": 0}}, "includes": {"users": [{"protected": false, "created_at": "2011-03-28T19:21:58.000Z", "description": "", "id": "273578464", "verified": false, "public_metrics": {"followers_count": 187, "following_count": 508, "tweet_count": 22445, "listed_count": 0}, "username": "juangarcabrera", "name": "JGC siempre"}]}, "matching_rules": [{"id": 1401767939779436548, "tag": "Samuel Garcia"}]}