{"data": {"entities": {"annotations": [{"start": 12, "end": 24, "probability": 0.9959, "type": "Person", "normalized_text": "Samuel Garcia"}], "mentions": [{"start": 0, "end": 11, "username": "Bere543210"}]}, "in_reply_to_user_id": "2457043868", "author_id": "1358443932049358852", "source": "Twitter for Android", "created_at": "2021-06-07T05:15:35.000Z", "text": "@Bere543210 Samuel Garcia una elecci\u00f3n err\u00f3nea.", "id": "1401769787445948420", "referenced_tweets": [{"type": "replied_to", "id": "1401717362227912704"}], "public_metrics": {"retweet_count": 0, "reply_count": 0, "like_count": 0, "quote_count": 0}}, "includes": {"users": [{"location": "La4Transformacion", "protected": false, "created_at": "2021-02-07T15:54:29.000Z", "description": "#REDAMLO\n#DefensorDeLa4T\n#VotaPorMORENA\nNo Bots No Oposici\u00f3n.\n1000% OBRADORISTA\n1000% seguidor de @lopezobrador_\n#VotoMasivoPorMORENA", "id": "1358443932049358852", "verified": false, "public_metrics": {"followers_count": 2826, "following_count": 4352, "tweet_count": 28856, "listed_count": 2}, "username": "EduardoMF26", "name": "Eduardo Mart\u00ednez Fonseca. #VotaTodoMORENA"}]}, "matching_rules": [{"id": 1401767939779436548, "tag": "Samuel Garcia"}]}