{"data": {"entities": {"annotations": [{"start": 22, "end": 26, "probability": 0.6776, "type": "Place", "normalized_text": "N. L."}, {"start": 64, "end": 69, "probability": 0.4588, "type": "Person", "normalized_text": "Morena"}, {"start": 122, "end": 130, "probability": 0.7524, "type": "Person", "normalized_text": "Clara Luz"}], "mentions": [{"start": 3, "end": 17, "username": "PoetaCaminate"}]}, "author_id": "743586934082011136", "source": "Twitter for Android", "created_at": "2021-06-07T05:15:38.000Z", "text": "RT @PoetaCaminate: En N. L. las encuestas de salida indican que Morena va a perder. Desde que aceptaron la candidatura de Clara Luz, advert\u2026", "id": "1401769800670584832", "referenced_tweets": [{"type": "retweeted", "id": "1401694082175545344"}], "public_metrics": {"retweet_count": 193, "reply_count": 0, "like_count": 0, "quote_count": 0}}, "includes": {"users": [{"protected": false, "created_at": "2016-06-16T23:31:55.000Z", "description": "Antes @pocopelo22  vs el Neoliberalismo, Moreno hasta en mi color de piel, fan de #Amlo, necio, estoy con Ebrard para 2024-2030 ! \n https://t.co/DDHc6JBzGY", "id": "743586934082011136", "verified": false, "public_metrics": {"followers_count": 14716, "following_count": 14789, "tweet_count": 254679, "listed_count": 62}, "username": "pocopelo23", "name": "Ignacio Hernandez  El Prieto Chulo y #MeCansoGanso"}]}, "matching_rules": [{"id": 1401767939779436549, "tag": "Clara Luz"}]}