{"data": {"author_id": "117620238", "source": "Twitter for Android", "created_at": "2021-06-07T05:15:38.000Z", "text": "Jajaja...\nTal vez es cierto...\nAunque el resto del pa\u00eds no se queda atr\u00e1s, si eligieron #Amlo de presidente... https://t.co/IIIGaCxx2L", "id": "1401769801509261318", "referenced_tweets": [{"type": "quoted", "id": "1401762578653532163"}], "entities": {"urls": [{"start": 111, "end": 134, "url": "https://t.co/IIIGaCxx2L", "expanded_url": "https://twitter.com/plazevo/status/1401762578653532163", "display_url": "twitter.com/plazevo/status\u2026"}], "hashtags": [{"start": 88, "end": 93, "tag": "Amlo"}]}, "context_annotations": [{"domain": {"id": "10", "name": "Person", "description": "Named people in the world like Nelson Mandela"}, "entity": {"id": "905182543464472576", "name": "Andres Manuel Lopez Obrador", "description": "President of Mexico"}}, {"domain": {"id": "35", "name": "Politician", "description": "Politicians in the world, like Joe Biden"}, "entity": {"id": "905182543464472576", "name": "Andres Manuel Lopez Obrador", "description": "President of Mexico"}}], "public_metrics": {"retweet_count": 0, "reply_count": 0, "like_count": 0, "quote_count": 0}}, "includes": {"users": [{"location": "Monterrey", "protected": false, "created_at": "2010-02-26T02:53:12.000Z", "description": "MEX. Ing Industrial y MBA ITESM, MTY. ExBorrego (FB Americano). Deportista ( Soccer, BaseBall, TaeKownDo, Box, Triatl\u00f3n-Ironman). Tigres \ud83d\udc2f hasta la muerte.", "id": "117620238", "verified": false, "public_metrics": {"followers_count": 254, "following_count": 1082, "tweet_count": 5088, "listed_count": 5}, "username": "GerardoMTZ46", "name": "La Coneja"}]}, "matching_rules": [{"id": 1401767939779436548, "tag": "Samuel Garcia"}]}