{"data": {"author_id": "65112094", "source": "Twitter for Android", "created_at": "2021-06-07T05:15:45.000Z", "text": "RT @ClaudioOchoaH: El conteo r\u00e1pido, es decir oficial, le da a @samuel_garcias el primer lugar y una ventaja de 10 puntos sobre @AdrianDeLa\u2026", "id": "1401769828130508800", "entities": {"mentions": [{"start": 3, "end": 17, "username": "ClaudioOchoaH"}, {"start": 63, "end": 78, "username": "samuel_garcias"}]}, "referenced_tweets": [{"type": "retweeted", "id": "1401768944281784320"}], "public_metrics": {"retweet_count": 10, "reply_count": 0, "like_count": 0, "quote_count": 0}}, "includes": {"users": [{"protected": false, "created_at": "2009-08-12T18:17:00.000Z", "description": "Orgullo Neoleon\u00e9s, Amigo, Rayado y Mexicano, Lo mejor esta por venir... Eclesiast\u00e9s 3, 1-11 HE 18,9 Animo Firme Viva la Cruz!!!!", "id": "65112094", "verified": false, "public_metrics": {"followers_count": 454, "following_count": 456, "tweet_count": 41127, "listed_count": 6}, "username": "jp_alvarezg", "name": "juan pablo a g"}]}, "matching_rules": [{"id": 1401767939779436547, "tag": "Adrian de la Garza"}, {"id": 1401767939779436548, "tag": "Samuel Garcia"}]}