{"data": {"entities": {"annotations": [{"start": 51, "end": 63, "probability": 0.9987, "type": "Person", "normalized_text": "Samuel Garc\u00eda"}], "mentions": [{"start": 33, "end": 48, "username": "MovCiudadanoNL"}, {"start": 65, "end": 80, "username": "samuel_garcias"}, {"start": 193, "end": 203, "username": "INEMexico"}, {"start": 250, "end": 266, "username": "AdrianDeLaGarza"}], "urls": [{"start": 268, "end": 291, "url": "https://t.co/MQjRXUi5qJ", "expanded_url": "https://twitter.com/diario24horas/status/1401769831104495617/photo/1", "display_url": "pic.twitter.com/MQjRXUi5qJ"}], "hashtags": [{"start": 3, "end": 14, "tag": "ULTIMAHORA"}, {"start": 145, "end": 155, "tag": "NuevoLeon"}]}, "author_id": "357050985", "source": "TweetDeck", "created_at": "2021-06-07T05:15:46.000Z", "text": "\ud83d\udd34\u26a1 #ULTIMAHORA | El candidato de @MovCiudadanoNL, Samuel Garc\u00eda (@samuel_garcias), se perfila como el ganador de la elecci\u00f3n a la gubernatura de #NuevoLeon, de acuerdo con el conteo r\u00e1pido del @INEMexico. El emecista aventaja por 9 puntos al priista @AdrianDeLaGarza. https://t.co/MQjRXUi5qJ", "id": "1401769831104495617", "attachments": {"media_keys": ["3_1401769824636727298"]}, "public_metrics": {"retweet_count": 0, "reply_count": 0, "like_count": 0, "quote_count": 0}}, "includes": {"users": [{"location": "M\u00e9xico", "protected": false, "created_at": "2011-08-17T19:30:28.000Z", "description": "El primer peri\u00f3dico sin costo, con informaci\u00f3n propia y de primera mano.", "id": "357050985", "verified": true, "public_metrics": {"followers_count": 361315, "following_count": 600, "tweet_count": 824781, "listed_count": 2422}, "username": "diario24horas", "name": "@diario24horas"}]}, "matching_rules": [{"id": 1401767939779436547, "tag": "Adrian de la Garza"}, {"id": 1401767939779436548, "tag": "Samuel Garcia"}]}