{"data": {"entities": {"annotations": [{"start": 110, "end": 119, "probability": 0.8411, "type": "Place", "normalized_text": "Nuevo Le\u00f3n"}, {"start": 140, "end": 152, "probability": 0.9946, "type": "Person", "normalized_text": "Samuel garcia"}, {"start": 172, "end": 177, "probability": 0.9791, "type": "Place", "normalized_text": "M\u00e9xico"}], "mentions": [{"start": 0, "end": 16, "username": "AristeguiOnline"}, {"start": 48, "end": 60, "username": "franco_esca"}]}, "in_reply_to_user_id": "520653311", "author_id": "1373111737898082305", "source": "Twitter for Android", "created_at": "2021-06-07T05:15:47.000Z", "text": "@AristeguiOnline En nuevo le\u00f3n,  puedes poner a @franco_esca  y va a ganar\n\nEs una caricatura los votantes en Nuevo Le\u00f3n.  Que vaya a ganar Samuel garcia eso s\u00ed preocupa a M\u00e9xico.   Tambi\u00e9n los que votan para morena \ud83d\ude06", "id": "1401769836305272837", "referenced_tweets": [{"type": "replied_to", "id": "1401768666497232899"}], "context_annotations": [{"domain": {"id": "47", "name": "Brand", "description": "Brands and Companies"}, "entity": {"id": "1224775996773040128", "name": "Aristegui Noticias"}}, {"domain": {"id": "119", "name": "Holiday", "description": "Holidays like Christmas or Halloween"}, "entity": {"id": "1286645331686350848", "name": "Dia de la Independencia (Grito de Dolores) ", "description": "This entity includes conversations about Dia de la Independencia (Grito de Dolores) for all years."}}], "public_metrics": {"retweet_count": 0, "reply_count": 0, "like_count": 0, "quote_count": 0}}, "includes": {"users": [{"protected": false, "created_at": "2021-03-20T03:18:52.000Z", "description": "cruz", "id": "1373111737898082305", "verified": false, "public_metrics": {"followers_count": 10, "following_count": 50, "tweet_count": 39, "listed_count": 0}, "username": "Cruz16081922", "name": "Cruz"}]}, "matching_rules": [{"id": 1401767939779436548, "tag": "Samuel Garcia"}]}