{"data": {"entities": {"annotations": [{"start": 72, "end": 81, "probability": 0.6326, "type": "Place", "normalized_text": "Nuevo Le\u00f3n"}, {"start": 87, "end": 95, "probability": 0.735, "type": "Person", "normalized_text": "Clara Luz"}], "mentions": [{"start": 3, "end": 13, "username": "GlodeJo07"}], "urls": [{"start": 107, "end": 130, "url": "https://t.co/uLDujUMqTP", "expanded_url": "https://twitter.com/GlodeJo07/status/1401682107634794500/photo/1", "display_url": "pic.twitter.com/uLDujUMqTP"}]}, "author_id": "2612986100", "source": "Twitter for iPhone", "created_at": "2021-06-07T05:15:48.000Z", "text": "RT @GlodeJo07: Mi perrita tiene m\u00e1s posibilidades de ser gobernadora de Nuevo Le\u00f3n qu\u00e9 Clara Luz, la neta. https://t.co/uLDujUMqTP", "id": "1401769843091599361", "referenced_tweets": [{"type": "retweeted", "id": "1401682107634794500"}], "attachments": {"media_keys": ["3_1401682104304517123"]}, "public_metrics": {"retweet_count": 189, "reply_count": 0, "like_count": 0, "quote_count": 0}}, "includes": {"users": [{"location": "Mexico", "protected": false, "created_at": "2014-07-09T05:22:12.000Z", "description": "", "id": "2612986100", "verified": false, "public_metrics": {"followers_count": 59, "following_count": 206, "tweet_count": 44501, "listed_count": 0}, "username": "nancina85", "name": "Nancy Basurto"}]}, "matching_rules": [{"id": 1401767939779436549, "tag": "Clara Luz"}]}