{"data": {"author_id": "4330387573", "source": "Twitter for Android", "created_at": "2021-06-07T05:15:50.000Z", "text": "Los Preliminares en #NuevoLeon\n@samuel_garcias \nAventaja por casi 11% diferencia\nal 2do lugar. hasta el momento 10.20% del Conteo\n#NuevoLe\u00f3nDecide2021 \n#VotoInteligente \n#VOTACIONES2021 https://t.co/FqKzJO6E3y", "id": "1401769850091999237", "entities": {"mentions": [{"start": 31, "end": 46, "username": "samuel_garcias"}], "urls": [{"start": 186, "end": 209, "url": "https://t.co/FqKzJO6E3y", "expanded_url": "https://twitter.com/PROcurementMX/status/1401769850091999237/photo/1", "display_url": "pic.twitter.com/FqKzJO6E3y"}], "hashtags": [{"start": 20, "end": 30, "tag": "NuevoLeon"}, {"start": 130, "end": 150, "tag": "NuevoLe\u00f3nDecide2021"}, {"start": 152, "end": 168, "tag": "VotoInteligente"}, {"start": 170, "end": 185, "tag": "VOTACIONES2021"}]}, "attachments": {"media_keys": ["3_1401769848024223744"]}, "public_metrics": {"retweet_count": 0, "reply_count": 0, "like_count": 0, "quote_count": 0}}, "includes": {"users": [{"location": "M\u00e9xico", "protected": false, "created_at": "2015-11-23T04:41:00.000Z", "description": "Passions #OilandGas, #Procurement\nEffectiveness in Energy Projects \n#Sourcing #Contracts #Negotiations #SupplyChain", "id": "4330387573", "verified": false, "public_metrics": {"followers_count": 357, "following_count": 737, "tweet_count": 3114, "listed_count": 4}, "username": "PROcurementMX", "name": "Procure O&G"}]}, "matching_rules": [{"id": 1401767939779436548, "tag": "Samuel Garcia"}]}