{"data": {"in_reply_to_user_id": "83445431", "author_id": "2615012650", "source": "Twitter for iPhone", "created_at": "2021-06-07T05:15:52.000Z", "text": "@AnibalMSilvaMx @ZMyBerg @AdrianDeLaGarza @MarkoCortes NL es muy importante y no quiso ni aliarse ni declinar a\u00fan sabiendo que iba muy atr\u00e1s", "id": "1401769857671106562", "entities": {"mentions": [{"start": 0, "end": 15, "username": "AnibalMSilvaMx"}, {"start": 16, "end": 24, "username": "ZMyBerg"}, {"start": 25, "end": 41, "username": "AdrianDeLaGarza"}, {"start": 42, "end": 54, "username": "MarkoCortes"}]}, "referenced_tweets": [{"type": "replied_to", "id": "1401763955236913156"}], "public_metrics": {"retweet_count": 0, "reply_count": 0, "like_count": 0, "quote_count": 0}}, "includes": {"users": [{"protected": false, "created_at": "2014-06-16T19:11:54.000Z", "description": "", "id": "2615012650", "verified": false, "public_metrics": {"followers_count": 1338, "following_count": 1576, "tweet_count": 11160, "listed_count": 2}, "username": "lilicoro70", "name": "Lili Coro"}]}, "matching_rules": [{"id": 1401767939779436547, "tag": "Adrian de la Garza"}]}