{"data": {"entities": {"annotations": [{"start": 21, "end": 33, "probability": 0.9969, "type": "Person", "normalized_text": "Samuel Garcia"}, {"start": 58, "end": 67, "probability": 0.3195, "type": "Person", "normalized_text": "Nuevo Leon"}, {"start": 92, "end": 101, "probability": 0.2994, "type": "Person", "normalized_text": "Nuevo Leon"}], "mentions": [{"start": 3, "end": 18, "username": "eduardoavelarc"}], "urls": [{"start": 104, "end": 127, "url": "https://t.co/SdpbLvbLJc", "expanded_url": "https://twitter.com/eduardoavelarc/status/1401698749265723392/photo/1", "display_url": "pic.twitter.com/SdpbLvbLJc"}]}, "author_id": "1025320650", "source": "Twitter for Android", "created_at": "2021-06-07T05:16:05.000Z", "text": "RT @eduardoavelarc: *Samuel Garcia gana la gobernatura de Nuevo Leon*\n\n-Los que no somos de Nuevo Leon: https://t.co/SdpbLvbLJc", "id": "1401769913572864002", "referenced_tweets": [{"type": "retweeted", "id": "1401698749265723392"}], "attachments": {"media_keys": ["3_1401698745775968259"]}, "public_metrics": {"retweet_count": 612, "reply_count": 0, "like_count": 0, "quote_count": 0}}, "includes": {"users": [{"protected": false, "created_at": "2012-12-21T00:39:15.000Z", "description": "\ud83d\udc68\u200d\ud83d\udc69\u200d\ud83d\udc67\ud83d\udc95\nFan @Tuzos \u00d7 @Broncos", "id": "1025320650", "verified": false, "public_metrics": {"followers_count": 1101, "following_count": 489, "tweet_count": 13237, "listed_count": 5}, "username": "almonacii", "name": "Carmen"}]}, "matching_rules": [{"id": 1401767939779436548, "tag": "Samuel Garcia"}]}