{"data": {"entities": {"annotations": [{"start": 25, "end": 37, "probability": 0.9973, "type": "Person", "normalized_text": "Samuel Garcia"}], "mentions": [{"start": 3, "end": 11, "username": "panaclo"}, {"start": 126, "end": 133, "username": "jshm00"}]}, "author_id": "611988501", "source": "Twitter for iPhone", "created_at": "2021-06-07T05:16:06.000Z", "text": "RT @panaclo: El que gane Samuel Garcia es el triunfo de una generaci\u00f3n de influencers , que ganan aunque digan barbaridades . @jshm00", "id": "1401769918895325185", "referenced_tweets": [{"type": "retweeted", "id": "1401768546879696899"}], "public_metrics": {"retweet_count": 2, "reply_count": 0, "like_count": 0, "quote_count": 0}}, "includes": {"users": [{"protected": false, "created_at": "2012-06-18T18:55:17.000Z", "description": "||Fan account|| C.P. Fiscalista (NO chair0s) Army", "id": "611988501", "verified": false, "public_metrics": {"followers_count": 9258, "following_count": 8221, "tweet_count": 108649, "listed_count": 13}, "username": "dany11__", "name": "Dany \u00ae\u2122"}]}, "matching_rules": [{"id": 1401767939779436548, "tag": "Samuel Garcia"}]}