{"data": {"author_id": "43172108", "geo": {"place_id": "1c69a67ad480e1b1"}, "source": "Twitter for iPhone", "created_at": "2021-06-07T05:16:08.000Z", "text": "Siento que la @claraluzflores fue solo una chivo para encumbrar a @samuel_garcias.\n\nBien hecho @PartidoMorenaMx y @DanteDelgado, son unas verdaderos Maquiavelos!!", "id": "1401769923823734790", "entities": {"mentions": [{"start": 14, "end": 29, "username": "claraluzflores"}, {"start": 66, "end": 81, "username": "samuel_garcias"}, {"start": 95, "end": 111, "username": "PartidoMorenaMx"}, {"start": 114, "end": 127, "username": "DanteDelgado"}]}, "public_metrics": {"retweet_count": 0, "reply_count": 0, "like_count": 0, "quote_count": 0}}, "includes": {"users": [{"location": "Laredo, TX", "protected": false, "created_at": "2009-05-28T19:02:21.000Z", "description": "Abogado. Caxtilatlahto. Gostoso. Bipolar. Amigo de mis Amigos. Taurino. Chiva. Art. 89 CFF                  -ZEIKAN Services & Confabulario Log\u00edstico-", "id": "43172108", "verified": false, "public_metrics": {"followers_count": 624, "following_count": 1890, "tweet_count": 33480, "listed_count": 11}, "username": "jm_mendez", "name": "JuanMa M\u00e9ndez | \u7a0e\u95a2"}]}, "matching_rules": [{"id": 1401767939779436548, "tag": "Samuel Garcia"}, {"id": 1401767939779436549, "tag": "Clara Luz"}]}