{"data": {"entities": {"annotations": [{"start": 69, "end": 75, "probability": 0.4213, "type": "Place", "normalized_text": "Estados"}, {"start": 173, "end": 179, "probability": 0.9809, "type": "Place", "normalized_text": "Morelos"}, {"start": 189, "end": 192, "probability": 0.3181, "type": "Person", "normalized_text": "Cuah"}], "mentions": [{"start": 0, "end": 14, "username": "porktendencia"}, {"start": 15, "end": 23, "username": "ceenlmx"}, {"start": 24, "end": 39, "username": "samuel_garcias"}]}, "in_reply_to_user_id": "1366914800907931659", "author_id": "994072764079398912", "source": "Twitter for Android", "created_at": "2021-06-07T05:16:11.000Z", "text": "@porktendencia @ceenlmx @samuel_garcias Que mala onda por uno de los Estados donde m\u00e1s hay  varo y que vallan a ser gobernados por ese pinche meme andante pero en fin si en Morelos esta el Cuah, cuando entenderemos que esto no es un juego de popularidad sino el futuro de tu ciudad,estado y pa\u00eds", "id": "1401769937597775876", "referenced_tweets": [{"type": "replied_to", "id": "1401767367273713672"}], "public_metrics": {"retweet_count": 0, "reply_count": 0, "like_count": 0, "quote_count": 0}}, "includes": {"users": [{"location": "Le\u00f3n, Guanajuato", "protected": false, "created_at": "2018-05-09T04:33:10.000Z", "description": "Nada de nada", "id": "994072764079398912", "verified": false, "public_metrics": {"followers_count": 26, "following_count": 82, "tweet_count": 2606, "listed_count": 0}, "username": "pumapobre", "name": "Eddy"}]}, "matching_rules": [{"id": 1401767939779436548, "tag": "Samuel Garcia"}]}