{"data": {"entities": {"annotations": [{"start": 24, "end": 33, "probability": 0.6222, "type": "Person", "normalized_text": "Kanye West"}, {"start": 54, "end": 69, "probability": 0.6984, "type": "Person", "normalized_text": "Clara Luz Flores"}], "mentions": [{"start": 3, "end": 16, "username": "MegamanyouMX"}], "urls": [{"start": 74, "end": 97, "url": "https://t.co/sk9ubvPyaw", "expanded_url": "https://twitter.com/MegamanyouMX/status/1401686424265560066/photo/1", "display_url": "pic.twitter.com/sk9ubvPyaw"}]}, "author_id": "436310994", "source": "Twitter for Android", "created_at": "2021-06-07T05:16:16.000Z", "text": "RT @MegamanyouMX: Hasta Kanye West tuvo m\u00e1s votos que Clara Luz Flores \ud83d\ude22. https://t.co/sk9ubvPyaw", "id": "1401769959538233352", "referenced_tweets": [{"type": "retweeted", "id": "1401686424265560066"}], "context_annotations": [{"domain": {"id": "10", "name": "Person", "description": "Named people in the world like Nelson Mandela"}, "entity": {"id": "806561823407239169", "name": "Kanye West", "description": "Kanye West"}}, {"domain": {"id": "54", "name": "Musician", "description": "A musician in the world, like Adele or Bob Dylan"}, "entity": {"id": "806561823407239169", "name": "Kanye West", "description": "Kanye West"}}, {"domain": {"id": "55", "name": "Music Genre", "description": "A category for a musical style, like Pop, Rock, or Rap"}, "entity": {"id": "810937888334487552", "name": "Rap", "description": "Hip-Hop/Rap"}}], "attachments": {"media_keys": ["3_1401686422520803332"]}, "public_metrics": {"retweet_count": 65, "reply_count": 0, "like_count": 0, "quote_count": 0}}, "includes": {"users": [{"protected": false, "created_at": "2011-12-14T01:36:51.000Z", "description": "", "id": "436310994", "verified": false, "public_metrics": {"followers_count": 113, "following_count": 442, "tweet_count": 27703, "listed_count": 2}, "username": "kiko_gzz02", "name": "Kiko"}]}, "matching_rules": [{"id": 1401767939779436549, "tag": "Clara Luz"}]}