{"data": {"entities": {"annotations": [{"start": 25, "end": 37, "probability": 0.9973, "type": "Person", "normalized_text": "Samuel Garcia"}], "mentions": [{"start": 3, "end": 11, "username": "panaclo"}, {"start": 126, "end": 133, "username": "jshm00"}]}, "author_id": "2891319938", "source": "Twitter for Android", "created_at": "2021-06-07T05:16:17.000Z", "text": "RT @panaclo: El que gane Samuel Garcia es el triunfo de una generaci\u00f3n de influencers , que ganan aunque digan barbaridades . @jshm00", "id": "1401769962621050885", "referenced_tweets": [{"type": "retweeted", "id": "1401768546879696899"}], "public_metrics": {"retweet_count": 3, "reply_count": 0, "like_count": 0, "quote_count": 0}}, "includes": {"users": [{"protected": false, "created_at": "2014-11-06T00:01:11.000Z", "description": "", "id": "2891319938", "verified": false, "public_metrics": {"followers_count": 464, "following_count": 3414, "tweet_count": 139830, "listed_count": 18}, "username": "IlaTemistokles", "name": "ila"}]}, "matching_rules": [{"id": 1401767939779436548, "tag": "Samuel Garcia"}]}