{"data": {"entities": {"annotations": [{"start": 50, "end": 59, "probability": 0.6131, "type": "Place", "normalized_text": "Nuevo Le\u00f3n"}, {"start": 174, "end": 179, "probability": 0.8957, "type": "Place", "normalized_text": "M\u00e9xico"}, {"start": 219, "end": 222, "probability": 0.4275, "type": "Person", "normalized_text": "Le\u00f3n"}], "mentions": [{"start": 0, "end": 12, "username": "torres14099"}, {"start": 13, "end": 28, "username": "samuel_garcias"}]}, "in_reply_to_user_id": "1255973994", "author_id": "1352336348800294916", "source": "Twitter for Android", "created_at": "2021-06-07T05:16:24.000Z", "text": "@torres14099 @samuel_garcias Cre\u00ed que la gente de Nuevo Le\u00f3n era m\u00e1s inteligente.\n\nLa democracia tambi\u00e9n elige a los peores, los que bailan y son  factor de entretenimiento. M\u00e9xico se convierte en un gran circo.\n\nNuevo Le\u00f3n  tendr\u00e1 lo que eligi\u00f3 y recibir\u00e1n lo que merecen.", "id": "1401769991997988869", "referenced_tweets": [{"type": "replied_to", "id": "1401736205650235398"}], "context_annotations": [{"domain": {"id": "119", "name": "Holiday", "description": "Holidays like Christmas or Halloween"}, "entity": {"id": "1286645331686350848", "name": "Dia de la Independencia (Grito de Dolores) ", "description": "This entity includes conversations about Dia de la Independencia (Grito de Dolores) for all years."}}], "public_metrics": {"retweet_count": 0, "reply_count": 0, "like_count": 0, "quote_count": 0}}, "includes": {"users": [{"protected": false, "created_at": "2021-01-21T19:24:57.000Z", "description": "Ya hay muchos lame kulos del kakas Obrador. Ahora se necesita patearle el trasero al chango macuspano", "id": "1352336348800294916", "verified": false, "public_metrics": {"followers_count": 37, "following_count": 34, "tweet_count": 1925, "listed_count": 0}, "username": "AMLOlujoDePend2", "name": "#AMLOlujoDePendejete"}]}, "matching_rules": [{"id": 1401767939779436548, "tag": "Samuel Garcia"}]}