{"data": {"in_reply_to_user_id": "1366914800907931659", "author_id": "456727614", "source": "Twitter for Android", "created_at": "2021-06-07T05:16:24.000Z", "text": "@porktendencia @ceenlmx @samuel_garcias Pobre Nuevo Le\u00f3n.", "id": "1401769994539655177", "entities": {"mentions": [{"start": 0, "end": 14, "username": "porktendencia"}, {"start": 15, "end": 23, "username": "ceenlmx"}, {"start": 24, "end": 39, "username": "samuel_garcias"}]}, "referenced_tweets": [{"type": "replied_to", "id": "1401767367273713672"}], "public_metrics": {"retweet_count": 0, "reply_count": 0, "like_count": 0, "quote_count": 0}}, "includes": {"users": [{"location": "Villahermosa, Tabasco", "protected": false, "created_at": "2012-01-06T15:53:15.000Z", "description": "Abogado laboralista; adem\u00e1s soy Azul, Acerero y romantico gracias a Jos\u00e9 Jos\u00e9. \u00a1Ah! y choco, por siempre.", "id": "456727614", "verified": false, "public_metrics": {"followers_count": 2761, "following_count": 3063, "tweet_count": 14834, "listed_count": 3}, "username": "titimolina68", "name": "To\u00f1o Molina"}]}, "matching_rules": [{"id": 1401767939779436548, "tag": "Samuel Garcia"}]}