{"data": {"entities": {"annotations": [{"start": 68, "end": 71, "probability": 0.8489, "type": "Other", "normalized_text": "Dios"}], "mentions": [{"start": 0, "end": 13, "username": "FestivalChin"}, {"start": 96, "end": 112, "username": "FerLarrazabalNL"}]}, "in_reply_to_user_id": "4434235637", "author_id": "512603221", "source": "Twitter for iPhone", "created_at": "2021-06-07T05:16:26.000Z", "text": "@FestivalChin Desgraciadamente para NL, un@mequetrefe de gobernador Dios se apiade de nosotros \n@FerLarrazabalNL  gracias indejo egolatra", "id": "1401770000935968773", "referenced_tweets": [{"type": "replied_to", "id": "1401768235507359748"}], "public_metrics": {"retweet_count": 0, "reply_count": 0, "like_count": 0, "quote_count": 0}}, "includes": {"users": [{"protected": false, "created_at": "2012-03-03T00:26:10.000Z", "description": "INSEGURIDAD, DESPRECIO, CORRUPCI\u00d3N, NEPOTISMO, INCAPACIDAD, DESEMPLEO, \nTODO SEGUIR\u00c1 PEOR CON MORENA", "id": "512603221", "verified": false, "public_metrics": {"followers_count": 5654, "following_count": 5631, "tweet_count": 48241, "listed_count": 0}, "username": "AlvarJaime", "name": "Jaime Visconti \u00c1lvarez. #RxM EL PR\u00d3XIMO DOMINGO"}]}, "matching_rules": [{"id": 1401767939779436546, "tag": "Fernando Larrazabal"}]}