{"data": {"in_reply_to_user_id": "1567028912", "author_id": "901656309547839490", "source": "Twitter for Android", "created_at": "2021-06-07T05:16:27.000Z", "text": "@Marques_Vassals @samuel_garcias Entre m\u00e1s te muevas... m\u00e1s te va a doler.\n\n\ud83e\udd23\ud83d\ude02\ud83e\udd23", "id": "1401770005671428099", "entities": {"mentions": [{"start": 0, "end": 16, "username": "Marques_Vassals"}, {"start": 17, "end": 32, "username": "samuel_garcias"}]}, "referenced_tweets": [{"type": "replied_to", "id": "1401769148905136131"}], "public_metrics": {"retweet_count": 0, "reply_count": 0, "like_count": 0, "quote_count": 0}}, "includes": {"users": [{"location": "Monterrey, Nuevo Le\u00f3n", "protected": false, "created_at": "2017-08-27T04:03:10.000Z", "description": "No hay nada mas bello... que una mujer satisfecha.\n\nNo cojas con ella... hazle el amor.", "id": "901656309547839490", "verified": false, "public_metrics": {"followers_count": 768, "following_count": 368, "tweet_count": 43374, "listed_count": 2}, "username": "Tigre_Alien", "name": "Alien en tierra\ud83d\udc7d"}]}, "matching_rules": [{"id": 1401767939779436548, "tag": "Samuel Garcia"}]}