{"data": {"entities": {"annotations": [{"start": 12, "end": 20, "probability": 0.9602, "type": "Place", "normalized_text": "Guatemala"}, {"start": 38, "end": 46, "probability": 0.4093, "type": "Place", "normalized_text": "Guatepeor"}], "urls": [{"start": 48, "end": 71, "url": "https://t.co/Wpc7rSjTpt", "expanded_url": "https://twitter.com/sinembargomx/status/1401765866551848964", "display_url": "twitter.com/sinembargomx/s\u2026"}]}, "author_id": "54814840", "source": "Twitter for iPhone", "created_at": "2021-06-07T05:16:38.000Z", "text": "Saliendo de Guatemala para regresar a Guatepeor https://t.co/Wpc7rSjTpt", "id": "1401770051489910785", "referenced_tweets": [{"type": "quoted", "id": "1401765866551848964"}], "public_metrics": {"retweet_count": 0, "reply_count": 0, "like_count": 0, "quote_count": 0}}, "includes": {"users": [{"location": "Ciudad Monstruo", "protected": false, "created_at": "2009-07-08T05:57:59.000Z", "description": "Got a nasty habit called Rock & Roll #ElOraculoDelRAWK Martes y Jueves 10PM por @convoynetwork - @Black_Overdrive - @666Pandemonium. IG: @ivannieblaselpatas", "id": "54814840", "verified": false, "public_metrics": {"followers_count": 48104, "following_count": 2372, "tweet_count": 143169, "listed_count": 379}, "username": "ivannieblas", "name": "Ivan Nieblas El Patas"}]}, "matching_rules": [{"id": 1401767939779436548, "tag": "Samuel Garcia"}]}