{"data": {"entities": {"annotations": [{"start": 18, "end": 35, "probability": 0.6911, "type": "Person", "normalized_text": "Adri\u00e1n de la Garza"}, {"start": 55, "end": 60, "probability": 0.94, "type": "Person", "normalized_text": "Samuel"}, {"start": 80, "end": 88, "probability": 0.6732, "type": "Person", "normalized_text": "Clara Luz"}, {"start": 106, "end": 124, "probability": 0.1994, "type": "Place", "normalized_text": "Colosio, Cienfuegos"}, {"start": 127, "end": 136, "probability": 0.4716, "type": "Place", "normalized_text": "Larrazabal"}], "mentions": [{"start": 3, "end": 10, "username": "xqtzal"}]}, "author_id": "1068568618970030080", "source": "Twitter for Android", "created_at": "2021-06-07T05:16:40.000Z", "text": "RT @xqtzal: Eee a Adri\u00e1n de la Garza le vales verga.\nA Samuel le vales verga.\nA Clara Luz le vales verga.\nColosio, Cienfuegos, Larrazabal,\u2026", "id": "1401770058280587266", "referenced_tweets": [{"type": "retweeted", "id": "1401695735796613121"}], "public_metrics": {"retweet_count": 109, "reply_count": 0, "like_count": 0, "quote_count": 0}}, "includes": {"users": [{"location": "Monterrey, Nuevo Le\u00f3n", "protected": false, "created_at": "2018-11-30T18:13:06.000Z", "description": "Solo uso mi tw para chulear a Bangtan, no esperen algo interesante.\nShe/her", "id": "1068568618970030080", "verified": false, "public_metrics": {"followers_count": 26, "following_count": 534, "tweet_count": 4204, "listed_count": 0}, "username": "notgiselleksj", "name": "\ud835\udc6e\u2741"}]}, "matching_rules": [{"id": 1401767939779436549, "tag": "Clara Luz"}]}