{"data": {"author_id": "4871148333", "source": "Twitter for Android", "created_at": "2021-06-07T04:56:46.000Z", "text": "RT @MorenaSalazar00: Por lo visto, los gringos ya tienen al t\u00edtere de @samuel_garcias para que la droga y las armas  pasen sin problema alg\u2026", "id": "1401765050243768320", "entities": {"mentions": [{"start": 3, "end": 19, "username": "MorenaSalazar00"}, {"start": 70, "end": 85, "username": "samuel_garcias"}]}, "referenced_tweets": [{"type": "retweeted", "id": "1401699458065309696"}], "public_metrics": {"retweet_count": 36, "reply_count": 0, "like_count": 0, "quote_count": 0}}, "includes": {"users": [{"protected": false, "created_at": "2016-02-02T06:19:07.000Z", "description": "Mi convicci\u00f3n:\n\n#VotareTodoMorena\n#NiUnVotoAlPRIANPRDMC2021 \n#VotoMasivoPorMorena2021\n\n#RedAMLO", "id": "4871148333", "verified": false, "public_metrics": {"followers_count": 1547, "following_count": 2145, "tweet_count": 60461, "listed_count": 1}, "username": "doblehache68", "name": "#RevolucionEnLasUrnas"}]}, "matching_rules": [{"id": 1401764684680683523, "tag": "Samuel Garcia"}]}