{"data": {"entities": {"annotations": [{"start": 70, "end": 82, "probability": 0.9991, "type": "Person", "normalized_text": "Samuel Garc\u00eda"}, {"start": 101, "end": 110, "probability": 0.9412, "type": "Place", "normalized_text": "Nuevo Le\u00f3n"}], "mentions": [{"start": 3, "end": 12, "username": "PollsMX_"}, {"start": 60, "end": 68, "username": "ceenlmx"}, {"start": 114, "end": 129, "username": "samuel_garcias"}], "hashtags": [{"start": 14, "end": 23, "tag": "Lo\u00daltimo"}]}, "author_id": "50335149", "source": "Twitter for Android", "created_at": "2021-06-07T05:16:42.000Z", "text": "RT @PollsMX_: #Lo\u00daltimo | De acuerdo al conteo r\u00e1pido de la @ceenlmx, Samuel Garc\u00eda tiene ventaja en Nuevo Le\u00f3n.\n\n@samuel_garcias: 35.4 % a\u2026", "id": "1401770066526408706", "referenced_tweets": [{"type": "retweeted", "id": "1401763240082825216"}], "public_metrics": {"retweet_count": 21, "reply_count": 0, "like_count": 0, "quote_count": 0}}, "includes": {"users": [{"location": "M\u00e9xico", "protected": false, "created_at": "2009-06-24T15:27:23.000Z", "description": "s\u00edgueme y te sigo, fiel seguidor de mis #Tiburones #Rojos de #Veracruz #ElTibuNoSeVa se queda en mi coraz\u00f3n\nno se puede vencer a quien nunca se rinde Babe Ruth", "id": "50335149", "verified": false, "public_metrics": {"followers_count": 10957, "following_count": 11077, "tweet_count": 65419, "listed_count": 53}, "username": "dvdrmr", "name": "Tibur\u00f3n de C\u00f3rdoba"}]}, "matching_rules": [{"id": 1401767939779436546, "tag": "Fernando Larrazabal"}, {"id": 1401767939779436547, "tag": "Adrian de la Garza"}, {"id": 1401767939779436548, "tag": "Samuel Garcia"}, {"id": 1401767939779436549, "tag": "Clara Luz"}]}