{"data": {"entities": {"annotations": [{"start": 133, "end": 138, "probability": 0.5254, "type": "Organization", "normalized_text": "Bronco"}], "mentions": [{"start": 3, "end": 19, "username": "EllaCantaloupeH"}]}, "author_id": "142326618", "source": "Twitter Web App", "created_at": "2021-06-07T04:56:47.000Z", "text": "RT @EllaCantaloupeH: Los neoloneses tendr\u00e1n el gobierno que se merecen.\nGobiernos pr\u00edistas corruptos hasta el tu\u00e9tano, el inepto del Bronco\u2026", "id": "1401765054803058688", "referenced_tweets": [{"type": "retweeted", "id": "1401708016425132038"}], "public_metrics": {"retweet_count": 76, "reply_count": 0, "like_count": 0, "quote_count": 0}}, "includes": {"users": [{"location": "M\u00e9xico", "protected": false, "created_at": "2010-05-10T15:46:46.000Z", "description": "Doctor en ciencias biol\u00f3gicas egresado de la UNAM.", "id": "142326618", "verified": false, "public_metrics": {"followers_count": 146, "following_count": 198, "tweet_count": 1896, "listed_count": 0}, "username": "Zafari666", "name": "LASE"}]}, "matching_rules": [{"id": 1401764684680683523, "tag": "Samuel Garcia"}]}