{"data": {"entities": {"annotations": [{"start": 24, "end": 29, "probability": 0.4123, "type": "Organization", "normalized_text": "MORENA"}], "urls": [{"start": 63, "end": 86, "url": "https://t.co/e3yk9kqhPD", "expanded_url": "https://twitter.com/carolina_rocha_/status/1401767042366201856", "display_url": "twitter.com/carolina_rocha\u2026"}]}, "author_id": "105418571", "source": "Twitter for iPhone", "created_at": "2021-06-07T05:16:54.000Z", "text": "Lo bueno es que no gana MORENA. Lo malo es que gana un pendejo https://t.co/e3yk9kqhPD", "id": "1401770118619701249", "referenced_tweets": [{"type": "quoted", "id": "1401767042366201856"}], "public_metrics": {"retweet_count": 0, "reply_count": 0, "like_count": 0, "quote_count": 0}}, "includes": {"users": [{"location": "M\u00e9xico", "protected": false, "created_at": "2010-01-16T08:34:53.000Z", "description": "Nobody", "id": "105418571", "verified": false, "public_metrics": {"followers_count": 1213, "following_count": 162, "tweet_count": 121145, "listed_count": 30}, "username": "carloshigarcia", "name": "Carlos"}]}, "matching_rules": [{"id": 1401767939779436549, "tag": "Clara Luz"}]}