{"data": {"entities": {"annotations": [{"start": 200, "end": 206, "probability": 0.9935, "type": "Person", "normalized_text": "Mariana"}, {"start": 222, "end": 227, "probability": 0.5292, "type": "Person", "normalized_text": "moreno"}], "mentions": [{"start": 0, "end": 12, "username": "CarlosLoret"}, {"start": 13, "end": 28, "username": "samuel_garcias"}, {"start": 29, "end": 43, "username": "ClaudioOchoaH"}, {"start": 44, "end": 56, "username": "MarkoCortes"}, {"start": 92, "end": 107, "username": "FelipeCalderon"}, {"start": 126, "end": 142, "username": "FerLarrazabalNL"}, {"start": 171, "end": 187, "username": "AdrianDeLaGarza"}, {"start": 229, "end": 244, "username": "samuel_garcias"}, {"start": 290, "end": 305, "username": "MovCiudadanoMX"}]}, "in_reply_to_user_id": "68844197", "author_id": "1341116507669983235", "source": "Twitter for Android", "created_at": "2021-06-07T05:16:56.000Z", "text": "@CarlosLoret @samuel_garcias @ClaudioOchoaH @MarkoCortes no aprendi\u00f3 de la derrota del 2018\n@FelipeCalderon le dijo a tiempo \"@FerLarrazabalNL tiene q declinar a favor de @AdrianDeLaGarza\".\nNo digan \"Mariana hizo ganar al moreno @samuel_garcias\" fueron varios periodistas q hicieron ver al @MovCiudadanoMX como la v\u00edctima \u2639\ufe0f", "id": "1401770126857342977", "referenced_tweets": [{"type": "replied_to", "id": "1401767744123686918"}], "context_annotations": [{"domain": {"id": "10", "name": "Person", "description": "Named people in the world like Nelson Mandela"}, "entity": {"id": "809506024583360512", "name": "Carlos Loret de Mola", "description": "Carlos Loret de Mola"}}, {"domain": {"id": "10", "name": "Person", "description": "Named people in the world like Nelson Mandela"}, "entity": {"id": "811666356277891072", "name": "Felipe Calder\u00f3n", "description": "Former president of Mexico, Felipe Calder\u00f3n"}}, {"domain": {"id": "35", "name": "Politician", "description": "Politicians in the world, like Joe Biden"}, "entity": {"id": "811666356277891072", "name": "Felipe Calder\u00f3n", "description": "Former president of Mexico, Felipe Calder\u00f3n"}}, {"domain": {"id": "94", "name": "Journalist", "description": "A journalist like 'Anderson Cooper'"}, "entity": {"id": "809506024583360512", "name": "Carlos Loret de Mola", "description": "Carlos Loret de Mola"}}], "public_metrics": {"retweet_count": 0, "reply_count": 0, "like_count": 0, "quote_count": 0}}, "includes": {"users": [{"protected": false, "created_at": "2020-12-21T20:22:43.000Z", "description": "Lo que DICE y HACE el #socialismo MORENA por gente inocente y sobre todo ignorante, a los que quieren muertos y sin embargo le votan\n#NiUnVotoAMorenaNiAliados", "id": "1341116507669983235", "verified": false, "public_metrics": {"followers_count": 99, "following_count": 507, "tweet_count": 7168, "listed_count": 0}, "username": "AngelSiguiente", "name": "Angel Siguiente \ud83d\uddfd"}]}, "matching_rules": [{"id": 1401767939779436546, "tag": "Fernando Larrazabal"}, {"id": 1401767939779436547, "tag": "Adrian de la Garza"}, {"id": 1401767939779436548, "tag": "Samuel Garcia"}]}