{"data": {"in_reply_to_user_id": "68844197", "author_id": "67463249", "source": "Twitter for iPad", "created_at": "2021-06-07T05:17:01.000Z", "text": "@CarlosLoret @samuel_garcias @ClaudioOchoaH Bueno, ya no pod\u00edamos trolear a la afici\u00f3n del cruz azul pero ahora podemos trolear a los regios, votaron por un meme, fofo... fosfo... \ud83e\udd23\ud83e\udd23\ud83e\udd23\ud83e\udd23\ud83e\udd23\ud83e\udd23", "id": "1401770146717339651", "entities": {"mentions": [{"start": 0, "end": 12, "username": "CarlosLoret"}, {"start": 13, "end": 28, "username": "samuel_garcias"}, {"start": 29, "end": 43, "username": "ClaudioOchoaH"}]}, "referenced_tweets": [{"type": "replied_to", "id": "1401767744123686918"}], "context_annotations": [{"domain": {"id": "12", "name": "Sports Team", "description": "A sports team organization, like Arsenal and the Boston Celtics"}, "entity": {"id": "731226206301884417", "name": "Cruz Azul"}}, {"domain": {"id": "10", "name": "Person", "description": "Named people in the world like Nelson Mandela"}, "entity": {"id": "809506024583360512", "name": "Carlos Loret de Mola", "description": "Carlos Loret de Mola"}}, {"domain": {"id": "94", "name": "Journalist", "description": "A journalist like 'Anderson Cooper'"}, "entity": {"id": "809506024583360512", "name": "Carlos Loret de Mola", "description": "Carlos Loret de Mola"}}], "public_metrics": {"retweet_count": 0, "reply_count": 0, "like_count": 0, "quote_count": 0}}, "includes": {"users": [{"location": "CDMX", "protected": false, "created_at": "2009-08-20T23:58:54.000Z", "description": "Escuela Militar de Transmisiones / Capit\u00e1n 1/o de Transmisiones / Universidad Aut\u00f3noma Metropolitana UAM-I", "id": "67463249", "verified": false, "public_metrics": {"followers_count": 1543, "following_count": 4503, "tweet_count": 15787, "listed_count": 2}, "username": "Pbeyart", "name": "Pablo Beyart"}]}, "matching_rules": [{"id": 1401767939779436548, "tag": "Samuel Garcia"}]}