{"data": {"author_id": "106205872", "source": "Twitter for Android", "created_at": "2021-06-07T05:17:01.000Z", "text": "No m4m3N...\n\nRegiolandia, lugar donde la pendejez es muy grande. https://t.co/l9OHry9A7l", "id": "1401770147224883204", "referenced_tweets": [{"type": "quoted", "id": "1401768785766400006"}], "entities": {"urls": [{"start": 65, "end": 88, "url": "https://t.co/l9OHry9A7l", "expanded_url": "https://twitter.com/PublimetroMX/status/1401768785766400006", "display_url": "twitter.com/PublimetroMX/s\u2026"}]}, "public_metrics": {"retweet_count": 0, "reply_count": 0, "like_count": 0, "quote_count": 0}}, "includes": {"users": [{"location": "CDMX (DFctuosa)", "protected": false, "created_at": "2010-01-18T20:51:03.000Z", "description": "SOY Nacional-Metalero, ROCKELEKTRONIKO-JAZZBLUSERO, COCODRILERO Y RONRONEADOR!!! Y algo POLITIK\u00d3N. \nWelcome to my world friends!!!", "id": "106205872", "verified": false, "public_metrics": {"followers_count": 434, "following_count": 775, "tweet_count": 36937, "listed_count": 7}, "username": "charlie_shmud", "name": "Charlie SP04"}]}, "matching_rules": [{"id": 1401767939779436548, "tag": "Samuel Garcia"}]}