{"data": {"author_id": "1210260119839100928", "source": "Twitter Web App", "created_at": "2021-06-07T05:17:12.000Z", "text": "RT @MrLotario: Este wey @FerLarrazabalNL es el pendejo m\u00e1s grande del Norte del pa\u00eds, no es cierto, los m\u00e1s pendejos son los que votaron po\u2026", "id": "1401770192481525760", "entities": {"mentions": [{"start": 3, "end": 13, "username": "MrLotario"}, {"start": 24, "end": 40, "username": "FerLarrazabalNL"}]}, "referenced_tweets": [{"type": "retweeted", "id": "1401765409204883456"}], "public_metrics": {"retweet_count": 13, "reply_count": 0, "like_count": 0, "quote_count": 0}}, "includes": {"users": [{"location": "Monterrey, Nuevo Le\u00f3n, M\u00e9xico", "protected": false, "created_at": "2019-12-26T18:04:43.000Z", "description": "Apartidista, ni de izquierda ni de derecha, en contra de la (mal llamada) 4T y los chairos. Fan de la NFL, la F\u00f3rmula 1 y los videojuegos.", "id": "1210260119839100928", "verified": false, "public_metrics": {"followers_count": 543, "following_count": 1012, "tweet_count": 6119, "listed_count": 0}, "username": "prrsal", "name": "Alejandro Porras"}]}, "matching_rules": [{"id": 1401767939779436546, "tag": "Fernando Larrazabal"}]}