{"data": {"in_reply_to_user_id": "117893369", "author_id": "4847846329", "source": "Twitter for iPhone", "created_at": "2021-06-07T05:17:13.000Z", "text": "@javierehdz @samuel_garcias @PartidoMorenaNL @PartidoMorenaMx Pero no dec\u00eda la gente que Movimiento ciudadano es morena ? As\u00ed que gano morena \ud83d\ude33\ud83e\udd37\u200d\u2642\ufe0f\ud83e\udd14\ud83e\udd14 jaja", "id": "1401770196411551746", "entities": {"mentions": [{"start": 0, "end": 11, "username": "javierehdz"}, {"start": 12, "end": 27, "username": "samuel_garcias"}, {"start": 28, "end": 44, "username": "PartidoMorenaNL"}, {"start": 45, "end": 61, "username": "PartidoMorenaMx"}]}, "referenced_tweets": [{"type": "replied_to", "id": "1401768483889766402"}], "public_metrics": {"retweet_count": 0, "reply_count": 0, "like_count": 0, "quote_count": 0}}, "includes": {"users": [{"location": "Monterrey, Nuevo Le\u00f3n", "protected": false, "created_at": "2016-02-02T05:19:21.000Z", "description": "\u201cLife isn't about finding yourself. Life is about creating you\u201d.", "id": "4847846329", "verified": false, "public_metrics": {"followers_count": 108, "following_count": 557, "tweet_count": 473, "listed_count": 1}, "username": "helamangonzale1", "name": "Jared Gonzalez"}]}, "matching_rules": [{"id": 1401767939779436548, "tag": "Samuel Garcia"}]}