{"data": {"in_reply_to_user_id": "123070829", "author_id": "48254512", "source": "Twitter Web App", "created_at": "2021-06-07T04:56:48.000Z", "text": "@karinardzgarza @samuel_garcias desde el rrorro medina somos un hazmerreir de estado", "id": "1401765060842704899", "entities": {"mentions": [{"start": 0, "end": 15, "username": "karinardzgarza"}, {"start": 16, "end": 31, "username": "samuel_garcias"}]}, "referenced_tweets": [{"type": "replied_to", "id": "1401764780025782272"}], "public_metrics": {"retweet_count": 0, "reply_count": 0, "like_count": 0, "quote_count": 0}}, "includes": {"users": [{"protected": false, "created_at": "2009-06-18T05:11:37.000Z", "description": "Opin\u00f3logo", "id": "48254512", "verified": false, "public_metrics": {"followers_count": 599, "following_count": 1078, "tweet_count": 28613, "listed_count": 11}, "username": "RigeLazo", "name": "SouSaudade"}]}, "matching_rules": [{"id": 1401764684680683523, "tag": "Samuel Garcia"}]}