{"data": {"author_id": "1111017383479525376", "source": "Twitter for iPhone", "created_at": "2021-06-07T05:17:17.000Z", "text": "RT @Pat_MercadoC: Felicito a @samuel_garcias y @colosioriojas por los resultados favorables que se van confirmando para @MovCiudadanoMX en\u2026", "id": "1401770214992191489", "entities": {"mentions": [{"start": 3, "end": 16, "username": "Pat_MercadoC"}, {"start": 29, "end": 44, "username": "samuel_garcias"}, {"start": 47, "end": 61, "username": "colosioriojas"}, {"start": 120, "end": 135, "username": "MovCiudadanoMX"}]}, "referenced_tweets": [{"type": "retweeted", "id": "1401750842584322052"}], "public_metrics": {"retweet_count": 9, "reply_count": 0, "like_count": 0, "quote_count": 0}}, "includes": {"users": [{"protected": false, "created_at": "2019-03-27T21:29:20.000Z", "description": "", "id": "1111017383479525376", "verified": false, "public_metrics": {"followers_count": 295, "following_count": 61, "tweet_count": 603, "listed_count": 2}, "username": "SoyMarlenIbarra", "name": "Marlen Ibarra"}]}, "matching_rules": [{"id": 1401767939779436548, "tag": "Samuel Garcia"}]}