{"data": {"entities": {"annotations": [{"start": 30, "end": 39, "probability": 0.6957, "type": "Person", "normalized_text": "Larrazabal"}, {"start": 59, "end": 67, "probability": 0.8729, "type": "Person", "normalized_text": "Clara Luz"}, {"start": 109, "end": 110, "probability": 0.4906, "type": "Place", "normalized_text": "NL"}], "mentions": [{"start": 3, "end": 12, "username": "merucket"}], "urls": [{"start": 113, "end": 136, "url": "https://t.co/PyygiWQJbP", "expanded_url": "https://twitter.com/merucket/status/1401766311978405891/photo/1", "display_url": "pic.twitter.com/PyygiWQJbP"}]}, "author_id": "213974646", "source": "Twitter for Android", "created_at": "2021-06-07T05:17:17.000Z", "text": "RT @merucket: No mames, hasta Larrazabal le anda ganando a Clara Luz. Simplemente MORENA no es bienvenido en NL. https://t.co/PyygiWQJbP", "id": "1401770215235522563", "referenced_tweets": [{"type": "retweeted", "id": "1401766311978405891"}], "attachments": {"media_keys": ["3_1401766250691272708"]}, "public_metrics": {"retweet_count": 1, "reply_count": 0, "like_count": 0, "quote_count": 0}}, "includes": {"users": [{"location": "Monterrey, M\u00e9xico", "protected": false, "created_at": "2010-11-10T07:16:47.000Z", "description": "*Regia* \ud83d\udc9c\ud83d\udc2f  \nCasada \nAntiAMLO       \nAnti4t \n#NiUnVotoAMorena2021\n#MorenaYaSeVa", "id": "213974646", "verified": false, "public_metrics": {"followers_count": 2701, "following_count": 2549, "tweet_count": 41632, "listed_count": 2}, "username": "Yosoymarievg", "name": "Yoly Villarreal Gza. \ud83c\uddf2\ud83c\uddfd"}]}, "matching_rules": [{"id": 1401767939779436549, "tag": "Clara Luz"}]}