{"data": {"entities": {"annotations": [{"start": 17, "end": 29, "probability": 0.9951, "type": "Person", "normalized_text": "Samuel Garcia"}], "mentions": [{"start": 3, "end": 15, "username": "MariaanaN11"}]}, "author_id": "1681242230", "source": "Twitter for Android", "created_at": "2021-06-07T04:56:50.000Z", "text": "RT @MariaanaN11: Samuel Garcia es de lo peor que existe. Pinche se\u00f1or mis\u00f3gino.", "id": "1401765066408697856", "referenced_tweets": [{"type": "retweeted", "id": "1401694435973468165"}], "public_metrics": {"retweet_count": 5, "reply_count": 0, "like_count": 0, "quote_count": 0}}, "includes": {"users": [{"protected": false, "created_at": "2013-08-18T17:34:46.000Z", "description": "", "id": "1681242230", "verified": false, "public_metrics": {"followers_count": 287, "following_count": 1641, "tweet_count": 23345, "listed_count": 1}, "username": "rogelioceci", "name": "azul forever 6/6"}]}, "matching_rules": [{"id": 1401764684680683523, "tag": "Samuel Garcia"}]}