{"data": {"author_id": "89986562", "source": "Twitter for iPhone", "created_at": "2021-06-07T05:17:25.000Z", "text": "RT @ChicShion: Todos uds tambien tiene culpa si se confirma lo de NL\n\nQue tal muy jiji jaja con el fosfo fosfo mont\u00e1ndose en estas estupide\u2026", "id": "1401770248253046785", "entities": {"mentions": [{"start": 3, "end": 13, "username": "ChicShion"}]}, "referenced_tweets": [{"type": "retweeted", "id": "1401739800206512134"}], "public_metrics": {"retweet_count": 133, "reply_count": 0, "like_count": 0, "quote_count": 0}}, "includes": {"users": [{"location": "\u2765Dans le Dharma\u2763", "protected": false, "created_at": "2009-11-14T18:02:17.000Z", "description": "\u10e6 Energy is Eternal Delight \u10e6 Avocate - J'aime philosopher et \u00e9crire de la po\u00e9sie. Del Caos al Cosmos 11-13 hs jueves radioamlo ~Toujours \u00e0 gauche~ #SGI #NMRK", "id": "89986562", "verified": false, "public_metrics": {"followers_count": 2736, "following_count": 2284, "tweet_count": 133897, "listed_count": 61}, "username": "Hasardevi", "name": "\ud83d\udc9c\u2605\u10e6 Hasardevi \u0926\u0947\u0935\u0940\u2730"}]}, "matching_rules": [{"id": 1401767939779436549, "tag": "Clara Luz"}]}