{"data": {"entities": {"annotations": [{"start": 80, "end": 89, "probability": 0.2456, "type": "Place", "normalized_text": "Nuevo Le\u00f3n"}], "mentions": [{"start": 45, "end": 60, "username": "samuel_garcias"}]}, "author_id": "129668591", "source": "Twitter for iPhone", "created_at": "2021-06-07T05:17:26.000Z", "text": "Analistas pol\u00edticos se rehusan a aceptar que @samuel_garcias ser\u00e1 Gobernador de Nuevo Le\u00f3n pq \u201cse la vive en las redes sociales\u201d; la pregunta es: y ustedes no? No han invertido millones en hacer sus noticieros digitales? No gastan millones para pertenecer a esas redes sociales?\ud83e\udd37\ud83c\udffb\u200d\u2642\ufe0f", "id": "1401770250593464326", "public_metrics": {"retweet_count": 0, "reply_count": 0, "like_count": 0, "quote_count": 0}}, "includes": {"users": [{"location": "Monterrey", "protected": false, "created_at": "2010-04-05T02:06:07.000Z", "description": "Ingeniero Civil egresado del ITESM certificado en Administraci\u00f3n de la Construcci\u00f3n", "id": "129668591", "verified": false, "public_metrics": {"followers_count": 542, "following_count": 517, "tweet_count": 4843, "listed_count": 1}, "username": "jesusvazquezs", "name": "Jes\u00fas V\u00e1zquez"}]}, "matching_rules": [{"id": 1401767939779436548, "tag": "Samuel Garcia"}]}