{"data": {"entities": {"annotations": [{"start": 16, "end": 39, "probability": 0.7011, "type": "Person", "normalized_text": "Samuel Garc\u00eda Gobernador"}, {"start": 42, "end": 63, "probability": 0.2231, "type": "Place", "normalized_text": "Colosio Alcalde de Mty"}], "mentions": [{"start": 0, "end": 15, "username": "samuel_garcias"}]}, "in_reply_to_user_id": "258973851", "author_id": "95325299", "source": "Twitter for iPhone", "created_at": "2021-06-07T05:17:32.000Z", "text": "@samuel_garcias Samuel Garc\u00eda Gobernador, Colosio Alcalde de Mty. puro MC \ud83c\udf4a\ud83d\udc4f\ud83c\udffc\ud83d\udc4f\ud83c\udffc\ud83d\udc4f\ud83c\udffc\ud83d\udc4f\ud83c\udffc\ud83d\udc4f\ud83c\udffc\ud83c\udf4a", "id": "1401770277600628737", "referenced_tweets": [{"type": "replied_to", "id": "1401748701450625030"}], "public_metrics": {"retweet_count": 0, "reply_count": 0, "like_count": 0, "quote_count": 0}}, "includes": {"users": [{"location": "Monterrey, Nuevo Le\u00f3n", "protected": false, "created_at": "2009-12-08T01:40:25.000Z", "description": "Yo creo en Dios como el ciego cree en el sol, no porque lo ve sino porque lo siente.", "id": "95325299", "verified": false, "public_metrics": {"followers_count": 153, "following_count": 359, "tweet_count": 6889, "listed_count": 1}, "username": "lizbenavides", "name": "Elizabeth Bvds."}]}, "matching_rules": [{"id": 1401767939779436548, "tag": "Samuel Garcia"}]}