{"data": {"entities": {"annotations": [{"start": 27, "end": 35, "probability": 0.9225, "type": "Person", "normalized_text": "Clara Luz"}], "mentions": [{"start": 3, "end": 16, "username": "ChavaRRivera"}], "urls": [{"start": 39, "end": 62, "url": "https://t.co/I4LLmd6Kb9", "expanded_url": "https://twitter.com/ChavaRRivera/status/1401690696084566019/photo/1", "display_url": "pic.twitter.com/I4LLmd6Kb9"}]}, "author_id": "162552615", "source": "Twitter for Android", "created_at": "2021-06-07T05:17:32.000Z", "text": "RT @ChavaRRivera: Oigan \u00bfY Clara Luz ? https://t.co/I4LLmd6Kb9", "id": "1401770278149971968", "referenced_tweets": [{"type": "retweeted", "id": "1401690696084566019"}], "attachments": {"media_keys": ["3_1401690689310793731"]}, "public_metrics": {"retweet_count": 54, "reply_count": 0, "like_count": 0, "quote_count": 0}}, "includes": {"users": [{"protected": false, "created_at": "2010-07-04T01:09:54.000Z", "description": "", "id": "162552615", "verified": false, "public_metrics": {"followers_count": 60, "following_count": 155, "tweet_count": 33560, "listed_count": 0}, "username": "mariomata65", "name": "mayo"}]}, "matching_rules": [{"id": 1401767939779436549, "tag": "Clara Luz"}]}