{"data": {"entities": {"annotations": [{"start": 63, "end": 75, "probability": 0.989, "type": "Person", "normalized_text": "Samuel Garcia"}], "mentions": [{"start": 3, "end": 14, "username": "keniajosee"}]}, "author_id": "1078128968279023616", "source": "Twitter for Android", "created_at": "2021-06-07T05:17:34.000Z", "text": "RT @keniajosee: A mimir que ma\u00f1ana se vota por mi poderosisimo Samuel Garcia \nPonte nuevo ponte le\u00f3n", "id": "1401770284701470724", "referenced_tweets": [{"type": "retweeted", "id": "1401414754774646794"}], "public_metrics": {"retweet_count": 12, "reply_count": 0, "like_count": 0, "quote_count": 0}}, "includes": {"users": [{"protected": false, "created_at": "2018-12-27T03:22:31.000Z", "description": "", "id": "1078128968279023616", "verified": false, "public_metrics": {"followers_count": 107, "following_count": 3436, "tweet_count": 11957, "listed_count": 0}, "username": "JoseLui09999874", "name": "Jose Luis"}]}, "matching_rules": [{"id": 1401767939779436548, "tag": "Samuel Garcia"}]}