{"data": {"author_id": "87012904", "source": "Twitter for iPhone", "created_at": "2021-06-07T05:17:35.000Z", "text": "RT @MovCiudadanoMX: \u00a1Gan\u00f3 un nuevo Nuevo Le\u00f3n!\n\nHoy las y los nuevoleoneses decidieron un mejor futuro para su estado con @samuel_garcias.\u2026", "id": "1401770289084633088", "entities": {"mentions": [{"start": 3, "end": 18, "username": "MovCiudadanoMX"}, {"start": 122, "end": 137, "username": "samuel_garcias"}]}, "referenced_tweets": [{"type": "retweeted", "id": "1401766125625516032"}], "public_metrics": {"retweet_count": 6, "reply_count": 0, "like_count": 0, "quote_count": 0}}, "includes": {"users": [{"protected": false, "created_at": "2009-11-02T19:49:17.000Z", "description": "Licenciado en Ciencias Pol\u00edticas y Gesti\u00f3n P\u00fablica por @iteso apasionado por el f\u00fatbol.", "id": "87012904", "verified": false, "public_metrics": {"followers_count": 354, "following_count": 340, "tweet_count": 4159, "listed_count": 3}, "username": "polo8abello", "name": "Polo O Bello"}]}, "matching_rules": [{"id": 1401767939779436548, "tag": "Samuel Garcia"}]}