{"data": {"author_id": "2297130606", "source": "Twitter for Android", "created_at": "2021-06-07T05:17:47.000Z", "text": "Entonces eso de los primos, \u00bfSi es real? \ud83d\ude2c\ud83d\ude2c\ud83d\ude2c\ud83d\ude2c https://t.co/iwzzys9A5O", "id": "1401770341144219648", "referenced_tweets": [{"type": "quoted", "id": "1401767367273713672"}], "entities": {"urls": [{"start": 46, "end": 69, "url": "https://t.co/iwzzys9A5O", "expanded_url": "https://twitter.com/porktendencia/status/1401767367273713672", "display_url": "twitter.com/porktendencia/\u2026"}]}, "public_metrics": {"retweet_count": 0, "reply_count": 0, "like_count": 0, "quote_count": 0}}, "includes": {"users": [{"protected": false, "created_at": "2014-01-18T02:51:17.000Z", "description": "Hasta en el apellido llevo la \u00a9\u00aeuz de mi Azul \ud83d\ude82\ud83d\ude82.  Al que me siga, lo sigo \ud83d\ude09", "id": "2297130606", "verified": false, "public_metrics": {"followers_count": 1023, "following_count": 1209, "tweet_count": 3244, "listed_count": 0}, "username": "nalliz27", "name": "Rosana Cruz. \u00a1C9MPEONES! \ud83c\udfc6\ud83d\ude82\ud83d\ude82"}]}, "matching_rules": [{"id": 1401767939779436548, "tag": "Samuel Garcia"}]}