{"data": {"author_id": "39532215", "source": "Twitter for iPhone", "created_at": "2021-06-07T05:17:48.000Z", "text": "RT @ClaudioOchoaH: El conteo r\u00e1pido, es decir oficial, le da a @samuel_garcias el primer lugar y una ventaja de 10 puntos sobre @AdrianDeLa\u2026", "id": "1401770346189967364", "entities": {"mentions": [{"start": 3, "end": 17, "username": "ClaudioOchoaH"}, {"start": 63, "end": 78, "username": "samuel_garcias"}]}, "referenced_tweets": [{"type": "retweeted", "id": "1401768944281784320"}], "public_metrics": {"retweet_count": 13, "reply_count": 0, "like_count": 0, "quote_count": 0}}, "includes": {"users": [{"location": "Enfrente de ti", "protected": false, "created_at": "2009-05-12T16:13:57.000Z", "description": "Young, wild & free. Medio maratonista, Headliner & Ultranaut. Soy influencer pero no ejerzo. Mi twitter es una parodia y mi vida otra. Creador de contenido.", "id": "39532215", "verified": false, "public_metrics": {"followers_count": 1380, "following_count": 1664, "tweet_count": 97301, "listed_count": 40}, "username": "soycuevasnz", "name": "V\u00edctor Cuevas"}]}, "matching_rules": [{"id": 1401767939779436547, "tag": "Adrian de la Garza"}, {"id": 1401767939779436548, "tag": "Samuel Garcia"}]}