{"data": {"entities": {"annotations": [{"start": 124, "end": 136, "probability": 0.9971, "type": "Person", "normalized_text": "Samuel Garcia"}], "mentions": [{"start": 0, "end": 12, "username": "davesilva89"}, {"start": 13, "end": 23, "username": "xockobuzz"}]}, "in_reply_to_user_id": "414922130", "author_id": "1295954135737446400", "source": "Twitter for iPhone", "created_at": "2021-06-07T05:17:49.000Z", "text": "@davesilva89 @xockobuzz Es un rancho de eso no hay duda pero queremos confirmar que se casan entre primos y que votaron por Samuel Garcia \ud83e\udd23\ud83e\udd23\ud83e\udd23\ud83e\udd23", "id": "1401770347821600769", "referenced_tweets": [{"type": "replied_to", "id": "1401627495284326403"}], "public_metrics": {"retweet_count": 0, "reply_count": 0, "like_count": 0, "quote_count": 0}}, "includes": {"users": [{"protected": false, "created_at": "2020-08-19T05:22:14.000Z", "description": "Contador de cdmx, aficionado del chorizo power y pro amlo", "id": "1295954135737446400", "verified": false, "public_metrics": {"followers_count": 83, "following_count": 754, "tweet_count": 2197, "listed_count": 1}, "username": "MarcoFe07985476", "name": "Marco Fernandez"}]}, "matching_rules": [{"id": 1401767939779436548, "tag": "Samuel Garcia"}]}