{"data": {"entities": {"annotations": [{"start": 102, "end": 111, "probability": 0.975, "type": "Person", "normalized_text": "Clara Cruz"}], "mentions": [{"start": 0, "end": 15, "username": "QuesaVerdadess"}, {"start": 16, "end": 31, "username": "samuel_garcias"}]}, "in_reply_to_user_id": "986841875452694529", "author_id": "1186110581197148166", "source": "Twitter Web App", "created_at": "2021-06-07T05:17:49.000Z", "text": "@QuesaVerdadess @samuel_garcias Los regios vienen de la cultura del esfuerzo, cualquiera es mejor que Clara Cruz.", "id": "1401770350363484161", "referenced_tweets": [{"type": "replied_to", "id": "1401719085533126657"}], "public_metrics": {"retweet_count": 0, "reply_count": 0, "like_count": 0, "quote_count": 0}}, "includes": {"users": [{"protected": false, "created_at": "2019-10-21T02:43:03.000Z", "description": "", "id": "1186110581197148166", "verified": false, "public_metrics": {"followers_count": 7, "following_count": 36, "tweet_count": 1148, "listed_count": 0}, "username": "tgggbg1", "name": "tgggbg"}]}, "matching_rules": [{"id": 1401767939779436548, "tag": "Samuel Garcia"}]}