{"data": {"in_reply_to_user_id": "15641805", "author_id": "230725345", "source": "Twitter for iPhone", "created_at": "2021-06-07T04:56:51.000Z", "text": "@LCUgalde @samuel_garcias Pero si lleva tendencia como mucha ventaja \ud83e\udd14", "id": "1401765073631186945", "entities": {"mentions": [{"start": 0, "end": 9, "username": "LCUgalde"}, {"start": 10, "end": 25, "username": "samuel_garcias"}]}, "referenced_tweets": [{"type": "replied_to", "id": "1401678219040940032"}], "public_metrics": {"retweet_count": 0, "reply_count": 0, "like_count": 0, "quote_count": 0}}, "includes": {"users": [{"protected": false, "created_at": "2010-12-26T13:42:36.000Z", "description": "", "id": "230725345", "verified": false, "public_metrics": {"followers_count": 81, "following_count": 509, "tweet_count": 8147, "listed_count": 13}, "username": "themankindmutte", "name": "Theman"}]}, "matching_rules": [{"id": 1401764684680683523, "tag": "Samuel Garcia"}]}