{"data": {"entities": {"annotations": [{"start": 89, "end": 98, "probability": 0.4707, "type": "Place", "normalized_text": "Nuevo Le\u00f3n"}], "mentions": [{"start": 3, "end": 18, "username": "QuesaVerdadess"}, {"start": 55, "end": 70, "username": "samuel_garcias"}]}, "author_id": "748329819717267456", "source": "Twitter for iPhone", "created_at": "2021-06-07T05:17:52.000Z", "text": "RT @QuesaVerdadess: Enserio que si \"gan\u00f3\" el inepto de @samuel_garcias la gubernatura de Nuevo Le\u00f3n deber\u00edamos de sacar a ese estado de la\u2026", "id": "1401770360668782597", "referenced_tweets": [{"type": "retweeted", "id": "1401714615369752579"}], "public_metrics": {"retweet_count": 238, "reply_count": 0, "like_count": 0, "quote_count": 0}}, "includes": {"users": [{"protected": false, "created_at": "2016-06-30T01:38:27.000Z", "description": "Negocios Noticiero Noticias", "id": "748329819717267456", "verified": false, "public_metrics": {"followers_count": 171, "following_count": 420, "tweet_count": 8892, "listed_count": 0}, "username": "kettaze", "name": "Ketta"}]}, "matching_rules": [{"id": 1401767939779436548, "tag": "Samuel Garcia"}]}