{"data": {"entities": {"annotations": [{"start": 22, "end": 40, "probability": 0.9966, "type": "Person", "normalized_text": "Fernando Larrazabal"}, {"start": 161, "end": 166, "probability": 0.956, "type": "Person", "normalized_text": "Adri\u00e1n"}], "mentions": [{"start": 0, "end": 13, "username": "mario_dico50"}]}, "in_reply_to_user_id": "155342172", "author_id": "300864727", "source": "Twitter for Android", "created_at": "2021-06-07T05:18:02.000Z", "text": "@mario_dico50 Muy mal Fernando Larrazabal, en otros estados si declinaron para ganar en coalici\u00f3n con otros partidos, en NL la regaron en no declinar a favor de Adri\u00e1n", "id": "1401770403144650754", "referenced_tweets": [{"type": "replied_to", "id": "1401768297293664259"}], "public_metrics": {"retweet_count": 0, "reply_count": 0, "like_count": 0, "quote_count": 0}}, "includes": {"users": [{"protected": false, "created_at": "2011-05-18T13:54:26.000Z", "description": "", "id": "300864727", "verified": false, "public_metrics": {"followers_count": 339, "following_count": 1016, "tweet_count": 3089, "listed_count": 1}, "username": "chakaritasJr", "name": "Jesus Miranda fifi"}]}, "matching_rules": [{"id": 1401767939779436546, "tag": "Fernando Larrazabal"}]}