{"data": {"author_id": "1496641896", "source": "Twitter for iPhone", "created_at": "2021-06-07T05:18:04.000Z", "text": "RT @Edy_Lozano: Nos fallaste @FerLarrazabalNL", "id": "1401770411860189185", "entities": {"mentions": [{"start": 3, "end": 14, "username": "Edy_Lozano"}, {"start": 29, "end": 45, "username": "FerLarrazabalNL"}]}, "referenced_tweets": [{"type": "retweeted", "id": "1401766441590824960"}], "public_metrics": {"retweet_count": 2, "reply_count": 0, "like_count": 0, "quote_count": 0}}, "includes": {"users": [{"protected": false, "created_at": "2013-06-09T21:33:41.000Z", "description": "Rayado", "id": "1496641896", "verified": false, "public_metrics": {"followers_count": 651, "following_count": 4995, "tweet_count": 92241, "listed_count": 27}, "username": "Robertogzagza93", "name": "Roberto"}]}, "matching_rules": [{"id": 1401767939779436546, "tag": "Fernando Larrazabal"}]}