{"data": {"entities": {"annotations": [{"start": 58, "end": 67, "probability": 0.476, "type": "Place", "normalized_text": "Nuevo Le\u00f3n"}], "mentions": [{"start": 3, "end": 14, "username": "sosantosmx"}, {"start": 19, "end": 34, "username": "samuel_garcias"}]}, "author_id": "1350206788508012544", "source": "Twitter for Android", "created_at": "2021-06-07T05:18:05.000Z", "text": "RT @sosantosmx: Si @samuel_garcias gana la gubernatura de Nuevo Le\u00f3n se puede considerar una estrategia hist\u00f3rica al usar el marketing digi\u2026", "id": "1401770417514242050", "referenced_tweets": [{"type": "retweeted", "id": "1401769963787014145"}], "context_annotations": [{"domain": {"id": "66", "name": "Interests and Hobbies Category", "description": "A grouping of interests and hobbies entities, like Novelty Food or Destinations"}, "entity": {"id": "857879016971186177", "name": "Marketing", "description": "Marketing"}}], "public_metrics": {"retweet_count": 1, "reply_count": 0, "like_count": 0, "quote_count": 0}}, "includes": {"users": [{"location": "Mexico", "protected": false, "created_at": "2021-01-15T22:22:58.000Z", "description": "Sitio digital de medios de comunicaci\u00f3n sobre pol\u00edtica nacional e internacional. sin rodeos\ud83d\udde3", "id": "1350206788508012544", "verified": false, "public_metrics": {"followers_count": 4, "following_count": 6, "tweet_count": 26, "listed_count": 0}, "username": "PolitinewsMX", "name": "Politinews Mx"}]}, "matching_rules": [{"id": 1401767939779436548, "tag": "Samuel Garcia"}]}