{"data": {"author_id": "98309778", "source": "Twitter for Android", "created_at": "2021-06-07T05:18:08.000Z", "text": "Ah\u00ed est\u00e1n las consecuencias de casarse entre primos. https://t.co/ay4bl1njWQ", "id": "1401770427928641541", "referenced_tweets": [{"type": "quoted", "id": "1401768785766400006"}], "entities": {"urls": [{"start": 53, "end": 76, "url": "https://t.co/ay4bl1njWQ", "expanded_url": "https://twitter.com/PublimetroMX/status/1401768785766400006", "display_url": "twitter.com/PublimetroMX/s\u2026"}]}, "public_metrics": {"retweet_count": 0, "reply_count": 0, "like_count": 0, "quote_count": 0}}, "includes": {"users": [{"protected": false, "created_at": "2009-12-21T06:50:04.000Z", "description": "Pap\u00e1 de Sofi. Economista de la Aut\u00f3noma Metropolitana, Trainer y Tipster. No hay nada m\u00e1s peligroso que no arriesgarse\nDel @ClubAmerica y@DiablosRojosMX", "id": "98309778", "verified": false, "public_metrics": {"followers_count": 1739, "following_count": 3077, "tweet_count": 54541, "listed_count": 31}, "username": "krema16", "name": "Hansel Huerta"}]}, "matching_rules": [{"id": 1401767939779436548, "tag": "Samuel Garcia"}]}