{"data": {"in_reply_to_user_id": "1145732503786971137", "author_id": "1338336316682022912", "source": "Twitter Web App", "created_at": "2021-06-07T05:18:08.000Z", "text": "@ugg3111 @Jphzcaz @porktendencia @ceenlmx @samuel_garcias Me gusto mucho tu descripci\u00f3n jajjaja", "id": "1401770428641783808", "entities": {"mentions": [{"start": 0, "end": 8, "username": "ugg3111"}, {"start": 9, "end": 17, "username": "Jphzcaz"}, {"start": 18, "end": 32, "username": "porktendencia"}, {"start": 33, "end": 41, "username": "ceenlmx"}, {"start": 42, "end": 57, "username": "samuel_garcias"}]}, "referenced_tweets": [{"type": "replied_to", "id": "1401769408641613825"}], "public_metrics": {"retweet_count": 0, "reply_count": 0, "like_count": 0, "quote_count": 0}}, "includes": {"users": [{"protected": false, "created_at": "2020-12-14T04:14:06.000Z", "description": "s\u00ed", "id": "1338336316682022912", "verified": false, "public_metrics": {"followers_count": 9, "following_count": 149, "tweet_count": 88, "listed_count": 0}, "username": "Daniel16661254", "name": "Daniel"}]}, "matching_rules": [{"id": 1401767939779436548, "tag": "Samuel Garcia"}]}