{"data": {"entities": {"annotations": [{"start": 64, "end": 69, "probability": 0.9705, "type": "Person", "normalized_text": "Samuel"}], "mentions": [{"start": 0, "end": 14, "username": "glowmeflusska"}, {"start": 15, "end": 30, "username": "CarlosAJimnez4"}, {"start": 31, "end": 46, "username": "samuel_garcias"}]}, "in_reply_to_user_id": "69063353", "author_id": "115613902", "source": "Twitter for Android", "created_at": "2021-06-07T05:18:19.000Z", "text": "@glowmeflusska @CarlosAJimnez4 @samuel_garcias Desgraciadamente Samuel es el menos \"peor\" de los otros tres candidatos.\nAhora imaginate c\u00f3mo est\u00e1n los otros candidatos que ya los tengamos bien conocidos en corrupci\u00f3n y que no hicieron nada en sus respectivos municipios para que hayamos votado por el Samyboy. \ud83d\ude41", "id": "1401770475106275329", "referenced_tweets": [{"type": "replied_to", "id": "1401654035032182790"}], "public_metrics": {"retweet_count": 0, "reply_count": 0, "like_count": 0, "quote_count": 0}}, "includes": {"users": [{"location": "Monterrey NL", "protected": false, "created_at": "2010-02-19T08:23:19.000Z", "description": "Cin\u00e9fila ,Dibujante , aprendiz de tatuaje , Derechaira, Mon\u00e1rquica. \n\n\nEl presente es de ustedes, pero el futuro me pertenece...", "id": "115613902", "verified": false, "public_metrics": {"followers_count": 151, "following_count": 92, "tweet_count": 2704, "listed_count": 0}, "username": "BarracudaNoiret", "name": "Barracuda Noiret"}]}, "matching_rules": [{"id": 1401767939779436548, "tag": "Samuel Garcia"}]}