{"data": {"entities": {"annotations": [{"start": 67, "end": 76, "probability": 0.8036, "type": "Place", "normalized_text": "Nuevo Leon"}], "mentions": [{"start": 3, "end": 11, "username": "luis_gj"}, {"start": 13, "end": 28, "username": "claraluzflores"}]}, "author_id": "356370619", "source": "Twitter for Android", "created_at": "2021-06-07T05:18:21.000Z", "text": "RT @luis_gj: @claraluzflores Perdiste, culera.\n\nMORENA NO entra en Nuevo Leon.\n\nNi con sus tranzas.\nNi con su uso electorero de vacunas.\n\nT\u2026", "id": "1401770481599102980", "referenced_tweets": [{"type": "retweeted", "id": "1401746902547374091"}], "context_annotations": [{"domain": {"id": "123", "name": "Ongoing News Story", "description": "Ongoing News Stories like 'Brexit'"}, "entity": {"id": "1220701888179359745", "name": "COVID-19"}}], "public_metrics": {"retweet_count": 6, "reply_count": 0, "like_count": 0, "quote_count": 0}}, "includes": {"users": [{"protected": false, "created_at": "2011-08-16T19:08:54.000Z", "description": "soy edgar benavides, pero tal vez me conozcas como cru o becerro... ludopata de corazon y excelente en cualquier deporte ... abierto a tomar unos pistilos 24/7", "id": "356370619", "verified": false, "public_metrics": {"followers_count": 446, "following_count": 3073, "tweet_count": 93389, "listed_count": 1}, "username": "Cru182", "name": "edgar  benavides"}]}, "matching_rules": [{"id": 1401767939779436549, "tag": "Clara Luz"}]}