{"data": {"entities": {"annotations": [{"start": 39, "end": 51, "probability": 0.9575, "type": "Person", "normalized_text": "Samuel Garcia"}], "mentions": [{"start": 3, "end": 14, "username": "SoyyUnPony"}], "urls": [{"start": 53, "end": 76, "url": "https://t.co/UlhUXoGU3E", "expanded_url": "https://twitter.com/SoyyUnPony/status/1401769168119209985/photo/1", "display_url": "pic.twitter.com/UlhUXoGU3E"}]}, "author_id": "94003004", "source": "Twitter for iPhone", "created_at": "2021-06-07T05:18:23.000Z", "text": "RT @SoyyUnPony: OLOVORGOOO GANE!!\n\n-El Samuel Garcia https://t.co/UlhUXoGU3E", "id": "1401770491992588290", "referenced_tweets": [{"type": "retweeted", "id": "1401769168119209985"}], "attachments": {"media_keys": ["3_1401769164763697156"]}, "public_metrics": {"retweet_count": 1, "reply_count": 0, "like_count": 0, "quote_count": 0}}, "includes": {"users": [{"protected": false, "created_at": "2009-12-02T02:37:06.000Z", "description": "", "id": "94003004", "verified": false, "public_metrics": {"followers_count": 5, "following_count": 46, "tweet_count": 617, "listed_count": 0}, "username": "maandyg", "name": "andrea gonzalez"}]}, "matching_rules": [{"id": 1401767939779436548, "tag": "Samuel Garcia"}]}