{"data": {"author_id": "2990834217", "source": "Twitter for Android", "created_at": "2021-06-07T05:18:24.000Z", "text": "Amigo @samuel_garcias solo un favor, deja al Superman @DrManueldelaO al frente de la secretaria de Salud y no lo dejes solo, hay mucha gente sin medicamentos...\n\nSurte en tu nuevo reto te estaremos exigiendo cumplas tus promesas.", "id": "1401770497088671744", "entities": {"mentions": [{"start": 6, "end": 21, "username": "samuel_garcias"}, {"start": 54, "end": 68, "username": "DrManueldelaO"}]}, "context_annotations": [{"domain": {"id": "130", "name": "Multimedia Franchise", "description": "Franchises which span multiple forms of media like 'Harry Potter'"}, "entity": {"id": "1080503141345374208", "name": "DC Extended Universe", "description": "DC Extended Universe (DCEU)"}}], "public_metrics": {"retweet_count": 0, "reply_count": 0, "like_count": 0, "quote_count": 0}}, "includes": {"users": [{"location": "Aztl\u00e1n, Monterrey", "protected": false, "created_at": "2015-01-21T23:43:44.000Z", "description": "Socio Del Internacional C.F.M.", "id": "2990834217", "verified": false, "public_metrics": {"followers_count": 243, "following_count": 131, "tweet_count": 18003, "listed_count": 4}, "username": "ing_garcia83", "name": "Ing.Garcia"}]}, "matching_rules": [{"id": 1401767939779436548, "tag": "Samuel Garcia"}]}