{"data": {"entities": {"annotations": [{"start": 28, "end": 40, "probability": 0.995, "type": "Person", "normalized_text": "Samuel Garcia"}, {"start": 120, "end": 122, "probability": 0.9085, "type": "Organization", "normalized_text": "UIF"}, {"start": 126, "end": 128, "probability": 0.5239, "type": "Organization", "normalized_text": "FGR"}]}, "author_id": "1033492610826944512", "source": "Twitter for Android", "created_at": "2021-06-07T05:18:26.000Z", "text": "Todo indica que ser\u00e1 electo Samuel Garcia, verguenza de nuevo le\u00f3n, ojo....\nNo olvidar que est\u00e1 en investigaci\u00f3n por la UIF y FGR\nHabr\u00e1 noticias interesantes!!", "id": "1401770502629199874", "public_metrics": {"retweet_count": 0, "reply_count": 0, "like_count": 0, "quote_count": 0}}, "includes": {"users": [{"location": "M\u00e9xico", "protected": false, "created_at": "2018-08-25T23:13:34.000Z", "description": "#Obradorista", "id": "1033492610826944512", "verified": false, "public_metrics": {"followers_count": 1693, "following_count": 1319, "tweet_count": 68196, "listed_count": 2}, "username": "SusanaMartnezG7", "name": "Susana Mart\u00ednez Guti\u00e9rrez"}]}, "matching_rules": [{"id": 1401767939779436548, "tag": "Samuel Garcia"}]}