{"data": {"entities": {"annotations": [{"start": 21, "end": 33, "probability": 0.9969, "type": "Person", "normalized_text": "Samuel Garcia"}, {"start": 58, "end": 67, "probability": 0.3195, "type": "Person", "normalized_text": "Nuevo Leon"}, {"start": 92, "end": 101, "probability": 0.2994, "type": "Person", "normalized_text": "Nuevo Leon"}], "mentions": [{"start": 3, "end": 18, "username": "eduardoavelarc"}], "urls": [{"start": 104, "end": 127, "url": "https://t.co/SdpbLvbLJc", "expanded_url": "https://twitter.com/eduardoavelarc/status/1401698749265723392/photo/1", "display_url": "pic.twitter.com/SdpbLvbLJc"}]}, "author_id": "1269267812855566336", "source": "Twitter Web App", "created_at": "2021-06-07T05:18:34.000Z", "text": "RT @eduardoavelarc: *Samuel Garcia gana la gobernatura de Nuevo Leon*\n\n-Los que no somos de Nuevo Leon: https://t.co/SdpbLvbLJc", "id": "1401770538423443456", "referenced_tweets": [{"type": "retweeted", "id": "1401698749265723392"}], "attachments": {"media_keys": ["3_1401698745775968259"]}, "public_metrics": {"retweet_count": 624, "reply_count": 0, "like_count": 0, "quote_count": 0}}, "includes": {"users": [{"location": "\ud83c\udf08\ud835\uddcc\ud835\uddc1\ud835\uddbe/\ud835\uddcd\ud835\uddc1\ud835\uddbe\ud835\uddd2", "protected": false, "created_at": "2020-06-06T14:00:21.000Z", "description": "\ud835\uddb1\ud835\uddbe\ud835\uddc4\ud835\uddc2 \ud835\uddbb\ud835\uddc2\ud835\uddcc\ud835\uddbe\ud835\uddd1\ud835\uddce\ud835\uddba\ud835\uddc5 \ud835\uddc2\ud835\uddbc\ud835\uddc8\ud835\uddc7 \ud83c\udff3\ufe0f\u200d\ud83c\udf08 \u2606\n                                               -\ud835\uddbc\ud835\uddba\ud835\uddcb\ud835\uddcb\ud835\uddbd \ud835\uddbb\ud835\uddd2\ud835\uddbf\n         | @J0MINGYU |", "id": "1269267812855566336", "verified": false, "public_metrics": {"followers_count": 1393, "following_count": 1832, "tweet_count": 29981, "listed_count": 14}, "username": "_kookindness_", "name": "\u2c86\u2c9b\u2cfd\u2cb1\u2c89\u2c85: \u2ca6\u2c93\u2c99\u2c87 | TEAM DRACULAURA"}]}, "matching_rules": [{"id": 1401767939779436548, "tag": "Samuel Garcia"}]}