{"data": {"in_reply_to_user_id": "4847846329", "author_id": "626047010", "source": "Twitter for iPhone", "created_at": "2021-06-07T05:18:36.000Z", "text": "@helamangonzale1 @javierehdz @samuel_garcias @PartidoMorenaNL @PartidoMorenaMx Son los mismos que se pegan una cuchara en el brazo donde los vacunaron.", "id": "1401770546736484357", "entities": {"mentions": [{"start": 0, "end": 16, "username": "helamangonzale1"}, {"start": 17, "end": 28, "username": "javierehdz"}, {"start": 29, "end": 44, "username": "samuel_garcias"}, {"start": 45, "end": 61, "username": "PartidoMorenaNL"}, {"start": 62, "end": 78, "username": "PartidoMorenaMx"}]}, "referenced_tweets": [{"type": "replied_to", "id": "1401770196411551746"}], "public_metrics": {"retweet_count": 0, "reply_count": 0, "like_count": 0, "quote_count": 0}}, "includes": {"users": [{"location": "Monterrey, Nuevo Le\u00f3n", "protected": false, "created_at": "2012-07-04T01:25:22.000Z", "description": "No me har\u00e1s cambiar de opini\u00f3n.", "id": "626047010", "verified": false, "public_metrics": {"followers_count": 414, "following_count": 564, "tweet_count": 4562, "listed_count": 2}, "username": "emhyliano2697", "name": "Eloica Basos"}]}, "matching_rules": [{"id": 1401767939779436548, "tag": "Samuel Garcia"}]}