{"data": {"entities": {"annotations": [{"start": 108, "end": 110, "probability": 0.8696, "type": "Organization", "normalized_text": "INE"}, {"start": 113, "end": 125, "probability": 0.9967, "type": "Person", "normalized_text": "Samuel Garc\u00eda"}], "mentions": [{"start": 3, "end": 19, "username": "revistaetcetera"}], "hashtags": [{"start": 21, "end": 32, "tag": "ULTIMAHORA"}, {"start": 90, "end": 103, "tag": "ConteoRapido"}]}, "author_id": "17933741", "source": "Twitter for iPhone", "created_at": "2021-06-07T05:18:36.000Z", "text": "RT @revistaetcetera: #ULTIMAHORA:\n\nFuentes oficiales nos confirman que, de acuerdo con el #ConteoRapido del INE, Samuel Garc\u00eda (@samuel_gar\u2026", "id": "1401770547579555844", "referenced_tweets": [{"type": "retweeted", "id": "1401760102655283202"}], "public_metrics": {"retweet_count": 11, "reply_count": 0, "like_count": 0, "quote_count": 0}}, "includes": {"users": [{"location": "En la historia.", "protected": false, "created_at": "2008-12-07T02:06:09.000Z", "description": "Doctor en historia y tercer dan en Kendo. Autor del Podcast \u201cM\u00e9xico: biograf\u00eda no autorizada\u201d en @convoynetwork, 2020.", "id": "17933741", "verified": false, "public_metrics": {"followers_count": 15905, "following_count": 8115, "tweet_count": 121195, "listed_count": 136}, "username": "Clionautica", "name": "Arno"}]}, "matching_rules": [{"id": 1401767939779436548, "tag": "Samuel Garcia"}]}