{"data": {"in_reply_to_user_id": "266377716", "author_id": "175087884", "source": "Twitter for Android", "created_at": "2021-06-07T05:18:39.000Z", "text": "@mayralft @samuel_garcias Esa es una gran idea...sobre todo cuando votan por @samuel_garcias \n\n\ud83d\ude02\ud83d\ude02\ud83d\ude02\ud83d\ude02\ud83d\ude02\ud83d\ude02 si da como penita", "id": "1401770560032362502", "entities": {"mentions": [{"start": 0, "end": 9, "username": "mayralft"}, {"start": 10, "end": 25, "username": "samuel_garcias"}, {"start": 77, "end": 92, "username": "samuel_garcias"}]}, "referenced_tweets": [{"type": "replied_to", "id": "1401752798627311621"}], "public_metrics": {"retweet_count": 0, "reply_count": 0, "like_count": 0, "quote_count": 0}}, "includes": {"users": [{"protected": false, "created_at": "2010-08-05T16:15:34.000Z", "description": "Cambio de h\u00e1bitos \u2022 Meditaci\u00f3n \u2022 Reiki \u2022 Talleres y coaching \u2022 Enfermedades Autoinmunes \u2022 Oficinistas estresados \u2022\u2600\ufe0f\u264d -\ud83c\udf19\u2653 \nActuaria con Maestria, Retirada \ud83e\udd13\ud83d\udcc8", "id": "175087884", "verified": false, "public_metrics": {"followers_count": 1153, "following_count": 1643, "tweet_count": 76474, "listed_count": 28}, "username": "AtzPalomares", "name": "Atz Palomares"}]}, "matching_rules": [{"id": 1401767939779436548, "tag": "Samuel Garcia"}]}