{"data": {"entities": {"annotations": [{"start": 161, "end": 164, "probability": 0.9968, "type": "Person", "normalized_text": "Luis"}], "mentions": [{"start": 0, "end": 11, "username": "chukkenobi"}, {"start": 12, "end": 28, "username": "luispadua_info7"}, {"start": 29, "end": 44, "username": "samuel_garcias"}, {"start": 45, "end": 53, "username": "ceenlmx"}, {"start": 54, "end": 63, "username": "info7mty"}, {"start": 64, "end": 78, "username": "ElHorizontemx"}, {"start": 177, "end": 185, "username": "ceenlmx"}]}, "in_reply_to_user_id": "124892723", "author_id": "783435155989893120", "source": "Twitter for Android", "created_at": "2021-06-07T05:18:40.000Z", "text": "@chukkenobi @luispadua_info7 @samuel_garcias @ceenlmx @info7mty @ElHorizontemx Y ya van mas de 14 mil votos de diferencia, son cosas de estdistica, y no lo dice Luis lo dice el @ceenlmx", "id": "1401770561039183873", "referenced_tweets": [{"type": "replied_to", "id": "1401765384429223938"}], "public_metrics": {"retweet_count": 0, "reply_count": 0, "like_count": 0, "quote_count": 0}}, "includes": {"users": [{"protected": false, "created_at": "2016-10-04T22:34:31.000Z", "description": "Arquitecto en proceso.", "id": "783435155989893120", "verified": false, "public_metrics": {"followers_count": 21, "following_count": 362, "tweet_count": 1251, "listed_count": 0}, "username": "omlpz", "name": "Omar"}]}, "matching_rules": [{"id": 1401767939779436548, "tag": "Samuel Garcia"}]}