{"data": {"author_id": "701696277315096576", "source": "Twitter for iPhone", "created_at": "2021-06-07T05:18:51.000Z", "text": "Que pedota se va a poner hoy el nuevo gober \ud83e\udd23\ud83e\udd23 @samuel_garcias", "id": "1401770610238308356", "entities": {"mentions": [{"start": 47, "end": 62, "username": "samuel_garcias"}]}, "public_metrics": {"retweet_count": 0, "reply_count": 0, "like_count": 0, "quote_count": 0}}, "includes": {"users": [{"location": "Monterrey, Nuevo Le\u00f3n", "protected": false, "created_at": "2016-02-22T09:13:24.000Z", "description": "Eso que hoy parece una locura, ma\u00f1ana ser\u00e1 uno de tus mejores recuerdos \ud83d\udcaa\ud83c\udffb", "id": "701696277315096576", "verified": false, "public_metrics": {"followers_count": 85, "following_count": 320, "tweet_count": 5656, "listed_count": 0}, "username": "_rvazquezg", "name": "\u0280v"}]}, "matching_rules": [{"id": 1401767939779436548, "tag": "Samuel Garcia"}]}