{"data": {"entities": {"annotations": [{"start": 0, "end": 12, "probability": 0.9965, "type": "Person", "normalized_text": "Samuel Garcia"}, {"start": 22, "end": 23, "probability": 0.5673, "type": "Place", "normalized_text": "NL"}], "urls": [{"start": 28, "end": 51, "url": "https://t.co/q5tKlOF1Mh", "expanded_url": "https://twitter.com/adrianrm196/status/1401770609886085124/photo/1", "display_url": "pic.twitter.com/q5tKlOF1Mh"}]}, "author_id": "3278032046", "source": "Twitter for Android", "created_at": "2021-06-07T05:18:51.000Z", "text": "Samuel Garcia gan\u00f3 en NL... https://t.co/q5tKlOF1Mh", "id": "1401770609886085124", "attachments": {"media_keys": ["3_1401770608229294081"]}, "public_metrics": {"retweet_count": 0, "reply_count": 0, "like_count": 0, "quote_count": 0}}, "includes": {"users": [{"protected": false, "created_at": "2015-07-13T02:29:38.000Z", "description": "#ClubAmerica Se defiende con la vida \ud83d\udc9b, #Barcelona \u2764\ufe0f\ud83d\udc99, Defensor del #Tatismo \ud83d\udc9a\ud83e\udd0d\u2764\ufe0f", "id": "3278032046", "verified": false, "public_metrics": {"followers_count": 1151, "following_count": 897, "tweet_count": 27164, "listed_count": 2}, "username": "adrianrm196", "name": "Adri\u00e1n Poggio Maga\u00f1a \ud83e\udd85"}]}, "matching_rules": [{"id": 1401767939779436548, "tag": "Samuel Garcia"}]}