{"data": {"author_id": "857441222", "source": "Twitter Web App", "created_at": "2021-06-07T05:18:59.000Z", "text": "Mira esa carota de pendejo. Y votaron por \u00e9l. https://t.co/GLd8qeRr03", "id": "1401770640768749569", "referenced_tweets": [{"type": "quoted", "id": "1401769712237821953"}], "entities": {"urls": [{"start": 46, "end": 69, "url": "https://t.co/GLd8qeRr03", "expanded_url": "https://twitter.com/latinus_us/status/1401769712237821953", "display_url": "twitter.com/latinus_us/sta\u2026"}]}, "public_metrics": {"retweet_count": 0, "reply_count": 0, "like_count": 0, "quote_count": 0}}, "includes": {"users": [{"location": "Anywhere", "protected": false, "created_at": "2012-10-02T03:38:12.000Z", "description": "The Queen of Bad Decisions and Sorry Mistakes\u2122\ufe0f 100% full of shit. Self-deprecatory AF. See me destroy myself LIVE.", "id": "857441222", "verified": false, "public_metrics": {"followers_count": 635, "following_count": 2595, "tweet_count": 163338, "listed_count": 9}, "username": "cruelmaravilla", "name": "Martha"}]}, "matching_rules": [{"id": 1401767939779436549, "tag": "Clara Luz"}]}