{"data": {"entities": {"annotations": [{"start": 27, "end": 28, "probability": 0.4945, "type": "Place", "normalized_text": "NL"}], "mentions": [{"start": 97, "end": 112, "username": "samuel_garcias"}]}, "author_id": "1913193589", "source": "Twitter for iPhone", "created_at": "2021-06-07T05:18:59.000Z", "text": "Que bueno que el pueblo de NL dej\u00f3 atr\u00e1s a la vieja pol\u00edtica, hoy decidimos salir adelante vamos @samuel_garcias", "id": "1401770642303860736", "public_metrics": {"retweet_count": 0, "reply_count": 0, "like_count": 0, "quote_count": 0}}, "includes": {"users": [{"protected": false, "created_at": "2013-09-28T05:11:18.000Z", "description": "constructor de cohetes", "id": "1913193589", "verified": false, "public_metrics": {"followers_count": 6, "following_count": 30, "tweet_count": 611, "listed_count": 0}, "username": "DavidAlexxandre", "name": "David"}]}, "matching_rules": [{"id": 1401767939779436548, "tag": "Samuel Garcia"}]}