{"data": {"entities": {"annotations": [{"start": 104, "end": 106, "probability": 0.9844, "type": "Organization", "normalized_text": "PRI"}, {"start": 161, "end": 166, "probability": 0.9951, "type": "Person", "normalized_text": "Adri\u00e1n"}], "mentions": [{"start": 0, "end": 10, "username": "leosangal"}, {"start": 11, "end": 23, "username": "cesarulloag"}, {"start": 24, "end": 39, "username": "samuel_garcias"}, {"start": 40, "end": 54, "username": "colosioriojas"}]}, "in_reply_to_user_id": "184301478", "author_id": "116063742", "source": "Twitter for Android", "created_at": "2021-06-07T05:19:02.000Z", "text": "@leosangal @cesarulloag @samuel_garcias @colosioriojas Realmente pecaron de c\u00ednicos y descarados, s\u00ed el PRI hubiera analizado mejor sus opciones de candidatos y Adri\u00e1n no se hubiera aferrado otra cosa hubiese pasado, \ud83e\udd37", "id": "1401770654727213059", "referenced_tweets": [{"type": "replied_to", "id": "1401769072933715968"}], "public_metrics": {"retweet_count": 0, "reply_count": 0, "like_count": 0, "quote_count": 0}}, "includes": {"users": [{"location": "M\u00e9xico, Monterrey \ud83c\udf35\ud83c\udf1e\ud83c\udf2a\ufe0f", "protected": false, "created_at": "2010-02-21T01:27:31.000Z", "description": "Catlover\ud83d\udc97 , hilominati\n\ud83c\udf40\ud83c\udf37\ud83c\udf3f\ud83c\udf3a\ud83c\udf3e\ud83c\udf33mis \u00e1rboles y plantas me quitan el estress, Amo re\u00edr y leer \ud83d\ude0d\u2764\ud83d\udcd6\ud83d\udcd8\ud83d\udcda", "id": "116063742", "verified": false, "public_metrics": {"followers_count": 406, "following_count": 1145, "tweet_count": 15126, "listed_count": 0}, "username": "sara_valles", "name": "\ud83d\udc9c \u2728 La mom's"}]}, "matching_rules": [{"id": 1401767939779436548, "tag": "Samuel Garcia"}]}