{"data": {"author_id": "882728839", "source": "Twitter for Android", "created_at": "2021-06-07T05:19:15.000Z", "text": "RT @samuel_garcias: Gracias Nuevo Le\u00f3n, llevamos una ventaja de 10.5% y la tendencia nos sigue favoreciendo, los mantendr\u00e9 informados.\n\nHoy\u2026", "id": "1401770708640829446", "entities": {"mentions": [{"start": 3, "end": 18, "username": "samuel_garcias"}]}, "referenced_tweets": [{"type": "retweeted", "id": "1401686737911353344"}], "public_metrics": {"retweet_count": 195, "reply_count": 0, "like_count": 0, "quote_count": 0}}, "includes": {"users": [{"location": "Sabinas, Coahuila de Zaragoza", "protected": false, "created_at": "2012-10-15T17:12:47.000Z", "description": "", "id": "882728839", "verified": false, "public_metrics": {"followers_count": 509, "following_count": 434, "tweet_count": 4172, "listed_count": 0}, "username": "joseangelgarzap", "name": "JOS\u00c9 \u00c1NGEL GARZA P"}]}, "matching_rules": [{"id": 1401767939779436548, "tag": "Samuel Garcia"}]}