{"data": {"entities": {"annotations": [{"start": 21, "end": 33, "probability": 0.9969, "type": "Person", "normalized_text": "Samuel Garcia"}, {"start": 58, "end": 67, "probability": 0.3195, "type": "Person", "normalized_text": "Nuevo Leon"}, {"start": 92, "end": 101, "probability": 0.2994, "type": "Person", "normalized_text": "Nuevo Leon"}], "mentions": [{"start": 3, "end": 18, "username": "eduardoavelarc"}], "urls": [{"start": 104, "end": 127, "url": "https://t.co/SdpbLvbLJc", "expanded_url": "https://twitter.com/eduardoavelarc/status/1401698749265723392/photo/1", "display_url": "pic.twitter.com/SdpbLvbLJc"}]}, "author_id": "924552957705715712", "source": "Twitter for iPhone", "created_at": "2021-06-07T05:19:16.000Z", "text": "RT @eduardoavelarc: *Samuel Garcia gana la gobernatura de Nuevo Leon*\n\n-Los que no somos de Nuevo Leon: https://t.co/SdpbLvbLJc", "id": "1401770715997687813", "referenced_tweets": [{"type": "retweeted", "id": "1401698749265723392"}], "attachments": {"media_keys": ["3_1401698745775968259"]}, "public_metrics": {"retweet_count": 629, "reply_count": 0, "like_count": 0, "quote_count": 0}}, "includes": {"users": [{"location": "Veracruz, M\u00e9xico", "protected": false, "created_at": "2017-10-29T08:26:17.000Z", "description": "Dios primero y Dios hasta el final \ud83d\udd4a", "id": "924552957705715712", "verified": false, "public_metrics": {"followers_count": 300, "following_count": 241, "tweet_count": 21415, "listed_count": 0}, "username": "Dhernandezzd", "name": "diva de las divas \ud83d\udc78\ud83c\udffb"}]}, "matching_rules": [{"id": 1401767939779436548, "tag": "Samuel Garcia"}]}