{"data": {"author_id": "99177969", "source": "Twitter for Android", "created_at": "2021-06-07T04:57:03.000Z", "text": "RT @SinEmbargoMX: @alvaro_delgado @DanyBarraganG @paezvarela @lorenzocordovav @RomiinaGandara @lupita_GD @ilsegarc @CiroMurayamaINE @marcos\u2026", "id": "1401765121496547331", "entities": {"mentions": [{"start": 3, "end": 16, "username": "SinEmbargoMX"}, {"start": 18, "end": 33, "username": "alvaro_delgado"}, {"start": 34, "end": 48, "username": "DanyBarraganG"}, {"start": 49, "end": 60, "username": "paezvarela"}, {"start": 61, "end": 77, "username": "lorenzocordovav"}, {"start": 78, "end": 93, "username": "RomiinaGandara"}, {"start": 94, "end": 104, "username": "lupita_GD"}, {"start": 105, "end": 114, "username": "ilsegarc"}, {"start": 115, "end": 131, "username": "CiroMurayamaINE"}]}, "referenced_tweets": [{"type": "retweeted", "id": "1401755470101200899"}], "public_metrics": {"retweet_count": 45, "reply_count": 0, "like_count": 0, "quote_count": 0}}, "includes": {"users": [{"protected": false, "created_at": "2009-12-24T22:19:46.000Z", "description": "", "id": "99177969", "verified": false, "public_metrics": {"followers_count": 36, "following_count": 171, "tweet_count": 14846, "listed_count": 2}, "username": "Feroma53", "name": "Fernando Romero"}]}, "matching_rules": [{"id": 1401764684680683523, "tag": "Samuel Garcia"}]}