{"data": {"author_id": "53943134", "source": "Twitter for iPhone", "created_at": "2021-06-07T05:19:30.000Z", "text": "SOMOS LA PINCHE BURLA A NIVEL NACIONAL con el triunfo de @samuel_garcias \n\nOjal\u00e1 la anulen ALV", "id": "1401770774738911240", "entities": {"mentions": [{"start": 57, "end": 72, "username": "samuel_garcias"}]}, "public_metrics": {"retweet_count": 0, "reply_count": 0, "like_count": 0, "quote_count": 0}}, "includes": {"users": [{"location": "Mexico", "protected": false, "created_at": "2009-07-05T16:24:40.000Z", "description": "", "id": "53943134", "verified": false, "public_metrics": {"followers_count": 1058, "following_count": 1041, "tweet_count": 109058, "listed_count": 30}, "username": "juanvargas28", "name": "Vargas"}]}, "matching_rules": [{"id": 1401767939779436548, "tag": "Samuel Garcia"}]}