{"data": {"entities": {"annotations": [{"start": 122, "end": 131, "probability": 0.7526, "type": "Place", "normalized_text": "Nuevo Le\u00f3n"}], "mentions": [{"start": 3, "end": 14, "username": "javierehdz"}, {"start": 35, "end": 50, "username": "samuel_garcias"}, {"start": 97, "end": 113, "username": "PartidoMorenaNL"}]}, "author_id": "1329878985606651904", "source": "Twitter for Android", "created_at": "2021-06-07T05:19:31.000Z", "text": "RT @javierehdz: Ya gano MiRey \u2026!!! @samuel_garcias \n\nYa es mucha la diferencia y lo mejor es que @PartidoMorenaNL aqu\u00ed en Nuevo Le\u00f3n quedo\u2026", "id": "1401770775921803269", "referenced_tweets": [{"type": "retweeted", "id": "1401768483889766402"}], "public_metrics": {"retweet_count": 1, "reply_count": 0, "like_count": 0, "quote_count": 0}}, "includes": {"users": [{"protected": false, "created_at": "2020-11-20T20:07:24.000Z", "description": "RAYADA DE CORAZ\u00d3N", "id": "1329878985606651904", "verified": false, "public_metrics": {"followers_count": 54, "following_count": 138, "tweet_count": 543, "listed_count": 1}, "username": "lucyer40", "name": "lucyer40"}]}, "matching_rules": [{"id": 1401767939779436548, "tag": "Samuel Garcia"}]}