{"data": {"entities": {"annotations": [{"start": 51, "end": 63, "probability": 0.9884, "type": "Person", "normalized_text": "Samuel Garc\u00eda"}, {"start": 70, "end": 87, "probability": 0.5884, "type": "Person", "normalized_text": "Adri\u00e1n de la Garza"}, {"start": 93, "end": 112, "probability": 0.4907, "type": "Person", "normalized_text": "Fernando Larrazabal"}, {"start": 119, "end": 134, "probability": 0.3427, "type": "Person", "normalized_text": "Clara Luz Flores"}], "mentions": [{"start": 3, "end": 16, "username": "arandatamayo"}], "hashtags": [{"start": 27, "end": 32, "tag": "PREP"}]}, "author_id": "951309537511903233", "source": "Twitter for Android", "created_at": "2021-06-07T05:19:33.000Z", "text": "RT @arandatamayo: Seg\u00fan el #PREP en este momento:\n\nSamuel Garc\u00eda: 37%\nAdri\u00e1n de la Garza: 29%\nFernando Larrazabal: 17%\nClara Luz Flores: 13\u2026", "id": "1401770785723797505", "referenced_tweets": [{"type": "retweeted", "id": "1401715956888571914"}], "public_metrics": {"retweet_count": 200, "reply_count": 0, "like_count": 0, "quote_count": 0}}, "includes": {"users": [{"protected": false, "created_at": "2018-01-11T04:27:23.000Z", "description": "", "id": "951309537511903233", "verified": false, "public_metrics": {"followers_count": 92, "following_count": 326, "tweet_count": 2729, "listed_count": 0}, "username": "LauraMa87478215", "name": "Laura"}]}, "matching_rules": [{"id": 1401767939779436546, "tag": "Fernando Larrazabal"}, {"id": 1401767939779436549, "tag": "Clara Luz"}]}