{"data": {"author_id": "3346211255", "source": "Twitter for Android", "created_at": "2021-06-07T05:19:35.000Z", "text": "RT @chairita4T: @Chokko30 @samuel_garcias @Katsuragui @martuchi63 @Israelsv74 @piporro1012 @MarchantaTita @irenediaz3 @barettaazul74 @kentl\u2026", "id": "1401770791927115778", "entities": {"mentions": [{"start": 3, "end": 14, "username": "chairita4T"}, {"start": 16, "end": 25, "username": "Chokko30"}, {"start": 26, "end": 41, "username": "samuel_garcias"}, {"start": 42, "end": 53, "username": "Katsuragui"}, {"start": 54, "end": 65, "username": "martuchi63"}, {"start": 66, "end": 77, "username": "Israelsv74"}, {"start": 78, "end": 90, "username": "piporro1012"}, {"start": 91, "end": 105, "username": "MarchantaTita"}, {"start": 106, "end": 117, "username": "irenediaz3"}, {"start": 118, "end": 132, "username": "barettaazul74"}]}, "referenced_tweets": [{"type": "retweeted", "id": "1401719543303704579"}], "public_metrics": {"retweet_count": 13, "reply_count": 0, "like_count": 0, "quote_count": 0}}, "includes": {"users": [{"location": "CDMX.", "protected": false, "created_at": "2015-06-26T02:50:31.000Z", "description": "Caminante ef\u00edmero en este plano.\n\nCABALLERO, POETA, GUERRERO (EN DECADENCIA), Y DE UNA SOLA PIEZA HASTA EL FINAL DE MIS D\u00cdAS...", "id": "3346211255", "verified": false, "public_metrics": {"followers_count": 1690, "following_count": 1681, "tweet_count": 63748, "listed_count": 6}, "username": "barettaazul74", "name": "#AMLO y la 4T con todo. Y la 9na lleg\u00f3..."}]}, "matching_rules": [{"id": 1401767939779436548, "tag": "Samuel Garcia"}]}