{"data": {"entities": {"annotations": [{"start": 4, "end": 16, "probability": 0.978, "type": "Person", "normalized_text": "samuel garcia"}]}, "author_id": "341777190", "source": "Twitter for Android", "created_at": "2021-06-07T05:19:50.000Z", "text": "wey samuel garcia va ganando en nuevo leon?? Mm ajshauwjqu alv", "id": "1401770858167910403", "public_metrics": {"retweet_count": 0, "reply_count": 0, "like_count": 0, "quote_count": 0}}, "includes": {"users": [{"location": "M\u00e9xico", "protected": false, "created_at": "2011-07-24T23:12:53.000Z", "description": "catadora de malteadas\ud83e\udd64", "id": "341777190", "verified": false, "public_metrics": {"followers_count": 707, "following_count": 533, "tweet_count": 34391, "listed_count": 0}, "username": "demonichexe", "name": "lightwood"}]}, "matching_rules": [{"id": 1401767939779436548, "tag": "Samuel Garcia"}]}