{"data": {"entities": {"annotations": [{"start": 89, "end": 98, "probability": 0.4707, "type": "Place", "normalized_text": "Nuevo Le\u00f3n"}], "mentions": [{"start": 3, "end": 18, "username": "QuesaVerdadess"}, {"start": 55, "end": 70, "username": "samuel_garcias"}]}, "author_id": "738006153477529601", "source": "Twitter for Android", "created_at": "2021-06-07T05:19:52.000Z", "text": "RT @QuesaVerdadess: Enserio que si \"gan\u00f3\" el inepto de @samuel_garcias la gubernatura de Nuevo Le\u00f3n deber\u00edamos de sacar a ese estado de la\u2026", "id": "1401770862953615369", "referenced_tweets": [{"type": "retweeted", "id": "1401714615369752579"}], "public_metrics": {"retweet_count": 246, "reply_count": 0, "like_count": 0, "quote_count": 0}}, "includes": {"users": [{"protected": false, "created_at": "2016-06-01T13:55:53.000Z", "description": "", "id": "738006153477529601", "verified": false, "public_metrics": {"followers_count": 439, "following_count": 890, "tweet_count": 12592, "listed_count": 2}, "username": "OmarArmenta86", "name": "Omar Armenta y Lectores con MORENA"}]}, "matching_rules": [{"id": 1401767939779436548, "tag": "Samuel Garcia"}]}