{"data": {"in_reply_to_user_id": "224678647", "author_id": "4721511432", "source": "Twitter for Android", "created_at": "2021-06-07T05:19:52.000Z", "text": "@claraluzflores C\u00f3rrele a la visita conyugal con #Raniere", "id": "1401770866828996611", "entities": {"mentions": [{"start": 0, "end": 15, "username": "claraluzflores"}], "hashtags": [{"start": 49, "end": 57, "tag": "Raniere"}]}, "public_metrics": {"retweet_count": 0, "reply_count": 0, "like_count": 0, "quote_count": 0}}, "includes": {"users": [{"location": "San Jos\u00e9 Insurgentes", "protected": false, "created_at": "2016-01-07T03:45:49.000Z", "description": "Somos hermanos. Perro de tres patas y gata terrible. Cuenta alterna y versi\u00f3n de quien suscribe @ClauGabs", "id": "4721511432", "verified": false, "public_metrics": {"followers_count": 362, "following_count": 493, "tweet_count": 17782, "listed_count": 2}, "username": "Psicobable", "name": "Coco&Yol"}]}, "matching_rules": [{"id": 1401767939779436549, "tag": "Clara Luz"}]}