{"data": {"entities": {"annotations": [{"start": 123, "end": 128, "probability": 0.9552, "type": "Place", "normalized_text": "Mexico"}], "mentions": [{"start": 0, "end": 15, "username": "samuel_garcias"}]}, "in_reply_to_user_id": "258973851", "author_id": "295445177", "source": "Twitter for Android", "created_at": "2021-06-07T04:57:04.000Z", "text": "@samuel_garcias El junior y su tio narco, con la campa\u00f1a de redes sociales haciendo payasadas el y su esposa ganaron chale Mexico no merece esta clase de politica la neta Nooooooo", "id": "1401765126995251206", "referenced_tweets": [{"type": "replied_to", "id": "1401748701450625030"}], "context_annotations": [{"domain": {"id": "119", "name": "Holiday", "description": "Holidays like Christmas or Halloween"}, "entity": {"id": "1286645331686350848", "name": "Dia de la Independencia (Grito de Dolores) ", "description": "This entity includes conversations about Dia de la Independencia (Grito de Dolores) for all years."}}], "public_metrics": {"retweet_count": 0, "reply_count": 0, "like_count": 0, "quote_count": 0}}, "includes": {"users": [{"protected": false, "created_at": "2011-05-09T01:41:19.000Z", "description": "", "id": "295445177", "verified": false, "public_metrics": {"followers_count": 9, "following_count": 29, "tweet_count": 637, "listed_count": 0}, "username": "CarlosValenc", "name": "Carlos V"}]}, "matching_rules": [{"id": 1401764684680683523, "tag": "Samuel Garcia"}]}