{"data": {"entities": {"annotations": [{"start": 35, "end": 47, "probability": 0.9958, "type": "Person", "normalized_text": "Samuel Garcia"}]}, "author_id": "114100677", "source": "Twitter for Android", "created_at": "2021-06-07T05:20:06.000Z", "text": "Toy m\u00e1s nerviosa por saber si gana Samuel Garcia que por los resultados de mi pueblo \ud83d\ude05\ud83e\udd37\ud83c\udffc\u200d\u2640\ufe0f", "id": "1401770922911014913", "public_metrics": {"retweet_count": 0, "reply_count": 0, "like_count": 0, "quote_count": 0}}, "includes": {"users": [{"location": "San Luis Potos\u00ed, M\u00e9xico", "protected": false, "created_at": "2010-02-14T04:13:47.000Z", "description": "A veces tan triste, a veces muerta de risa, a veces loca.", "id": "114100677", "verified": false, "public_metrics": {"followers_count": 323, "following_count": 239, "tweet_count": 25944, "listed_count": 3}, "username": "anaa_mento", "name": "\u029f\u1d0f\u029f\u1d00 \u1d0d\u1d07\u0274\u1d1b\u1d0f"}]}, "matching_rules": [{"id": 1401767939779436548, "tag": "Samuel Garcia"}]}