{"data": {"entities": {"annotations": [{"start": 89, "end": 98, "probability": 0.4707, "type": "Place", "normalized_text": "Nuevo Le\u00f3n"}], "mentions": [{"start": 3, "end": 18, "username": "QuesaVerdadess"}, {"start": 55, "end": 70, "username": "samuel_garcias"}]}, "author_id": "1222109696502509570", "source": "Twitter Web App", "created_at": "2021-06-07T05:20:08.000Z", "text": "RT @QuesaVerdadess: Enserio que si \"gan\u00f3\" el inepto de @samuel_garcias la gubernatura de Nuevo Le\u00f3n deber\u00edamos de sacar a ese estado de la\u2026", "id": "1401770930670555139", "referenced_tweets": [{"type": "retweeted", "id": "1401714615369752579"}], "public_metrics": {"retweet_count": 248, "reply_count": 0, "like_count": 0, "quote_count": 0}}, "includes": {"users": [{"location": "M\u00e9xico ", "protected": false, "created_at": "2020-01-28T10:50:42.000Z", "description": "https://t.co/MS92ovbZFI", "id": "1222109696502509570", "verified": false, "public_metrics": {"followers_count": 6, "following_count": 66, "tweet_count": 562, "listed_count": 0}, "username": "Samanth99233865", "name": "Samantha Palacios"}]}, "matching_rules": [{"id": 1401767939779436548, "tag": "Samuel Garcia"}]}