{"data": {"entities": {"annotations": [{"start": 46, "end": 55, "probability": 0.8415, "type": "Place", "normalized_text": "Nuevo Leon"}, {"start": 79, "end": 91, "probability": 0.9869, "type": "Person", "normalized_text": "Samuel Garcia"}, {"start": 97, "end": 114, "probability": 0.733, "type": "Person", "normalized_text": "Adrian de la Garza"}], "mentions": [{"start": 3, "end": 13, "username": "yooddaa29"}]}, "author_id": "895123751938949120", "source": "Twitter for Android", "created_at": "2021-06-07T05:20:14.000Z", "text": "RT @yooddaa29: Tristemente les anuncio que en Nuevo Leon no todo estara bien.\n\nSamuel Garcia 36%\nAdrian de la Garza 28%.\n\nFelicidades para\u2026", "id": "1401770957912543234", "referenced_tweets": [{"type": "retweeted", "id": "1401678536604196866"}], "public_metrics": {"retweet_count": 173, "reply_count": 0, "like_count": 0, "quote_count": 0}}, "includes": {"users": [{"location": "Puerto Rico LIBRE\ud83d\udc9a|922", "protected": false, "created_at": "2017-08-09T03:25:07.000Z", "description": "| UT| MechEng| Mat\u00e9 con Pomelo|", "id": "895123751938949120", "verified": false, "public_metrics": {"followers_count": 445, "following_count": 640, "tweet_count": 49227, "listed_count": 0}, "username": "abnrvgapr", "name": "Aviv"}]}, "matching_rules": [{"id": 1401767939779436547, "tag": "Adrian de la Garza"}, {"id": 1401767939779436548, "tag": "Samuel Garcia"}]}