{"data": {"author_id": "1346983286309085185", "source": "Twitter for Android", "created_at": "2021-06-07T04:57:05.000Z", "text": "#Elecciones2021\nConteo r\u00e1pido en #NuevoLe\u00f3n coloca con un m\u00ednimo de 35.4% y m\u00e1ximo de 37.2% a @samuel_garcias  como nuevo gobernador. Triunfo de @MovCiudadanoMX", "id": "1401765129436413954", "entities": {"mentions": [{"start": 94, "end": 109, "username": "samuel_garcias"}, {"start": 145, "end": 160, "username": "MovCiudadanoMX"}], "hashtags": [{"start": 0, "end": 15, "tag": "Elecciones2021"}, {"start": 33, "end": 43, "tag": "NuevoLe\u00f3n"}]}, "public_metrics": {"retweet_count": 0, "reply_count": 0, "like_count": 0, "quote_count": 0}}, "includes": {"users": [{"protected": false, "created_at": "2021-01-07T00:53:51.000Z", "description": "La ANPERT surge con el compromiso de agrupar a periodistas con experiencia profesional y formaci\u00f3n \u00e9tica", "id": "1346983286309085185", "verified": false, "public_metrics": {"followers_count": 82, "following_count": 119, "tweet_count": 473, "listed_count": 0}, "username": "Anpert2", "name": "Anpert 2020-2024"}]}, "matching_rules": [{"id": 1401764684680683523, "tag": "Samuel Garcia"}]}