{"data": {"entities": {"annotations": [{"start": 31, "end": 47, "probability": 0.9914, "type": "Person", "normalized_text": "Tatiana Clouthier"}, {"start": 52, "end": 61, "probability": 0.9183, "type": "Place", "normalized_text": "Nuevo Le\u00f3n"}, {"start": 129, "end": 137, "probability": 0.8357, "type": "Person", "normalized_text": "Clara Luz"}], "mentions": [{"start": 3, "end": 14, "username": "soygusgus1"}]}, "author_id": "1058866052757516288", "source": "Twitter for Android", "created_at": "2021-06-07T05:20:15.000Z", "text": "RT @soygusgus1: Hubiera estado Tatiana Clouthier en Nuevo Le\u00f3n y morena la gana con 20 puntos. \n\nQue necesidad hab\u00eda de mandar a Clara Luz.", "id": "1401770962228445187", "referenced_tweets": [{"type": "retweeted", "id": "1401687101306028033"}], "public_metrics": {"retweet_count": 241, "reply_count": 0, "like_count": 0, "quote_count": 0}}, "includes": {"users": [{"protected": false, "created_at": "2018-11-03T23:38:34.000Z", "description": "Runner", "id": "1058866052757516288", "verified": false, "public_metrics": {"followers_count": 1980, "following_count": 3199, "tweet_count": 173014, "listed_count": 3}, "username": "PedroMMorales5", "name": "Pedro  M. Morales"}]}, "matching_rules": [{"id": 1401767939779436549, "tag": "Clara Luz"}]}