{"data": {"entities": {"annotations": [{"start": 61, "end": 70, "probability": 0.9952, "type": "Person", "normalized_text": "Pe\u00f1a Nieto"}], "mentions": [{"start": 0, "end": 16, "username": "ExplosionSandia"}, {"start": 43, "end": 58, "username": "samuel_garcias"}]}, "in_reply_to_user_id": "134044595", "author_id": "327605690", "source": "Twitter for Android", "created_at": "2021-06-07T05:20:18.000Z", "text": "@ExplosionSandia Difiero. A comparaci\u00f3n de @samuel_garcias , Pe\u00f1a Nieto era un erudito.", "id": "1401770972009664514", "referenced_tweets": [{"type": "replied_to", "id": "1401768679474409474"}], "public_metrics": {"retweet_count": 0, "reply_count": 0, "like_count": 0, "quote_count": 0}}, "includes": {"users": [{"location": "Puebla, M\u00e9xico", "protected": false, "created_at": "2011-07-01T20:59:04.000Z", "description": "BIEN DICE EL SLOGAN......... SOMOS MUCHOS MAS QUE 11!!!!! YA ME UNI..........", "id": "327605690", "verified": false, "public_metrics": {"followers_count": 385, "following_count": 737, "tweet_count": 25755, "listed_count": 5}, "username": "LDCANINO", "name": "KNIRUFO"}]}, "matching_rules": [{"id": 1401767939779436548, "tag": "Samuel Garcia"}]}