{"data": {"in_reply_to_user_id": "1353523327407697920", "author_id": "1048251379444318213", "source": "Twitter for iPhone", "created_at": "2021-06-07T04:55:18.000Z", "text": "@gaIyaviev kien vota por clara luz no mames", "id": "1401764684022288384", "entities": {"mentions": [{"start": 0, "end": 10, "username": "gaIyaviev"}]}, "referenced_tweets": [{"type": "replied_to", "id": "1401764364332457986"}], "public_metrics": {"retweet_count": 0, "reply_count": 0, "like_count": 0, "quote_count": 0}}, "includes": {"users": [{"protected": false, "created_at": "2018-10-05T16:39:39.000Z", "description": "sentimiento elegansia mardad. 19 she/her", "id": "1048251379444318213", "verified": false, "public_metrics": {"followers_count": 157, "following_count": 469, "tweet_count": 8602, "listed_count": 2}, "username": "joonieyams", "name": "sakuatsu brainrot"}]}, "matching_rules": [{"id": 1401764684680683524, "tag": "Clara Luz"}]}