{"data": {"in_reply_to_user_id": "68844197", "author_id": "512632021", "source": "Twitter for Android", "created_at": "2021-06-07T05:20:25.000Z", "text": "@CarlosLoret @samuel_garcias @ClaudioOchoaH No importa si somos del norte del sur o centro estamos bien pendejos.", "id": "1401771005056585728", "entities": {"mentions": [{"start": 0, "end": 12, "username": "CarlosLoret"}, {"start": 13, "end": 28, "username": "samuel_garcias"}, {"start": 29, "end": 43, "username": "ClaudioOchoaH"}]}, "referenced_tweets": [{"type": "replied_to", "id": "1401767744123686918"}], "context_annotations": [{"domain": {"id": "10", "name": "Person", "description": "Named people in the world like Nelson Mandela"}, "entity": {"id": "809506024583360512", "name": "Carlos Loret de Mola", "description": "Carlos Loret de Mola"}}, {"domain": {"id": "94", "name": "Journalist", "description": "A journalist like 'Anderson Cooper'"}, "entity": {"id": "809506024583360512", "name": "Carlos Loret de Mola", "description": "Carlos Loret de Mola"}}], "public_metrics": {"retweet_count": 0, "reply_count": 0, "like_count": 0, "quote_count": 0}}, "includes": {"users": [{"protected": false, "created_at": "2012-03-03T01:04:01.000Z", "description": "Saquen la cheve no le peguen al llor\u00f3n.                             #NoTeRajes", "id": "512632021", "verified": false, "public_metrics": {"followers_count": 318, "following_count": 167, "tweet_count": 47531, "listed_count": 4}, "username": "Adrian82661033", "name": "Adri@an"}]}, "matching_rules": [{"id": 1401767939779436548, "tag": "Samuel Garcia"}]}