{"data": {"entities": {"annotations": [{"start": 94, "end": 103, "probability": 0.7878, "type": "Place", "normalized_text": "Nuevo Le\u00f3n"}], "mentions": [{"start": 3, "end": 18, "username": "QuesaVerdadess"}, {"start": 30, "end": 45, "username": "samuel_garcias"}], "urls": [{"start": 106, "end": 129, "url": "https://t.co/CLwHFyxMqe", "expanded_url": "https://twitter.com/QuesaVerdadess/status/1401719085533126657/photo/1", "display_url": "pic.twitter.com/CLwHFyxMqe"}]}, "author_id": "142326618", "source": "Twitter Web App", "created_at": "2021-06-07T05:20:27.000Z", "text": "RT @QuesaVerdadess: Si \"gana\" @samuel_garcias todos los dem\u00e1s estados del pa\u00eds con respecto a Nuevo Le\u00f3n: https://t.co/CLwHFyxMqe", "id": "1401771012220456961", "referenced_tweets": [{"type": "retweeted", "id": "1401719085533126657"}], "attachments": {"media_keys": ["3_1401719083549274112"]}, "public_metrics": {"retweet_count": 199, "reply_count": 0, "like_count": 0, "quote_count": 0}}, "includes": {"users": [{"location": "M\u00e9xico", "protected": false, "created_at": "2010-05-10T15:46:46.000Z", "description": "Doctor en ciencias biol\u00f3gicas egresado de la UNAM.", "id": "142326618", "verified": false, "public_metrics": {"followers_count": 146, "following_count": 198, "tweet_count": 1902, "listed_count": 0}, "username": "Zafari666", "name": "LASE"}]}, "matching_rules": [{"id": 1401767939779436548, "tag": "Samuel Garcia"}]}