{"data": {"entities": {"annotations": [{"start": 89, "end": 98, "probability": 0.4707, "type": "Place", "normalized_text": "Nuevo Le\u00f3n"}], "mentions": [{"start": 3, "end": 18, "username": "QuesaVerdadess"}, {"start": 55, "end": 70, "username": "samuel_garcias"}]}, "author_id": "1266579639604064257", "source": "Twitter for Android", "created_at": "2021-06-07T05:20:39.000Z", "text": "RT @QuesaVerdadess: Enserio que si \"gan\u00f3\" el inepto de @samuel_garcias la gubernatura de Nuevo Le\u00f3n deber\u00edamos de sacar a ese estado de la\u2026", "id": "1401771060035477505", "referenced_tweets": [{"type": "retweeted", "id": "1401714615369752579"}], "public_metrics": {"retweet_count": 251, "reply_count": 0, "like_count": 0, "quote_count": 0}}, "includes": {"users": [{"protected": false, "created_at": "2020-05-30T03:58:46.000Z", "description": "", "id": "1266579639604064257", "verified": false, "public_metrics": {"followers_count": 496, "following_count": 652, "tweet_count": 17357, "listed_count": 3}, "username": "MireyaR27415689", "name": "Mireya Rivera"}]}, "matching_rules": [{"id": 1401767939779436548, "tag": "Samuel Garcia"}]}