{"data": {"entities": {"annotations": [{"start": 94, "end": 95, "probability": 0.5519, "type": "Place", "normalized_text": "NL"}, {"start": 128, "end": 132, "probability": 0.5708, "type": "Place", "normalized_text": "Garza"}], "mentions": [{"start": 0, "end": 8, "username": "ZMyBerg"}, {"start": 9, "end": 25, "username": "AdrianDeLaGarza"}]}, "in_reply_to_user_id": "1322571595458772997", "author_id": "1149762973331677184", "source": "Twitter for Android", "created_at": "2021-06-07T05:20:41.000Z", "text": "@ZMyBerg @AdrianDeLaGarza Ya se habla de un 4 o 5 puntos arriba mc,el pan si es un traidor en NL. fosfo fosfo se chingo a de la Garza", "id": "1401771070760366082", "referenced_tweets": [{"type": "replied_to", "id": "1401743820899893249"}], "public_metrics": {"retweet_count": 0, "reply_count": 0, "like_count": 0, "quote_count": 0}}, "includes": {"users": [{"location": "ubicuo", "protected": false, "created_at": "2019-07-12T19:30:29.000Z", "description": "soy guapo y gay.", "id": "1149762973331677184", "verified": false, "public_metrics": {"followers_count": 3670, "following_count": 4984, "tweet_count": 130977, "listed_count": 0}, "username": "JoseGpeRodrig19", "name": "chsm kks"}]}, "matching_rules": [{"id": 1401767939779436547, "tag": "Adrian de la Garza"}]}