{"data": {"entities": {"annotations": [{"start": 21, "end": 33, "probability": 0.9969, "type": "Person", "normalized_text": "Samuel Garcia"}, {"start": 58, "end": 67, "probability": 0.3195, "type": "Person", "normalized_text": "Nuevo Leon"}, {"start": 92, "end": 101, "probability": 0.2994, "type": "Person", "normalized_text": "Nuevo Leon"}], "mentions": [{"start": 3, "end": 18, "username": "eduardoavelarc"}], "urls": [{"start": 104, "end": 127, "url": "https://t.co/SdpbLvbLJc", "expanded_url": "https://twitter.com/eduardoavelarc/status/1401698749265723392/photo/1", "display_url": "pic.twitter.com/SdpbLvbLJc"}]}, "author_id": "2709721765", "source": "Twitter for Android", "created_at": "2021-06-07T05:20:46.000Z", "text": "RT @eduardoavelarc: *Samuel Garcia gana la gobernatura de Nuevo Leon*\n\n-Los que no somos de Nuevo Leon: https://t.co/SdpbLvbLJc", "id": "1401771089584214017", "referenced_tweets": [{"type": "retweeted", "id": "1401698749265723392"}], "attachments": {"media_keys": ["3_1401698745775968259"]}, "public_metrics": {"retweet_count": 637, "reply_count": 0, "like_count": 0, "quote_count": 0}}, "includes": {"users": [{"location": "Aqui", "protected": false, "created_at": "2014-08-05T16:05:08.000Z", "description": "Pap\u00e1, tentativa de abogado, metal\u00fargico, ambientalista, nieto del Pachuco de tlatilco y santa maria la ribera, me laten la relojeria y la joyeria, chairofifi'", "id": "2709721765", "verified": false, "public_metrics": {"followers_count": 183, "following_count": 1380, "tweet_count": 11804, "listed_count": 2}, "username": "iusdelcarmen", "name": "Jose DelCarmen"}]}, "matching_rules": [{"id": 1401767939779436548, "tag": "Samuel Garcia"}]}