{"data": {"entities": {"annotations": [{"start": 34, "end": 46, "probability": 0.9983, "type": "Person", "normalized_text": "Samuel Garcia"}]}, "author_id": "136877269", "source": "Twitter for iPhone", "created_at": "2021-06-07T04:57:07.000Z", "text": "Yo, bien preocupada de que ganara Samuel Garcia cuando ni vivo all\u00e1 ni vot\u00e9 en mi ciudad porque no tengo INE \ud83d\ude42", "id": "1401765140928745472", "public_metrics": {"retweet_count": 0, "reply_count": 0, "like_count": 0, "quote_count": 0}}, "includes": {"users": [{"location": "nowhere", "protected": false, "created_at": "2010-04-25T04:47:22.000Z", "description": "Vacia.", "id": "136877269", "verified": false, "public_metrics": {"followers_count": 976, "following_count": 219, "tweet_count": 67273, "listed_count": 7}, "username": "Laauuz", "name": "aruaL"}]}, "matching_rules": [{"id": 1401764684680683523, "tag": "Samuel Garcia"}]}