{"data": {"entities": {"annotations": [{"start": 31, "end": 47, "probability": 0.9914, "type": "Person", "normalized_text": "Tatiana Clouthier"}, {"start": 52, "end": 61, "probability": 0.9183, "type": "Place", "normalized_text": "Nuevo Le\u00f3n"}, {"start": 129, "end": 137, "probability": 0.8357, "type": "Person", "normalized_text": "Clara Luz"}], "mentions": [{"start": 3, "end": 14, "username": "soygusgus1"}]}, "author_id": "1122152011028488192", "source": "Twitter for Android", "created_at": "2021-06-07T05:20:48.000Z", "text": "RT @soygusgus1: Hubiera estado Tatiana Clouthier en Nuevo Le\u00f3n y morena la gana con 20 puntos. \n\nQue necesidad hab\u00eda de mandar a Clara Luz.", "id": "1401771098300055556", "referenced_tweets": [{"type": "retweeted", "id": "1401687101306028033"}], "public_metrics": {"retweet_count": 242, "reply_count": 0, "like_count": 0, "quote_count": 0}}, "includes": {"users": [{"location": "Reynosa, Tamaulipas", "protected": false, "created_at": "2019-04-27T14:54:22.000Z", "description": "Vivir disfrutando la Vida", "id": "1122152011028488192", "verified": false, "public_metrics": {"followers_count": 3867, "following_count": 4990, "tweet_count": 54866, "listed_count": 1}, "username": "JMarioGLugo1", "name": "J Mario G Lugo"}]}, "matching_rules": [{"id": 1401767939779436549, "tag": "Clara Luz"}]}