{"data": {"entities": {"annotations": [{"start": 28, "end": 31, "probability": 0.2786, "type": "Person", "normalized_text": "Le\u00f3n"}], "mentions": [{"start": 0, "end": 15, "username": "samuel_garcias"}]}, "in_reply_to_user_id": "258973851", "author_id": "1352336348800294916", "source": "Twitter for Android", "created_at": "2021-06-07T05:20:48.000Z", "text": "@samuel_garcias Pobre Nuevo Le\u00f3n", "id": "1401771098237243393", "referenced_tweets": [{"type": "replied_to", "id": "1401577014411153411"}], "public_metrics": {"retweet_count": 0, "reply_count": 0, "like_count": 0, "quote_count": 0}}, "includes": {"users": [{"protected": false, "created_at": "2021-01-21T19:24:57.000Z", "description": "Ya hay muchos lame kulos del kakas Obrador. Ahora se necesita patearle el trasero al chango macuspano", "id": "1352336348800294916", "verified": false, "public_metrics": {"followers_count": 37, "following_count": 34, "tweet_count": 1936, "listed_count": 0}, "username": "AMLOlujoDePend2", "name": "#AMLOlujoDePendejete"}]}, "matching_rules": [{"id": 1401767939779436548, "tag": "Samuel Garcia"}]}