{"data": {"in_reply_to_user_id": "986841875452694529", "author_id": "602433114", "source": "Twitter for Android", "created_at": "2021-06-07T04:57:07.000Z", "text": "@QuesaVerdadess @samuel_garcias Era el menos peor", "id": "1401765140958171138", "entities": {"mentions": [{"start": 0, "end": 15, "username": "QuesaVerdadess"}, {"start": 16, "end": 31, "username": "samuel_garcias"}]}, "referenced_tweets": [{"type": "replied_to", "id": "1401719085533126657"}], "public_metrics": {"retweet_count": 0, "reply_count": 0, "like_count": 0, "quote_count": 0}}, "includes": {"users": [{"location": "Monterrey NL ", "protected": false, "created_at": "2012-06-08T01:17:27.000Z", "description": "Monterrey ladr\u00f3n de mi cerebro!!!!!!", "id": "602433114", "verified": false, "public_metrics": {"followers_count": 136, "following_count": 694, "tweet_count": 4118, "listed_count": 6}, "username": "gusgdgaytan", "name": "GussTavoo07"}]}, "matching_rules": [{"id": 1401764684680683523, "tag": "Samuel Garcia"}]}