{"data": {"entities": {"annotations": [{"start": 59, "end": 68, "probability": 0.6231, "type": "Place", "normalized_text": "Nuevo Le\u00f3n"}], "mentions": [{"start": 3, "end": 14, "username": "CiroGomezL"}, {"start": 71, "end": 86, "username": "samuel_garcias"}]}, "author_id": "1042616171147784192", "source": "Twitter for Android", "created_at": "2021-06-07T05:20:55.000Z", "text": "RT @CiroGomezL: Aunque se dijo ganador a la gubernatura de Nuevo Le\u00f3n, @samuel_garcias pospone su festejo para este lunes, asegur\u00f3 que no l\u2026", "id": "1401771128163610624", "referenced_tweets": [{"type": "retweeted", "id": "1401767281647132672"}], "public_metrics": {"retweet_count": 21, "reply_count": 0, "like_count": 0, "quote_count": 0}}, "includes": {"users": [{"protected": false, "created_at": "2018-09-20T03:27:20.000Z", "description": "", "id": "1042616171147784192", "verified": false, "public_metrics": {"followers_count": 49, "following_count": 273, "tweet_count": 17852, "listed_count": 0}, "username": "pacman280166", "name": "Francisco vidal Tapia"}]}, "matching_rules": [{"id": 1401767939779436548, "tag": "Samuel Garcia"}]}