{"data": {"entities": {"annotations": [{"start": 0, "end": 12, "probability": 0.9979, "type": "Person", "normalized_text": "Samuel Garc\u00eda"}], "mentions": [{"start": 15, "end": 30, "username": "samuel_garcias"}, {"start": 77, "end": 87, "username": "INEMexico"}], "hashtags": [{"start": 42, "end": 52, "tag": "NuevoLe\u00f3n"}, {"start": 117, "end": 130, "tag": "EleccionesMX"}]}, "author_id": "87593032", "source": "Twitter for iPhone", "created_at": "2021-06-07T05:20:56.000Z", "text": "Samuel Garc\u00eda (@samuel_garcias) ha ganado #NuevoLe\u00f3n, seg\u00fan conteo r\u00e1pido de @INEMexico. Nuevo Le\u00f3n es naranja. \n\n\ud83c\udf4a\ud83c\uddf2\ud83c\uddfd#EleccionesMX", "id": "1401771132529922049", "public_metrics": {"retweet_count": 0, "reply_count": 0, "like_count": 0, "quote_count": 0}}, "includes": {"users": [{"location": "CDMX / M\u00e9xico \ud83c\uddf2\ud83c\uddfd", "protected": false, "created_at": "2009-11-05T02:07:19.000Z", "description": "\ud83c\uddf2\ud83c\uddfd89. Administraci\u00f3n P\u00fablica y Econom\u00eda #Digital | \ud83d\udcccEscribo en @ElHiloMX | @HarvardX | ONU CC| ULA | Dirijo el @OLCLATAM | #JuntosPodemos | A T\u00edtulo Personal", "id": "87593032", "verified": false, "public_metrics": {"followers_count": 3392, "following_count": 1612, "tweet_count": 18711, "listed_count": 16}, "username": "echeverria_MX", "name": "Daniel Echeverr\u00eda - Alem\u00e1n \ud83c\uddf2\ud83c\uddfd"}]}, "matching_rules": [{"id": 1401767939779436548, "tag": "Samuel Garcia"}]}