{"data": {"author_id": "93575536", "source": "Twitter for Android", "created_at": "2021-06-07T05:20:58.000Z", "text": "RT @plazevo: Declar\u00f3 a #NuevoLeon el estado con la poblaci\u00f3n m\u00e1s pendeja al votar por @samuel_garcias . De por si ya lo eran pero con esto\u2026", "id": "1401771141539192842", "entities": {"mentions": [{"start": 3, "end": 11, "username": "plazevo"}, {"start": 86, "end": 101, "username": "samuel_garcias"}], "hashtags": [{"start": 23, "end": 33, "tag": "NuevoLeon"}]}, "referenced_tweets": [{"type": "retweeted", "id": "1401762578653532163"}], "public_metrics": {"retweet_count": 6, "reply_count": 0, "like_count": 0, "quote_count": 0}}, "includes": {"users": [{"protected": false, "created_at": "2009-11-30T06:26:00.000Z", "description": "", "id": "93575536", "verified": false, "public_metrics": {"followers_count": 26, "following_count": 1174, "tweet_count": 2990, "listed_count": 0}, "username": "chefofocles", "name": "xavier gonzalez"}]}, "matching_rules": [{"id": 1401767939779436548, "tag": "Samuel Garcia"}]}