{"data": {"entities": {"annotations": [{"start": 36, "end": 44, "probability": 0.8982, "type": "Place", "normalized_text": "MONTERREY"}], "mentions": [{"start": 46, "end": 61, "username": "samuel_garcias"}]}, "author_id": "114325068", "geo": {"place_id": "5970723cbb8cc66e"}, "source": "Twitter for iPhone", "created_at": "2021-06-07T05:20:59.000Z", "text": "Yo me voy al norte con todo!! VENGA MONTERREY @samuel_garcias", "id": "1401771145851027459", "public_metrics": {"retweet_count": 0, "reply_count": 0, "like_count": 0, "quote_count": 0}}, "includes": {"users": [{"location": "Aguascalientes, M\u00e9xico", "protected": false, "created_at": "2010-02-15T01:10:02.000Z", "description": "Ingeniero en Gesti\u00f3n \ud83d\udcc8Empresarial// Asesor profesional en seguros personales y empresariales / GNP Seguros \ud83c\uddf2\ud83c\uddfd2\ufe0f\u20e38\ufe0f\u20e3\ud83e\udd85", "id": "114325068", "verified": false, "public_metrics": {"followers_count": 164, "following_count": 1780, "tweet_count": 14955, "listed_count": 2}, "username": "EljovenAbraham", "name": "EL JOVEN"}]}, "matching_rules": [{"id": 1401767939779436548, "tag": "Samuel Garcia"}]}