{"data": {"entities": {"annotations": [{"start": 38, "end": 43, "probability": 0.6396, "type": "Person", "normalized_text": "Mirrey"}, {"start": 67, "end": 76, "probability": 0.4956, "type": "Place", "normalized_text": "Nuevo Le\u00f3n"}], "mentions": [{"start": 0, "end": 16, "username": "FerLarrazabalNL"}]}, "in_reply_to_user_id": "1339275407334526978", "author_id": "846929408208203777", "source": "Twitter for Android", "created_at": "2021-06-07T05:21:01.000Z", "text": "@FerLarrazabalNL Por tu culpa gano el Mirrey. Triste historia para Nuevo Le\u00f3n.", "id": "1401771153400778760", "referenced_tweets": [{"type": "replied_to", "id": "1400312500097323009"}], "public_metrics": {"retweet_count": 0, "reply_count": 0, "like_count": 0, "quote_count": 0}}, "includes": {"users": [{"protected": false, "created_at": "2017-03-29T03:38:00.000Z", "description": "Activista de causas justas y coherentes con la verdad. #Democracia #Igualdad #Tercerav\u00eda LATINOAM\u00c9RICA LIBRE DE DICTADURAS. Nicarag\u00fcense/Salvadore\u00f1o/Mexicano", "id": "846929408208203777", "verified": false, "public_metrics": {"followers_count": 157, "following_count": 198, "tweet_count": 2956, "listed_count": 0}, "username": "nicaraguchi", "name": "Ariel \ud83c\uddf3\ud83c\uddee\ud83c\uddf8\ud83c\uddfb\ud83c\uddf2\ud83c\uddfd"}]}, "matching_rules": [{"id": 1401767939779436546, "tag": "Fernando Larrazabal"}]}