{"data": {"entities": {"annotations": [{"start": 53, "end": 63, "probability": 0.9632, "type": "Person", "normalized_text": "Abel Guerra"}, {"start": 74, "end": 82, "probability": 0.9757, "type": "Person", "normalized_text": "Clara Luz"}, {"start": 89, "end": 106, "probability": 0.9555, "type": "Person", "normalized_text": "Ildefonso Guajardo"}, {"start": 120, "end": 137, "probability": 0.982, "type": "Person", "normalized_text": "Adri\u00e1n de la Garza"}, {"start": 150, "end": 162, "probability": 0.9945, "type": "Person", "normalized_text": "Samuel Garc\u00eda"}, {"start": 203, "end": 212, "probability": 0.7413, "type": "Place", "normalized_text": "Nuevo Le\u00f3n"}], "urls": [{"start": 217, "end": 240, "url": "https://t.co/1UBzgJlum0", "expanded_url": "https://twitter.com/jesusanchezII/status/1401771155434840067/photo/1", "display_url": "pic.twitter.com/1UBzgJlum0"}]}, "author_id": "154211295", "source": "Twitter for iPhone", "created_at": "2021-06-07T05:21:01.000Z", "text": "En esta foto podemos ver el momento exacto en el que Abel Guerra vendi\u00f3 a Clara Luz y mi Ildefonso Guajardo traicion\u00f3 a Adri\u00e1n de la Garza, desde ah\u00ed Samuel Garc\u00eda agarr\u00f3 vuelo rumbo a la gubernatura de Nuevo Le\u00f3n... https://t.co/1UBzgJlum0", "id": "1401771155434840067", "attachments": {"media_keys": ["3_1401771125101805572"]}, "public_metrics": {"retweet_count": 0, "reply_count": 0, "like_count": 0, "quote_count": 0}}, "includes": {"users": [{"location": "Nuevo Le\u00f3n, M\u00e9xico", "protected": false, "created_at": "2010-06-10T17:24:32.000Z", "description": "", "id": "154211295", "verified": false, "public_metrics": {"followers_count": 139, "following_count": 37, "tweet_count": 18079, "listed_count": 4}, "username": "jesusanchezII", "name": "Jes\u00fas S\u00e1nchez"}]}, "matching_rules": [{"id": 1401767939779436549, "tag": "Clara Luz"}]}