{"data": {"in_reply_to_user_id": "759037024414289920", "author_id": "1849097856", "source": "Twitter for iPhone", "created_at": "2021-06-07T05:21:09.000Z", "text": "@ballina_a @CarlosLoret @samuel_garcias @ClaudioOchoaH Inteligentes?? Que no son los que se meten primos con primos Jajajajajaja son un chiste a nivel nacional y con esto m\u00e1s", "id": "1401771186049089537", "entities": {"mentions": [{"start": 0, "end": 10, "username": "ballina_a"}, {"start": 11, "end": 23, "username": "CarlosLoret"}, {"start": 24, "end": 39, "username": "samuel_garcias"}, {"start": 40, "end": 54, "username": "ClaudioOchoaH"}]}, "referenced_tweets": [{"type": "replied_to", "id": "1401769308250910720"}], "context_annotations": [{"domain": {"id": "10", "name": "Person", "description": "Named people in the world like Nelson Mandela"}, "entity": {"id": "809506024583360512", "name": "Carlos Loret de Mola", "description": "Carlos Loret de Mola"}}, {"domain": {"id": "94", "name": "Journalist", "description": "A journalist like 'Anderson Cooper'"}, "entity": {"id": "809506024583360512", "name": "Carlos Loret de Mola", "description": "Carlos Loret de Mola"}}], "public_metrics": {"retweet_count": 0, "reply_count": 0, "like_count": 0, "quote_count": 0}}, "includes": {"users": [{"protected": false, "created_at": "2013-09-09T19:04:22.000Z", "description": "Despierta con determinaci\u00f3n y duerme con satisfacci\u00f3n \ud83e\uddd8\ud83c\udffc\u200d\u2640\ufe0f\ud83c\udfca\ud83c\udffc\u200d\u2640\ufe0f", "id": "1849097856", "verified": false, "public_metrics": {"followers_count": 420, "following_count": 340, "tweet_count": 11852, "listed_count": 12}, "username": "april_bibi", "name": "\ud83e\udd8bapril-A\ud83d\udcab"}]}, "matching_rules": [{"id": 1401767939779436548, "tag": "Samuel Garcia"}]}