{"data": {"in_reply_to_user_id": "1243277567441997824", "author_id": "1200275870365241344", "source": "Twitter for Android", "created_at": "2021-06-07T05:21:10.000Z", "text": "@bocam27031 @AtzPalomares @HadjySaurux @samuel_garcias Amigo, eh salido y visto el primero mundo, eh visto que no se combate el covid con estampitas, que no se cancelan proyectos por ni\u00f1erias, que no se compran y se hacen refiner\u00edas en pleno 2021 porque vamos hacia el futuro de energ\u00edas limpias y renovables, porque no, en lugar de", "id": "1401771190566457345", "entities": {"mentions": [{"start": 0, "end": 11, "username": "bocam27031"}, {"start": 12, "end": 25, "username": "AtzPalomares"}, {"start": 26, "end": 38, "username": "HadjySaurux"}, {"start": 39, "end": 54, "username": "samuel_garcias"}]}, "referenced_tweets": [{"type": "replied_to", "id": "1401768105638981634"}], "context_annotations": [{"domain": {"id": "123", "name": "Ongoing News Story", "description": "Ongoing News Stories like 'Brexit'"}, "entity": {"id": "1220701888179359745", "name": "COVID-19"}}], "public_metrics": {"retweet_count": 0, "reply_count": 0, "like_count": 0, "quote_count": 0}}, "includes": {"users": [{"protected": false, "created_at": "2019-11-29T04:50:58.000Z", "description": "Ya ni se que hacer conmigo mismo...", "id": "1200275870365241344", "verified": false, "public_metrics": {"followers_count": 8, "following_count": 138, "tweet_count": 68, "listed_count": 0}, "username": "Mailsalas", "name": "Liam Salas"}]}, "matching_rules": [{"id": 1401767939779436548, "tag": "Samuel Garcia"}]}