{"data": {"entities": {"annotations": [{"start": 75, "end": 84, "probability": 0.7635, "type": "Place", "normalized_text": "Nuevo Le\u00f3n"}], "mentions": [{"start": 3, "end": 18, "username": "RaulRodriguezC"}, {"start": 36, "end": 51, "username": "samuel_garcias"}], "urls": [{"start": 87, "end": 110, "url": "https://t.co/RltshDe2TH", "expanded_url": "https://twitter.com/RaulRodriguezC/status/1401771046110478338/photo/1", "display_url": "pic.twitter.com/RltshDe2TH"}], "hashtags": [{"start": 29, "end": 34, "tag": "PREP"}]}, "author_id": "1892090774", "source": "Twitter for Android", "created_at": "2021-06-07T05:21:12.000Z", "text": "RT @RaulRodriguezC: Seg\u00fan el #PREP, @samuel_garcias gana la gubernatura de Nuevo Le\u00f3n. https://t.co/RltshDe2TH", "id": "1401771201840754690", "referenced_tweets": [{"type": "retweeted", "id": "1401771046110478338"}], "attachments": {"media_keys": ["3_1401771040850731015"]}, "public_metrics": {"retweet_count": 1, "reply_count": 0, "like_count": 0, "quote_count": 0}}, "includes": {"users": [{"location": "Mexico", "protected": false, "created_at": "2013-09-22T01:38:10.000Z", "description": "El Amor es lo \u00fanico que somos capaces de percibir q trasciende las dimensiones del tiempo y del espacio.", "id": "1892090774", "verified": false, "public_metrics": {"followers_count": 532, "following_count": 358, "tweet_count": 25490, "listed_count": 11}, "username": "peachbrw", "name": "Bere"}]}, "matching_rules": [{"id": 1401767939779436548, "tag": "Samuel Garcia"}]}