{"data": {"entities": {"annotations": [{"start": 82, "end": 90, "probability": 0.6194, "type": "Person", "normalized_text": "Clara Luz"}, {"start": 109, "end": 120, "probability": 0.25, "type": "Other", "normalized_text": "Neo Leoneses"}], "mentions": [{"start": 3, "end": 17, "username": "GustavoRocMtz"}, {"start": 33, "end": 49, "username": "PartidoMorenaMx"}, {"start": 122, "end": 138, "username": "PartidoMorenaMx"}], "hashtags": [{"start": 21, "end": 31, "tag": "NuevoLe\u00f3n"}]}, "author_id": "1052922060786360320", "source": "Twitter for Android", "created_at": "2021-06-07T05:21:16.000Z", "text": "RT @GustavoRocMtz: A #NuevoLe\u00f3n  @PartidoMorenaMx lo entreg\u00f3 desde la elecci\u00f3n de Clara Luz, a nosotros, los Neo Leoneses @PartidoMorenaMx\u2026", "id": "1401771216189394944", "referenced_tweets": [{"type": "retweeted", "id": "1401711713343492097"}], "public_metrics": {"retweet_count": 288, "reply_count": 0, "like_count": 0, "quote_count": 0}}, "includes": {"users": [{"protected": false, "created_at": "2018-10-18T13:59:16.000Z", "description": "T\u00e9cnico Qu\u00edmico y patriota con la 4T", "id": "1052922060786360320", "verified": false, "public_metrics": {"followers_count": 228, "following_count": 439, "tweet_count": 8586, "listed_count": 1}, "username": "CarlosCO21974", "name": "CO2"}]}, "matching_rules": [{"id": 1401767939779436549, "tag": "Clara Luz"}]}