{"data": {"entities": {"annotations": [{"start": 89, "end": 98, "probability": 0.4707, "type": "Place", "normalized_text": "Nuevo Le\u00f3n"}], "mentions": [{"start": 3, "end": 18, "username": "QuesaVerdadess"}, {"start": 55, "end": 70, "username": "samuel_garcias"}]}, "author_id": "1209252352328384512", "source": "Twitter for Android", "created_at": "2021-06-07T05:21:16.000Z", "text": "RT @QuesaVerdadess: Enserio que si \"gan\u00f3\" el inepto de @samuel_garcias la gubernatura de Nuevo Le\u00f3n deber\u00edamos de sacar a ese estado de la\u2026", "id": "1401771217477058562", "referenced_tweets": [{"type": "retweeted", "id": "1401714615369752579"}], "public_metrics": {"retweet_count": 254, "reply_count": 0, "like_count": 0, "quote_count": 0}}, "includes": {"users": [{"protected": false, "created_at": "2019-12-23T23:20:19.000Z", "description": "sociable, anal\u00edtico, empatico, serio.", "id": "1209252352328384512", "verified": false, "public_metrics": {"followers_count": 720, "following_count": 1208, "tweet_count": 18588, "listed_count": 0}, "username": "Javier33160280", "name": "Javier"}]}, "matching_rules": [{"id": 1401767939779436548, "tag": "Samuel Garcia"}]}