{"data": {"entities": {"annotations": [{"start": 13, "end": 25, "probability": 0.9943, "type": "Person", "normalized_text": "Samuel Garcia"}]}, "author_id": "1257439159821754368", "source": "Twitter for Android", "created_at": "2021-06-07T05:21:24.000Z", "text": "Loooool gan\u00f3 Samuel Garcia en NL XDDDDDD", "id": "1401771251471839234", "public_metrics": {"retweet_count": 0, "reply_count": 0, "like_count": 0, "quote_count": 0}}, "includes": {"users": [{"location": "Un Pueblo ", "protected": false, "created_at": "2020-05-04T22:37:24.000Z", "description": "Que tranza aqu\u00ed hay Anarco/Comunismo , nos llevamos bien con progres y fachas , servimos tacos con pisto y ponemos cosas horny .", "id": "1257439159821754368", "verified": false, "public_metrics": {"followers_count": 880, "following_count": 704, "tweet_count": 17115, "listed_count": 4}, "username": "NavaAnarkMex22", "name": "\u24b6 Luis Navarr\u00f8 \ud83c\udf3e"}]}, "matching_rules": [{"id": 1401767939779436548, "tag": "Samuel Garcia"}]}