{"data": {"entities": {"annotations": [{"start": 35, "end": 44, "probability": 0.9526, "type": "Place", "normalized_text": "Nuevo Le\u00f3n"}, {"start": 80, "end": 86, "probability": 0.9753, "type": "Place", "normalized_text": "Nayarit"}, {"start": 106, "end": 108, "probability": 0.9135, "type": "Organization", "normalized_text": "DEA"}], "mentions": [{"start": 3, "end": 17, "username": "RealPolitikNL"}, {"start": 46, "end": 62, "username": "RobertoSandoval"}]}, "author_id": "1358962413253529607", "source": "Twitter for Android", "created_at": "2021-06-07T05:21:25.000Z", "text": "RT @RealPolitikNL: Fue detenido en Nuevo Le\u00f3n @RobertoSandoval ex gobernador de Nayarit perseguido por la DEA y la cuya relaci\u00f3n personal y\u2026", "id": "1401771255817293825", "referenced_tweets": [{"type": "retweeted", "id": "1401557622667583491"}], "public_metrics": {"retweet_count": 102, "reply_count": 0, "like_count": 0, "quote_count": 0}}, "includes": {"users": [{"location": "Monterrey, Nuevo Le\u00f3n", "protected": false, "created_at": "2021-02-09T02:15:12.000Z", "description": "Soy pol\u00edticamente incorrecto, Muy intolerante, No soy af\u00e9resis de robot o sea Bot.", "id": "1358962413253529607", "verified": false, "public_metrics": {"followers_count": 68, "following_count": 572, "tweet_count": 7425, "listed_count": 0}, "username": "GerardLoyerM", "name": "Gerardo Oyervides"}]}, "matching_rules": [{"id": 1401767939779436548, "tag": "Samuel Garcia"}]}