{"data": {"entities": {"annotations": [{"start": 0, "end": 8, "probability": 0.9134, "type": "Person", "normalized_text": "Clara Luz"}, {"start": 63, "end": 70, "probability": 0.4772, "type": "Organization", "normalized_text": "Liguilla"}]}, "author_id": "30419875", "source": "Twitter Web App", "created_at": "2021-06-07T05:21:28.000Z", "text": "Clara Luz en 4to lugar. Todav\u00eda alcanza un boleto directo a la Liguilla, evitando el repechaje.", "id": "1401771266546278401", "public_metrics": {"retweet_count": 0, "reply_count": 0, "like_count": 0, "quote_count": 0}}, "includes": {"users": [{"location": "Monterrey, Mx.", "protected": false, "created_at": "2009-04-11T07:59:50.000Z", "description": "Mi persona @kiiimchipop. Naturalizado regio. Vendehumo profesional. Casado con la mejor mujer de la galaxia. #wencho4ever", "id": "30419875", "verified": false, "public_metrics": {"followers_count": 622, "following_count": 289, "tweet_count": 76933, "listed_count": 20}, "username": "cecilindro", "name": "\u00a1\u1d07\u029f \u1d0d\u1d07\u0274\ua731\u1d00\u1d0a\u1d07\u0280\u1d0f \u1d05\u1d07\u029f \ua731\u1d00\u0299\u1d0f\u0280, \u1d07\u029f \u1d0d\u1d07\u0274\ua731\u1d00\u1d0a\u1d07\u0280\u1d0f!"}]}, "matching_rules": [{"id": 1401767939779436549, "tag": "Clara Luz"}]}