{"data": {"in_reply_to_user_id": "117893369", "author_id": "1853052451", "source": "Twitter for iPhone", "created_at": "2021-06-07T05:21:30.000Z", "text": "@javierehdz @samuel_garcias @PartidoMorenaNL @PartidoMorenaMx Nada m\u00e1s no te vallas a quejar del gobierno que vamos a tener . Calladito por favor .", "id": "1401771275073167361", "entities": {"mentions": [{"start": 0, "end": 11, "username": "javierehdz"}, {"start": 12, "end": 27, "username": "samuel_garcias"}, {"start": 28, "end": 44, "username": "PartidoMorenaNL"}, {"start": 45, "end": 61, "username": "PartidoMorenaMx"}]}, "referenced_tweets": [{"type": "replied_to", "id": "1401768483889766402"}], "public_metrics": {"retweet_count": 0, "reply_count": 0, "like_count": 0, "quote_count": 0}}, "includes": {"users": [{"protected": false, "created_at": "2013-09-11T02:02:34.000Z", "description": "odontologo , especialista en endodoncia ,rayado de coraz\u00f3n , disfrutando de la vida . AMLOVER \u2764\ufe0fpor convicci\u00f3n .", "id": "1853052451", "verified": false, "public_metrics": {"followers_count": 265, "following_count": 1469, "tweet_count": 7644, "listed_count": 1}, "username": "omar_endo78", "name": "Omar Escobar"}]}, "matching_rules": [{"id": 1401767939779436548, "tag": "Samuel Garcia"}]}