{"data": {"entities": {"annotations": [{"start": 158, "end": 167, "probability": 0.9613, "type": "Place", "normalized_text": "Tamaulipas"}, {"start": 217, "end": 222, "probability": 0.9902, "type": "Place", "normalized_text": "M\u00e9xico"}], "mentions": [{"start": 0, "end": 15, "username": "QuesaVerdadess"}, {"start": 16, "end": 25, "username": "NachoRgz"}, {"start": 26, "end": 41, "username": "samuel_garcias"}]}, "in_reply_to_user_id": "986841875452694529", "author_id": "613148734", "source": "Twitter Web App", "created_at": "2021-06-07T05:21:32.000Z", "text": "@QuesaVerdadess @NachoRgz @samuel_garcias Dir\u00eda que es incre\u00edble que quede de gobernador el sobrino de un NARCO probado. Pero otro narco ya fue gobernador de Tamaulipas. Y all\u00ed sigue.... cosas que se permiten solo en M\u00e9xico \ud83d\ude29", "id": "1401771283117969410", "referenced_tweets": [{"type": "replied_to", "id": "1401714615369752579"}], "context_annotations": [{"domain": {"id": "119", "name": "Holiday", "description": "Holidays like Christmas or Halloween"}, "entity": {"id": "1286645331686350848", "name": "Dia de la Independencia (Grito de Dolores) ", "description": "This entity includes conversations about Dia de la Independencia (Grito de Dolores) for all years."}}], "public_metrics": {"retweet_count": 0, "reply_count": 0, "like_count": 0, "quote_count": 0}}, "includes": {"users": [{"location": "M\u00e9rida, Yucatecaland", "protected": false, "created_at": "2012-06-20T04:59:23.000Z", "description": "Ilustrador mas que Freelance, libre. Con un grave problema con la autoridad. Sobre todo si  esta atenta con el sentido com\u00fan.", "id": "613148734", "verified": false, "public_metrics": {"followers_count": 199, "following_count": 845, "tweet_count": 3720, "listed_count": 1}, "username": "Jose_CobaH", "name": "Jos\u00e9 Cob\u00e1 Herrera"}]}, "matching_rules": [{"id": 1401767939779436548, "tag": "Samuel Garcia"}]}