{"data": {"author_id": "867226539536125952", "source": "Twitter Web App", "created_at": "2021-06-07T05:21:45.000Z", "text": "No puede ser\ud83e\udd26\ud83c\udffb\u200d\u2640\ufe0f\ud83e\udd26\ud83c\udffb\u200d\u2640\ufe0f\ud83e\udd26\ud83c\udffb\u200d\u2640\ufe0f https://t.co/3AarUeMvRK", "id": "1401771338830958595", "referenced_tweets": [{"type": "quoted", "id": "1401764277720027136"}], "entities": {"urls": [{"start": 28, "end": 51, "url": "https://t.co/3AarUeMvRK", "expanded_url": "https://twitter.com/luispadua_info7/status/1401764277720027136", "display_url": "twitter.com/luispadua_info\u2026"}]}, "public_metrics": {"retweet_count": 0, "reply_count": 0, "like_count": 0, "quote_count": 0}}, "includes": {"users": [{"protected": false, "created_at": "2017-05-24T03:51:34.000Z", "description": "\ud83d\udcaf de @TigresOficial *7oda la vida* \ud83d\udc9b\ud83d\udc99 \n\u2b50\u2b50\u2b50\u2b50\u2b50\u2b50\ud83c\udf1f\n#UnTigreNuncaDejaSoloAOtroTigre #LaULaULaU \nYo tuiteo lo que quiera \ud83d\ude01", "id": "867226539536125952", "verified": false, "public_metrics": {"followers_count": 105, "following_count": 359, "tweet_count": 12481, "listed_count": 1}, "username": "Sandra_y_Pako", "name": "\u2022\u0262\u03b1\u0280c\u00ed\u03b1 \u0455\u03b1\u0274c\u0127ez desde \ud83c\udfe1\u2022"}]}, "matching_rules": [{"id": 1401767939779436548, "tag": "Samuel Garcia"}]}