{"data": {"author_id": "1338424609", "source": "Twitter for Android", "created_at": "2021-06-07T05:21:45.000Z", "text": "RT @MrLotario: Este wey @FerLarrazabalNL es el pendejo m\u00e1s grande del Norte del pa\u00eds, no es cierto, los m\u00e1s pendejos son los que votaron po\u2026", "id": "1401771340923772930", "entities": {"mentions": [{"start": 3, "end": 13, "username": "MrLotario"}, {"start": 24, "end": 40, "username": "FerLarrazabalNL"}]}, "referenced_tweets": [{"type": "retweeted", "id": "1401765409204883456"}], "public_metrics": {"retweet_count": 14, "reply_count": 0, "like_count": 0, "quote_count": 0}}, "includes": {"users": [{"protected": false, "created_at": "2013-04-09T06:00:56.000Z", "description": "", "id": "1338424609", "verified": false, "public_metrics": {"followers_count": 1302, "following_count": 2214, "tweet_count": 105697, "listed_count": 1}, "username": "itrejob", "name": "ismael trejo"}]}, "matching_rules": [{"id": 1401767939779436546, "tag": "Fernando Larrazabal"}]}