{"data": {"entities": {"annotations": [{"start": 132, "end": 140, "probability": 0.5165, "type": "Product", "normalized_text": "instagram"}, {"start": 155, "end": 161, "probability": 0.8586, "type": "Person", "normalized_text": "MARIANA"}], "urls": [{"start": 163, "end": 186, "url": "https://t.co/TgbE19bq40", "expanded_url": "https://twitter.com/PollsMX_/status/1401763240082825216", "display_url": "twitter.com/PollsMX_/statu\u2026"}]}, "author_id": "93341904", "source": "Twitter for Android", "created_at": "2021-06-07T04:55:19.000Z", "text": "Con todo respeto, ya lo sab\u00edamos.\n\nUstedes y su orgullo ciego que se sienten ofendidos por un par de chavos que son unos genios del instagram.\n\nBueno, por MARIANA https://t.co/TgbE19bq40", "id": "1401764686014521349", "referenced_tweets": [{"type": "quoted", "id": "1401763240082825216"}], "context_annotations": [{"domain": {"id": "46", "name": "Brand Category", "description": "Categories within Brand Verticals that narrow down the scope of Brands"}, "entity": {"id": "781974596752842752", "name": "Services"}}, {"domain": {"id": "47", "name": "Brand", "description": "Brands and Companies"}, "entity": {"id": "10041893684", "name": "Instagram"}}], "public_metrics": {"retweet_count": 0, "reply_count": 0, "like_count": 0, "quote_count": 0}}, "includes": {"users": [{"location": "Cya/Aguas/Carretera", "protected": false, "created_at": "2009-11-29T06:42:40.000Z", "description": "Pierdo las mariposas de los aretes, nunca las del est\u00f3mago. Cow lover, dog rescuer. IAZ. Rossonera. Jelly bean eater. Rompo radios y canto en la camioneta, oso.", "id": "93341904", "verified": false, "public_metrics": {"followers_count": 1314, "following_count": 855, "tweet_count": 168307, "listed_count": 24}, "username": "kleliasilva", "name": "Klelia Silva #GrandezadeMexico"}]}, "matching_rules": [{"id": 1401764684680683525, "tag": "Fernando Larrazabal"}, {"id": 1401764684680683524, "tag": "Clara Luz"}, {"id": 1401764684680683523, "tag": "Samuel Garcia"}, {"id": 1401764684680683522, "tag": "Adrian de la Garza"}]}