{"data": {"entities": {"annotations": [{"start": 99, "end": 107, "probability": 0.718, "type": "Person", "normalized_text": "El Bronco"}, {"start": 121, "end": 126, "probability": 0.9937, "type": "Person", "normalized_text": "Samuel"}], "mentions": [{"start": 0, "end": 13, "username": "juanvargas28"}, {"start": 14, "end": 29, "username": "samuel_garcias"}]}, "in_reply_to_user_id": "53943134", "author_id": "1374013777360871425", "source": "Twitter for Android", "created_at": "2021-06-07T05:21:58.000Z", "text": "@juanvargas28 @samuel_garcias Dejen de procrear entre primos salen con retraso, ya lo hicieron con El Bronco y ahora con Samuel no jodan \ud83d\ude05", "id": "1401771392060776449", "referenced_tweets": [{"type": "replied_to", "id": "1401770774738911240"}], "context_annotations": [{"domain": {"id": "10", "name": "Person", "description": "Named people in the world like Nelson Mandela"}, "entity": {"id": "928660638741565440", "name": "Jaime Rodr\u00edguez Calder\u00f3n", "description": "Jaime Rdz El Bronco"}}, {"domain": {"id": "35", "name": "Politician", "description": "Politicians in the world, like Joe Biden"}, "entity": {"id": "928660638741565440", "name": "Jaime Rodr\u00edguez Calder\u00f3n", "description": "Jaime Rdz El Bronco"}}], "public_metrics": {"retweet_count": 0, "reply_count": 0, "like_count": 0, "quote_count": 0}}, "includes": {"users": [{"protected": false, "created_at": "2021-03-22T15:03:21.000Z", "description": "Industrial con inter\u00e9s en temas sociales, pol\u00edticos y econ\u00f3micos. \n\n\ud83c\uddf2\ud83c\uddfd", "id": "1374013777360871425", "verified": false, "public_metrics": {"followers_count": 3, "following_count": 59, "tweet_count": 682, "listed_count": 0}, "username": "jcarloscuellar_", "name": "Carlos Cu\u00e9llar"}]}, "matching_rules": [{"id": 1401767939779436548, "tag": "Samuel Garcia"}]}