{"data": {"entities": {"annotations": [{"start": 14, "end": 19, "probability": 0.9508, "type": "Person", "normalized_text": "Adri\u00e1n"}, {"start": 39, "end": 44, "probability": 0.9842, "type": "Person", "normalized_text": "Samuel"}, {"start": 61, "end": 69, "probability": 0.8928, "type": "Person", "normalized_text": "Clara Luz"}, {"start": 116, "end": 125, "probability": 0.7805, "type": "Person", "normalized_text": "Larrazabal"}], "mentions": [{"start": 3, "end": 12, "username": "DasaevFP"}]}, "author_id": "3302042707", "source": "Twitter for iPhone", "created_at": "2021-06-07T05:21:58.000Z", "text": "RT @DasaevFP: Adri\u00e1n es el gobernador, Samuel es gobernador, Clara Luz es gobernadora. \u00bfAlguien m\u00e1s es gobernador?\n\nLarrazabal: soy goberna\u2026", "id": "1401771393839140864", "referenced_tweets": [{"type": "retweeted", "id": "1401698269177290757"}], "public_metrics": {"retweet_count": 30, "reply_count": 0, "like_count": 0, "quote_count": 0}}, "includes": {"users": [{"location": "Dragonstone", "protected": false, "created_at": "2015-07-31T02:32:14.000Z", "description": "hola s\u00f3lo soy un chico que sue\u00f1a con salvar al mundo de la gente mala \ud83e\udd1f\ud83c\udffb\u2764\ufe0f. IG zxgbi", "id": "3302042707", "verified": false, "public_metrics": {"followers_count": 137, "following_count": 973, "tweet_count": 9504, "listed_count": 1}, "username": "AcuarioZogbi", "name": "Acuario Zogbi"}]}, "matching_rules": [{"id": 1401767939779436549, "tag": "Clara Luz"}]}