{"data": {"entities": {"annotations": [{"start": 65, "end": 73, "probability": 0.4847, "type": "Person", "normalized_text": "Clara Luz"}], "mentions": [{"start": 3, "end": 11, "username": "heczen3"}, {"start": 13, "end": 29, "username": "vissaeusmorenae"}, {"start": 30, "end": 42, "username": "hijodelnono"}]}, "author_id": "457678550", "source": "Twitter for iPhone", "created_at": "2021-06-07T05:22:00.000Z", "text": "RT @heczen3: @vissaeusmorenae @hijodelnono El problema al caerse Clara Luz por lo de NXIVM, esos dos suben, el panista nunca figur\u00f3.\n\nEnton\u2026", "id": "1401771400231370752", "referenced_tweets": [{"type": "retweeted", "id": "1401771049549799427"}], "public_metrics": {"retweet_count": 2, "reply_count": 0, "like_count": 0, "quote_count": 0}}, "includes": {"users": [{"location": "En tu mente.", "protected": false, "created_at": "2012-01-07T17:55:38.000Z", "description": "A veces quisiera contarles historias, luego recuerdo que estoy bien guey para escribir y se me pasa. #RedAMLOver 1000% AntiBorolistas.", "id": "457678550", "verified": false, "public_metrics": {"followers_count": 10822, "following_count": 3193, "tweet_count": 111493, "listed_count": 24}, "username": "hijodelnono", "name": "EL TO\u00d1O"}]}, "matching_rules": [{"id": 1401767939779436549, "tag": "Clara Luz"}]}