{"data": {"entities": {"annotations": [{"start": 31, "end": 47, "probability": 0.9914, "type": "Person", "normalized_text": "Tatiana Clouthier"}, {"start": 52, "end": 61, "probability": 0.9183, "type": "Place", "normalized_text": "Nuevo Le\u00f3n"}, {"start": 129, "end": 137, "probability": 0.8357, "type": "Person", "normalized_text": "Clara Luz"}], "mentions": [{"start": 3, "end": 14, "username": "soygusgus1"}]}, "author_id": "591535295", "source": "Twitter for Android", "created_at": "2021-06-07T05:22:00.000Z", "text": "RT @soygusgus1: Hubiera estado Tatiana Clouthier en Nuevo Le\u00f3n y morena la gana con 20 puntos. \n\nQue necesidad hab\u00eda de mandar a Clara Luz.", "id": "1401771403561549824", "referenced_tweets": [{"type": "retweeted", "id": "1401687101306028033"}], "public_metrics": {"retweet_count": 244, "reply_count": 0, "like_count": 0, "quote_count": 0}}, "includes": {"users": [{"location": "Quintana Roo, M\u00e9xico", "protected": false, "created_at": "2012-05-27T05:24:18.000Z", "description": "Vivo en un para\u00edso llamado Quintana Roo.", "id": "591535295", "verified": false, "public_metrics": {"followers_count": 949, "following_count": 1558, "tweet_count": 12629, "listed_count": 2}, "username": "Eislersulub", "name": "Eisler SJ"}]}, "matching_rules": [{"id": 1401767939779436549, "tag": "Clara Luz"}]}