{"data": {"entities": {"annotations": [{"start": 0, "end": 8, "probability": 0.9243, "type": "Person", "normalized_text": "Clara Luz"}], "urls": [{"start": 84, "end": 107, "url": "https://t.co/Ooi204misd", "expanded_url": "https://twitter.com/arelipaz/status/1401771024262303751", "display_url": "twitter.com/arelipaz/statu\u2026"}]}, "author_id": "1080978666950078464", "source": "Twitter for iPhone", "created_at": "2021-06-07T05:22:12.000Z", "text": "Clara Luz no reconoce ni a un tratante de blancas ni sentada frente a \u00e9l... seg\u00fan \ud83d\ude44 https://t.co/Ooi204misd", "id": "1401771454035681287", "referenced_tweets": [{"type": "quoted", "id": "1401771024262303751"}], "public_metrics": {"retweet_count": 0, "reply_count": 0, "like_count": 0, "quote_count": 0}}, "includes": {"users": [{"protected": false, "created_at": "2019-01-04T00:06:12.000Z", "description": "", "id": "1080978666950078464", "verified": false, "public_metrics": {"followers_count": 208, "following_count": 280, "tweet_count": 2445, "listed_count": 0}, "username": "derechango", "name": "El Derechango"}]}, "matching_rules": [{"id": 1401767939779436549, "tag": "Clara Luz"}]}