{"data": {"entities": {"annotations": [{"start": 16, "end": 25, "probability": 0.6241, "type": "Place", "normalized_text": "Nuevo Le\u00f3n"}, {"start": 37, "end": 43, "probability": 0.5222, "type": "Product", "normalized_text": "twitter"}, {"start": 46, "end": 54, "probability": 0.7889, "type": "Product", "normalized_text": "Instagram"}, {"start": 58, "end": 65, "probability": 0.702, "type": "Product", "normalized_text": "Facebook"}], "urls": [{"start": 105, "end": 128, "url": "https://t.co/y6MqYiR2RI", "expanded_url": "https://twitter.com/pichonespinoza/status/1401770867718164483", "display_url": "twitter.com/pichonespinoza\u2026"}]}, "author_id": "105418571", "source": "Twitter for iPhone", "created_at": "2021-06-07T05:22:14.000Z", "text": "Y a la gente de Nuevo Le\u00f3n, qu\u00edtenle twitter, Instagram y Facebook. Necesitan regresar a usar el cerebro https://t.co/y6MqYiR2RI", "id": "1401771458683043840", "referenced_tweets": [{"type": "quoted", "id": "1401770867718164483"}], "context_annotations": [{"domain": {"id": "46", "name": "Brand Category", "description": "Categories within Brand Verticals that narrow down the scope of Brands"}, "entity": {"id": "781974596752842752", "name": "Services"}}, {"domain": {"id": "47", "name": "Brand", "description": "Brands and Companies"}, "entity": {"id": "10029202045", "name": "Facebook"}}, {"domain": {"id": "47", "name": "Brand", "description": "Brands and Companies"}, "entity": {"id": "10041893684", "name": "Instagram"}}, {"domain": {"id": "47", "name": "Brand", "description": "Brands and Companies"}, "entity": {"id": "10045225402", "name": "Twitter"}}], "public_metrics": {"retweet_count": 0, "reply_count": 0, "like_count": 0, "quote_count": 0}}, "includes": {"users": [{"location": "M\u00e9xico", "protected": false, "created_at": "2010-01-16T08:34:53.000Z", "description": "Nobody", "id": "105418571", "verified": false, "public_metrics": {"followers_count": 1213, "following_count": 162, "tweet_count": 121148, "listed_count": 30}, "username": "carloshigarcia", "name": "Carlos"}]}, "matching_rules": [{"id": 1401767939779436548, "tag": "Samuel Garcia"}]}