{"data": {"in_reply_to_user_id": "167042901", "author_id": "166663289", "geo": {"place_id": "019a80e87e7c0f46"}, "source": "Twitter for Android", "created_at": "2021-06-07T05:22:15.000Z", "text": "@GlodeJo07 Espero que @samuel_garcias  nos tape la boca y sea realmente un contrapeso en la pol\u00edtica nacional", "id": "1401771463519047684", "entities": {"mentions": [{"start": 0, "end": 10, "username": "GlodeJo07"}, {"start": 22, "end": 37, "username": "samuel_garcias"}]}, "referenced_tweets": [{"type": "replied_to", "id": "1401770988765782017"}], "public_metrics": {"retweet_count": 0, "reply_count": 0, "like_count": 0, "quote_count": 0}}, "includes": {"users": [{"protected": false, "created_at": "2010-07-14T18:22:44.000Z", "description": "", "id": "166663289", "verified": false, "public_metrics": {"followers_count": 24, "following_count": 188, "tweet_count": 169, "listed_count": 0}, "username": "askani_x", "name": "Noel Galindo"}]}, "matching_rules": [{"id": 1401767939779436548, "tag": "Samuel Garcia"}]}