{"data": {"entities": {"annotations": [{"start": 41, "end": 53, "probability": 0.9988, "type": "Person", "normalized_text": "Samuel Garcia"}, {"start": 143, "end": 152, "probability": 0.5822, "type": "Place", "normalized_text": "Nuevo Le\u00f3n"}]}, "author_id": "14403393", "source": "Twitter for iPhone", "created_at": "2021-06-07T04:57:15.000Z", "text": "De verdad y sinceramente me da gusto que Samuel Garcia haya quedado gobernador, s\u00f3lo la gente joven sacar\u00e1 adelante este desastre, felicidades Nuevo Le\u00f3n.", "id": "1401765174189563906", "public_metrics": {"retweet_count": 0, "reply_count": 0, "like_count": 0, "quote_count": 0}}, "includes": {"users": [{"location": "Cholula", "protected": false, "created_at": "2008-04-16T01:44:38.000Z", "description": "Gracias por leer mi biograf\u00eda. Aqu\u00ed no hay nada.", "id": "14403393", "verified": false, "public_metrics": {"followers_count": 670, "following_count": 165, "tweet_count": 88891, "listed_count": 21}, "username": "raymundo", "name": "Kobra Kid"}]}, "matching_rules": [{"id": 1401764684680683523, "tag": "Samuel Garcia"}]}