{"data": {"entities": {"annotations": [{"start": 58, "end": 66, "probability": 0.8542, "type": "Person", "normalized_text": "Clara Luz"}, {"start": 102, "end": 109, "probability": 0.9531, "type": "Place", "normalized_text": "Escobedo"}, {"start": 197, "end": 202, "probability": 0.6175, "type": "Organization", "normalized_text": "MORENA"}]}, "author_id": "461327015", "source": "Twitter for Android", "created_at": "2021-06-07T05:22:26.000Z", "text": "Av\u00edsenles a los que estaban en esa junta con el esposo de Clara Luz que los chamaque\u00f3. Ser cacique en Escobedo no te da poder para negociar una candidatura a nivel estatal. Otra p\u00e9sima decisi\u00f3n de MORENA en sus candidaturas.", "id": "1401771512789712898", "public_metrics": {"retweet_count": 0, "reply_count": 0, "like_count": 0, "quote_count": 0}}, "includes": {"users": [{"location": "Monterrey, Nuevo Le\u00f3n", "protected": false, "created_at": "2012-01-11T17:50:04.000Z", "description": "Polit\u00f3logo UNAM. Portero ambulante. Tuiteo sobre Pol\u00edtica, F\u00fatbol y M\u00fasica.", "id": "461327015", "verified": false, "public_metrics": {"followers_count": 541, "following_count": 543, "tweet_count": 3746, "listed_count": 0}, "username": "rob_guz", "name": "Roberto Guzm\u00e1n"}]}, "matching_rules": [{"id": 1401767939779436549, "tag": "Clara Luz"}]}