{"data": {"entities": {"annotations": [{"start": 94, "end": 103, "probability": 0.7878, "type": "Place", "normalized_text": "Nuevo Le\u00f3n"}], "mentions": [{"start": 3, "end": 18, "username": "QuesaVerdadess"}, {"start": 30, "end": 45, "username": "samuel_garcias"}], "urls": [{"start": 106, "end": 129, "url": "https://t.co/CLwHFyxMqe", "expanded_url": "https://twitter.com/QuesaVerdadess/status/1401719085533126657/photo/1", "display_url": "pic.twitter.com/CLwHFyxMqe"}]}, "author_id": "1267877558021914624", "source": "Twitter for Android", "created_at": "2021-06-07T05:22:27.000Z", "text": "RT @QuesaVerdadess: Si \"gana\" @samuel_garcias todos los dem\u00e1s estados del pa\u00eds con respecto a Nuevo Le\u00f3n: https://t.co/CLwHFyxMqe", "id": "1401771516396720130", "referenced_tweets": [{"type": "retweeted", "id": "1401719085533126657"}], "attachments": {"media_keys": ["3_1401719083549274112"]}, "public_metrics": {"retweet_count": 201, "reply_count": 0, "like_count": 0, "quote_count": 0}}, "includes": {"users": [{"protected": false, "created_at": "2020-06-02T17:56:41.000Z", "description": "AMLO NO ESTAS SOLO", "id": "1267877558021914624", "verified": false, "public_metrics": {"followers_count": 863, "following_count": 1326, "tweet_count": 2210, "listed_count": 1}, "username": "Pajarol48109909", "name": "AVE FENIX"}]}, "matching_rules": [{"id": 1401767939779436548, "tag": "Samuel Garcia"}]}