{"data": {"entities": {"annotations": [{"start": 46, "end": 55, "probability": 0.8415, "type": "Place", "normalized_text": "Nuevo Leon"}, {"start": 79, "end": 91, "probability": 0.9869, "type": "Person", "normalized_text": "Samuel Garcia"}, {"start": 97, "end": 114, "probability": 0.733, "type": "Person", "normalized_text": "Adrian de la Garza"}], "mentions": [{"start": 3, "end": 13, "username": "yooddaa29"}]}, "author_id": "1170010200", "source": "Twitter for Android", "created_at": "2021-06-07T04:57:16.000Z", "text": "RT @yooddaa29: Tristemente les anuncio que en Nuevo Leon no todo estara bien.\n\nSamuel Garcia 36%\nAdrian de la Garza 28%.\n\nFelicidades para\u2026", "id": "1401765176848887813", "referenced_tweets": [{"type": "retweeted", "id": "1401678536604196866"}], "public_metrics": {"retweet_count": 158, "reply_count": 0, "like_count": 0, "quote_count": 0}}, "includes": {"users": [{"location": "monterrey, n.l. mexico", "protected": false, "created_at": "2013-02-11T21:00:36.000Z", "description": "ingenier\u00eda de costos contrucci\u00f3n de obras de concreto reforzado mazatleco de nacimiento y corre mazatl\u00e1n por mis venas", "id": "1170010200", "verified": false, "public_metrics": {"followers_count": 796, "following_count": 958, "tweet_count": 31704, "listed_count": 0}, "username": "alcarazdavalos", "name": "Jorge G. Alcaraz"}]}, "matching_rules": [{"id": 1401764684680683523, "tag": "Samuel Garcia"}, {"id": 1401764684680683522, "tag": "Adrian de la Garza"}]}