{"data": {"in_reply_to_user_id": "2357040230", "author_id": "2967589872", "source": "Twitter for Android", "created_at": "2021-06-07T05:22:29.000Z", "text": "@AdrianDeLaGarza Ahora todo vas estar mejor https://t.co/ZgRSIkHpGd", "id": "1401771522881200133", "entities": {"mentions": [{"start": 0, "end": 16, "username": "AdrianDeLaGarza"}], "urls": [{"start": 44, "end": 67, "url": "https://t.co/ZgRSIkHpGd", "expanded_url": "https://twitter.com/piporroconverse/status/1401771522881200133/photo/1", "display_url": "pic.twitter.com/ZgRSIkHpGd"}]}, "referenced_tweets": [{"type": "replied_to", "id": "1401679458277412866"}], "attachments": {"media_keys": ["16_1401771516388331530"]}, "public_metrics": {"retweet_count": 0, "reply_count": 0, "like_count": 0, "quote_count": 0}}, "includes": {"users": [{"location": "Monterrey", "protected": false, "created_at": "2015-01-09T00:37:25.000Z", "description": "\ud83e\udd20Regio de Abolengo, soy el autentico rey del taconazo ya sea con convers o botas Rayado de\ud83d\udc99", "id": "2967589872", "verified": false, "public_metrics": {"followers_count": 562, "following_count": 975, "tweet_count": 2924, "listed_count": 1}, "username": "piporroconverse", "name": "piporro con convers fosfos"}]}, "matching_rules": [{"id": 1401767939779436547, "tag": "Adrian de la Garza"}]}