{"data": {"in_reply_to_user_id": "1339275407334526978", "author_id": "236040044", "source": "Twitter for iPhone", "created_at": "2021-06-07T05:22:31.000Z", "text": "@FerLarrazabalNL y tus encuestas donde est\u00e1n? Puras mentiras. Debiste haber declinado! No ten\u00edas ninguna oportunidad de ganar.", "id": "1401771533123608582", "entities": {"mentions": [{"start": 0, "end": 16, "username": "FerLarrazabalNL"}]}, "public_metrics": {"retweet_count": 0, "reply_count": 0, "like_count": 0, "quote_count": 0}}, "includes": {"users": [{"location": "Tatooine, Nuevo Leon", "protected": false, "created_at": "2011-01-09T17:22:12.000Z", "description": "I tweet in Eng. Spa. Port and Fre about F1, Cars, Travel, Gadgets, Travel, Stand-up, Finance, Dogs, Films and other commodities...", "id": "236040044", "verified": false, "public_metrics": {"followers_count": 403, "following_count": 2358, "tweet_count": 4049, "listed_count": 9}, "username": "AMV322", "name": "Readymade"}]}, "matching_rules": [{"id": 1401767939779436546, "tag": "Fernando Larrazabal"}]}