{"data": {"author_id": "202027931", "source": "Twitter for iPad", "created_at": "2021-06-07T05:22:50.000Z", "text": "tons clara luz no gan\u00f3? \n\n\ud83e\udd14\ud83e\udd14\ud83e\udd14 https://t.co/WpJuT6ExYq", "id": "1401771612727250951", "entities": {"urls": [{"start": 30, "end": 53, "url": "https://t.co/WpJuT6ExYq", "expanded_url": "https://twitter.com/christianbleu/status/1401771612727250951/photo/1", "display_url": "pic.twitter.com/WpJuT6ExYq"}]}, "attachments": {"media_keys": ["3_1401771590908616706"]}, "public_metrics": {"retweet_count": 0, "reply_count": 0, "like_count": 0, "quote_count": 0}}, "includes": {"users": [{"location": "P.Sherman 42 WallabyWay Sydney", "protected": false, "created_at": "2010-10-13T04:10:26.000Z", "description": "\u2014Who's winning? \u2014Nobody. One side is just losing slower than the other.", "id": "202027931", "verified": false, "public_metrics": {"followers_count": 1265, "following_count": 1165, "tweet_count": 19519, "listed_count": 35}, "username": "christianbleu", "name": "christian\u2019s total landscaping"}]}, "matching_rules": [{"id": 1401767939779436549, "tag": "Clara Luz"}]}