{"data": {"author_id": "138679091", "source": "Twitter for Android", "created_at": "2021-06-07T05:22:50.000Z", "text": "Con 13.7 de casillas computarizadas @samuel_garcias tiene una ventaja de 10% con respecto al 2do lugar @AdrianDeLaGarza \n\nCoincide con los datos que presento a las 6:00 PM.\n#Elecciones2021 #EleccionesNL @cesarulloag https://t.co/kgRhF8m882 https://t.co/a90qcDEIkU", "id": "1401771613247488003", "entities": {"mentions": [{"start": 36, "end": 51, "username": "samuel_garcias"}, {"start": 103, "end": 119, "username": "AdrianDeLaGarza"}, {"start": 203, "end": 215, "username": "cesarulloag"}], "urls": [{"start": 216, "end": 239, "url": "https://t.co/kgRhF8m882", "expanded_url": "https://twitter.com/WYair10/status/1401771460599947268/photo/1", "display_url": "pic.twitter.com/kgRhF8m882"}, {"start": 240, "end": 263, "url": "https://t.co/a90qcDEIkU", "expanded_url": "https://twitter.com/WYair10/status/1401771613247488003/photo/1", "display_url": "pic.twitter.com/a90qcDEIkU"}], "hashtags": [{"start": 173, "end": 188, "tag": "Elecciones2021"}, {"start": 189, "end": 202, "tag": "EleccionesNL"}]}, "attachments": {"media_keys": ["3_1401771611301294081"]}, "public_metrics": {"retweet_count": 0, "reply_count": 0, "like_count": 0, "quote_count": 0}}, "includes": {"users": [{"location": "Monterrey, Nuevo Leon", "protected": false, "created_at": "2010-04-30T07:30:20.000Z", "description": "Un simple mortal...!!! Tigre de coraz\u00f3n.", "id": "138679091", "verified": false, "public_metrics": {"followers_count": 334, "following_count": 1505, "tweet_count": 9684, "listed_count": 4}, "username": "WYair10", "name": "Yair"}]}, "matching_rules": [{"id": 1401767939779436547, "tag": "Adrian de la Garza"}, {"id": 1401767939779436548, "tag": "Samuel Garcia"}]}