{"data": {"entities": {"annotations": [{"start": 0, "end": 12, "probability": 0.9981, "type": "Person", "normalized_text": "Samuel Garc\u00eda"}, {"start": 28, "end": 45, "probability": 0.678, "type": "Person", "normalized_text": "Adri\u00e1n de la Garza"}, {"start": 60, "end": 79, "probability": 0.2778, "type": "Person", "normalized_text": "Fernando Larrazabal"}, {"start": 93, "end": 108, "probability": 0.4304, "type": "Person", "normalized_text": "Clara Luz Flores"}]}, "in_reply_to_user_id": "951921801730420738", "author_id": "951921801730420738", "source": "Twitter for Android", "created_at": "2021-06-07T05:22:52.000Z", "text": "Samuel Garc\u00eda 35.4 - 37.2% \nAdri\u00e1n de la Garza 26.8 - 28.5% \nFernando Larrazabal 17.9 -19.3%\nClara Luz Flores 13.7 - 15.3%", "id": "1401771618662187010", "referenced_tweets": [{"type": "replied_to", "id": "1401771617500286980"}], "public_metrics": {"retweet_count": 0, "reply_count": 0, "like_count": 0, "quote_count": 0}}, "includes": {"users": [{"location": "Madrid, Espa\u00f1a", "protected": false, "created_at": "2018-01-12T21:00:18.000Z", "description": "La historia y la econom\u00eda son mi pasi\u00f3n y mi d\u00eda.\nMi novia y yo somos reptilianos.", "id": "951921801730420738", "verified": false, "public_metrics": {"followers_count": 239, "following_count": 239, "tweet_count": 7290, "listed_count": 0}, "username": "joseluis_jlo", "name": "\ud83c\udfca\u200d\u2642\ufe0f\ud83c\udfca\u200d\u2642\ufe0f\ud83c\udfca\u200d\u2642\ufe0f"}]}, "matching_rules": [{"id": 1401767939779436546, "tag": "Fernando Larrazabal"}, {"id": 1401767939779436549, "tag": "Clara Luz"}]}