{"data": {"author_id": "275731864", "source": "Twitter for iPhone", "created_at": "2021-06-07T05:22:52.000Z", "text": "Me das pena Nuevo Le\u00f3n... no te Bastaron los 6 a\u00f1os con el \u201cbronco\u201d y ah\u00ed vas por otros 6 con el que no sabe qu\u00e9 es gobernar ni un municipio menos va a saber gobernar un estado \ud83e\udd26\ud83c\udffc\u200d\u2640\ufe0f https://t.co/8BILpi4Fry", "id": "1401771618339282949", "referenced_tweets": [{"type": "quoted", "id": "1401767744123686918"}], "entities": {"urls": [{"start": 183, "end": 206, "url": "https://t.co/8BILpi4Fry", "expanded_url": "https://twitter.com/carlosloret/status/1401767744123686918", "display_url": "twitter.com/carlosloret/st\u2026"}]}, "context_annotations": [{"domain": {"id": "10", "name": "Person", "description": "Named people in the world like Nelson Mandela"}, "entity": {"id": "928660638741565440", "name": "Jaime Rodr\u00edguez Calder\u00f3n", "description": "Jaime Rdz El Bronco"}}, {"domain": {"id": "35", "name": "Politician", "description": "Politicians in the world, like Joe Biden"}, "entity": {"id": "928660638741565440", "name": "Jaime Rodr\u00edguez Calder\u00f3n", "description": "Jaime Rdz El Bronco"}}], "public_metrics": {"retweet_count": 0, "reply_count": 0, "like_count": 0, "quote_count": 0}}, "includes": {"users": [{"location": "monterrey, nl.", "protected": false, "created_at": "2011-04-01T21:56:49.000Z", "description": "Lic en Derecho. #Rock #Love and more #Rock \ud83e\udd1f\ud83c\udffbmis colores amarillo y azul #Incomparable #Tigres \ud83d\udc2f\ud83d\udc99\ud83d\udc9b", "id": "275731864", "verified": false, "public_metrics": {"followers_count": 82, "following_count": 219, "tweet_count": 2632, "listed_count": 0}, "username": "jessctz", "name": "jess cortez"}]}, "matching_rules": [{"id": 1401767939779436548, "tag": "Samuel Garcia"}]}