{"data": {"in_reply_to_user_id": "224282817", "author_id": "71842818", "source": "Twitter for Android", "created_at": "2021-06-07T04:57:17.000Z", "text": "@axelsolisrmz @jrobertogdeleon @VecinoRegi0 @samuel_garcias @FerLarrazabalNL @AdrianDeLaGarza @claraluzflores Al momento que publicas en tu casilla los resultados, no hay nada que esconder.\nMalo para la pol\u00e9mica del f\u00fatbol y p\u00e9simo para la pol\u00e9mica de pol\u00edtica.\ud83e\udd26", "id": "1401765182293135360", "entities": {"mentions": [{"start": 0, "end": 13, "username": "axelsolisrmz"}, {"start": 14, "end": 30, "username": "jrobertogdeleon"}, {"start": 31, "end": 43, "username": "VecinoRegi0"}, {"start": 44, "end": 59, "username": "samuel_garcias"}, {"start": 60, "end": 76, "username": "FerLarrazabalNL"}, {"start": 77, "end": 93, "username": "AdrianDeLaGarza"}, {"start": 94, "end": 109, "username": "claraluzflores"}]}, "referenced_tweets": [{"type": "replied_to", "id": "1401763644233314307"}], "context_annotations": [{"domain": {"id": "11", "name": "Sport", "description": "Types of sports, like soccer and basketball"}, "entity": {"id": "733756536430809088", "name": "Soccer"}}], "public_metrics": {"retweet_count": 0, "reply_count": 0, "like_count": 0, "quote_count": 0}}, "includes": {"users": [{"protected": false, "created_at": "2009-09-05T16:57:05.000Z", "description": "Regiomontanto", "id": "71842818", "verified": false, "public_metrics": {"followers_count": 266, "following_count": 277, "tweet_count": 30746, "listed_count": 4}, "username": "PoloMc78", "name": "\u00c1ngel Veloz"}]}, "matching_rules": [{"id": 1401764684680683525, "tag": "Fernando Larrazabal"}, {"id": 1401764684680683524, "tag": "Clara Luz"}, {"id": 1401764684680683523, "tag": "Samuel Garcia"}, {"id": 1401764684680683522, "tag": "Adrian de la Garza"}]}