{"data": {"entities": {"annotations": [{"start": 115, "end": 123, "probability": 0.6689, "type": "Person", "normalized_text": "Idelfonso"}], "mentions": [{"start": 0, "end": 13, "username": "CompeanIrene"}, {"start": 14, "end": 22, "username": "ZMyBerg"}, {"start": 23, "end": 39, "username": "AdrianDeLaGarza"}, {"start": 40, "end": 55, "username": "AccionNacional"}, {"start": 56, "end": 64, "username": "prinlmx"}, {"start": 65, "end": 77, "username": "ildefonsogv"}]}, "in_reply_to_user_id": "1149050092621619205", "author_id": "163331450", "source": "Twitter for iPhone", "created_at": "2021-06-07T05:23:02.000Z", "text": "@CompeanIrene @ZMyBerg @AdrianDeLaGarza @AccionNacional @prinlmx @ildefonsogv Yo lo dije de un principio si no era Idelfonso la ten\u00eda perdida y mira nomas con quien pinch\u00e9 verg\u00fcenza", "id": "1401771663293923330", "referenced_tweets": [{"type": "replied_to", "id": "1401770637346095106"}], "public_metrics": {"retweet_count": 0, "reply_count": 0, "like_count": 0, "quote_count": 0}}, "includes": {"users": [{"location": "#MTY @NuevoLe\u00f3n \u2661 #M\u00e9xico ", "protected": false, "created_at": "2010-07-06T04:03:55.000Z", "description": "Apoyando a la gente d #MTY en lo q pueda en info vial, tur\u00edstica del estado d #NL amo\u2764\ufe0fel cabrito del @PipiripauGrill & @pipiritruck sus hamburguesas #LaMarrana", "id": "163331450", "verified": false, "public_metrics": {"followers_count": 20421, "following_count": 7981, "tweet_count": 356823, "listed_count": 163}, "username": "_taxista_regio_", "name": "\u26f0\ud83d\ude95\ud83c\udfe1 Don Taxista Piojoso \u26bd\ufe0f\ud83d\udc2f\ud83c\udfc6"}]}, "matching_rules": [{"id": 1401767939779436547, "tag": "Adrian de la Garza"}]}