{"data": {"entities": {"annotations": [{"start": 28, "end": 37, "probability": 0.3005, "type": "Place", "normalized_text": "Nuevo Le\u00f3n"}, {"start": 48, "end": 56, "probability": 0.9625, "type": "Place", "normalized_text": "Monterrey"}, {"start": 67, "end": 73, "probability": 0.6058, "type": "Place", "normalized_text": "Colosio"}, {"start": 117, "end": 122, "probability": 0.905, "type": "Person", "normalized_text": "Maril\u00fa"}, {"start": 133, "end": 138, "probability": 0.9815, "type": "Person", "normalized_text": "Marian"}], "mentions": [{"start": 3, "end": 18, "username": "samuel_garcias"}]}, "author_id": "95325299", "source": "Twitter for iPhone", "created_at": "2021-06-07T05:23:02.000Z", "text": "RT @samuel_garcias: Gracias Nuevo Le\u00f3n, gracias Monterrey, gracias Colosio por acompa\u00f1arnos en esta batalla, gracias Maril\u00fa, gracias Marian\u2026", "id": "1401771663734325250", "referenced_tweets": [{"type": "retweeted", "id": "1401734693049946115"}], "public_metrics": {"retweet_count": 115, "reply_count": 0, "like_count": 0, "quote_count": 0}}, "includes": {"users": [{"location": "Monterrey, Nuevo Le\u00f3n", "protected": false, "created_at": "2009-12-08T01:40:25.000Z", "description": "Yo creo en Dios como el ciego cree en el sol, no porque lo ve sino porque lo siente.", "id": "95325299", "verified": false, "public_metrics": {"followers_count": 153, "following_count": 359, "tweet_count": 6892, "listed_count": 1}, "username": "lizbenavides", "name": "Elizabeth Bvds."}]}, "matching_rules": [{"id": 1401767939779436548, "tag": "Samuel Garcia"}]}