{"data": {"entities": {"annotations": [{"start": 46, "end": 55, "probability": 0.8415, "type": "Place", "normalized_text": "Nuevo Leon"}, {"start": 79, "end": 91, "probability": 0.9869, "type": "Person", "normalized_text": "Samuel Garcia"}, {"start": 97, "end": 114, "probability": 0.733, "type": "Person", "normalized_text": "Adrian de la Garza"}], "mentions": [{"start": 3, "end": 13, "username": "yooddaa29"}]}, "author_id": "1215777293794189313", "source": "Twitter for Android", "created_at": "2021-06-07T05:23:06.000Z", "text": "RT @yooddaa29: Tristemente les anuncio que en Nuevo Leon no todo estara bien.\n\nSamuel Garcia 36%\nAdrian de la Garza 28%.\n\nFelicidades para\u2026", "id": "1401771680356257793", "referenced_tweets": [{"type": "retweeted", "id": "1401678536604196866"}], "public_metrics": {"retweet_count": 175, "reply_count": 0, "like_count": 0, "quote_count": 0}}, "includes": {"users": [{"location": "Mty\u2665\ufe0f", "protected": false, "created_at": "2020-01-10T23:27:59.000Z", "description": "Kingdom come, fuckrs...", "id": "1215777293794189313", "verified": false, "public_metrics": {"followers_count": 265, "following_count": 372, "tweet_count": 37704, "listed_count": 8}, "username": "X0v3k", "name": "Xovek"}]}, "matching_rules": [{"id": 1401767939779436547, "tag": "Adrian de la Garza"}, {"id": 1401767939779436548, "tag": "Samuel Garcia"}]}