{"data": {"in_reply_to_user_id": "85120805", "author_id": "3215551851", "source": "Twitter for Android", "created_at": "2021-06-07T04:57:18.000Z", "text": "@truckzo @nuevoleon @samuel_garcias @Puebla @morelos @MBarbosaMX @cuauhtemocb10 Votamos diferente, damos oportunidades no votamos por los mismos como el resto del pa\u00eds", "id": "1401765184515936256", "entities": {"mentions": [{"start": 0, "end": 8, "username": "truckzo"}, {"start": 9, "end": 19, "username": "nuevoleon"}, {"start": 20, "end": 35, "username": "samuel_garcias"}, {"start": 36, "end": 43, "username": "Puebla"}, {"start": 44, "end": 52, "username": "morelos"}, {"start": 53, "end": 64, "username": "MBarbosaMX"}, {"start": 65, "end": 79, "username": "cuauhtemocb10"}]}, "referenced_tweets": [{"type": "replied_to", "id": "1401764648186224640"}], "context_annotations": [{"domain": {"id": "10", "name": "Person", "description": "Named people in the world like Nelson Mandela"}, "entity": {"id": "1131625081640144896", "name": "Miguel Barbosa Huerta", "description": "Miguel Barbosa Huerta"}}, {"domain": {"id": "35", "name": "Politician", "description": "Politicians in the world, like Joe Biden"}, "entity": {"id": "1131625081640144896", "name": "Miguel Barbosa Huerta", "description": "Miguel Barbosa Huerta"}}], "public_metrics": {"retweet_count": 0, "reply_count": 0, "like_count": 0, "quote_count": 0}}, "includes": {"users": [{"protected": false, "created_at": "2015-04-28T04:51:06.000Z", "description": "", "id": "3215551851", "verified": false, "public_metrics": {"followers_count": 21, "following_count": 160, "tweet_count": 57, "listed_count": 0}, "username": "FanSmtown", "name": "superstar Smtown fan"}]}, "matching_rules": [{"id": 1401764684680683523, "tag": "Samuel Garcia"}]}