{"data": {"author_id": "419179401", "source": "Twitter for Android", "created_at": "2021-06-07T05:23:10.000Z", "text": "Esto si es un castigazo, no? https://t.co/gjpkKrmkbX", "id": "1401771694700761090", "referenced_tweets": [{"type": "quoted", "id": "1401765866551848964"}], "entities": {"urls": [{"start": 29, "end": 52, "url": "https://t.co/gjpkKrmkbX", "expanded_url": "https://twitter.com/SinEmbargoMX/status/1401765866551848964", "display_url": "twitter.com/SinEmbargoMX/s\u2026"}]}, "public_metrics": {"retweet_count": 0, "reply_count": 0, "like_count": 0, "quote_count": 0}}, "includes": {"users": [{"location": "Quer\u00e9taro, M\u00e9xico", "protected": false, "created_at": "2011-11-23T01:59:14.000Z", "description": "", "id": "419179401", "verified": false, "public_metrics": {"followers_count": 465, "following_count": 403, "tweet_count": 30195, "listed_count": 2}, "username": "AlexGomora", "name": "AlexGomora"}]}, "matching_rules": [{"id": 1401767939779436548, "tag": "Samuel Garcia"}]}