{"data": {"entities": {"annotations": [{"start": 0, "end": 17, "probability": 0.9273, "type": "Person", "normalized_text": "Adrian de la Garza"}]}, "author_id": "962785973707923456", "source": "Twitter for iPhone", "created_at": "2021-06-07T05:23:11.000Z", "text": "Adrian de la Garza ganando la copa respeto", "id": "1401771698873987072", "public_metrics": {"retweet_count": 0, "reply_count": 0, "like_count": 0, "quote_count": 0}}, "includes": {"users": [{"location": "M o n t e r r e y", "protected": false, "created_at": "2018-02-11T20:30:38.000Z", "description": "", "id": "962785973707923456", "verified": false, "public_metrics": {"followers_count": 137, "following_count": 55, "tweet_count": 2601, "listed_count": 0}, "username": "aldoolp", "name": "walls"}]}, "matching_rules": [{"id": 1401767939779436547, "tag": "Adrian de la Garza"}]}