{"data": {"entities": {"annotations": [{"start": 44, "end": 53, "probability": 0.2394, "type": "Other", "normalized_text": "Nuevo Leon"}], "mentions": [{"start": 3, "end": 18, "username": "CarlosAJimnez4"}, {"start": 23, "end": 38, "username": "samuel_garcias"}]}, "author_id": "3776501057", "source": "Twitter for Android", "created_at": "2021-06-07T04:57:19.000Z", "text": "RT @CarlosAJimnez4: Si @samuel_garcias gana Nuevo Leon, entonces porque presumen de \"inteligentes\"?", "id": "1401765188295086081", "referenced_tweets": [{"type": "retweeted", "id": "1401644171979591680"}], "public_metrics": {"retweet_count": 655, "reply_count": 0, "like_count": 0, "quote_count": 0}}, "includes": {"users": [{"location": "Ecatepec de Morelos, M\u00e9xico", "protected": false, "created_at": "2015-09-26T00:39:38.000Z", "description": "Libre pensador, pero con rumbo", "id": "3776501057", "verified": false, "public_metrics": {"followers_count": 69, "following_count": 186, "tweet_count": 4661, "listed_count": 0}, "username": "vslenciv", "name": "Victor Valencia"}]}, "matching_rules": [{"id": 1401764684680683523, "tag": "Samuel Garcia"}]}