{"data": {"entities": {"annotations": [{"start": 20, "end": 25, "probability": 0.9154, "type": "Person", "normalized_text": "Samuel"}], "mentions": [{"start": 3, "end": 17, "username": "porktendencia"}, {"start": 67, "end": 75, "username": "ceenlmx"}, {"start": 77, "end": 92, "username": "samuel_garcias"}]}, "author_id": "1046138629431717895", "source": "Twitter Web App", "created_at": "2021-06-07T05:23:22.000Z", "text": "RT @porktendencia: \"Samuel\":\nPorque de acuerdo al conteo r\u00e1pido de @ceenlmx, @samuel_garcias tendr\u00eda entre el 35.4% y 37.2% de los votos, c\u2026", "id": "1401771747528134659", "referenced_tweets": [{"type": "retweeted", "id": "1401767367273713672"}], "public_metrics": {"retweet_count": 6, "reply_count": 0, "like_count": 0, "quote_count": 0}}, "includes": {"users": [{"location": "albercas adormecidas", "protected": false, "created_at": "2018-09-29T20:44:20.000Z", "description": "\u00aa", "id": "1046138629431717895", "verified": false, "public_metrics": {"followers_count": 4, "following_count": 184, "tweet_count": 669, "listed_count": 0}, "username": "KGanlindo", "name": "karloz"}]}, "matching_rules": [{"id": 1401767939779436548, "tag": "Samuel Garcia"}]}