{"data": {"entities": {"annotations": [{"start": 64, "end": 73, "probability": 0.6481, "type": "Place", "normalized_text": "Nuevo Le\u00f3n"}], "mentions": [{"start": 3, "end": 18, "username": "samuel_garcias"}], "urls": [{"start": 76, "end": 99, "url": "https://t.co/tmWbH4hqDR", "expanded_url": "https://twitter.com/samuel_garcias/status/1401721999869628419/photo/1", "display_url": "pic.twitter.com/tmWbH4hqDR"}]}, "author_id": "79060756", "source": "Twitter for Android", "created_at": "2021-06-07T05:23:23.000Z", "text": "RT @samuel_garcias: \u00a1Gracias, juntos vamos a construir un nuevo Nuevo Le\u00f3n! https://t.co/tmWbH4hqDR", "id": "1401771749570748418", "referenced_tweets": [{"type": "retweeted", "id": "1401721999869628419"}], "attachments": {"media_keys": ["3_1401721989002264576"]}, "public_metrics": {"retweet_count": 174, "reply_count": 0, "like_count": 0, "quote_count": 0}}, "includes": {"users": [{"location": "NY", "protected": false, "created_at": "2009-10-02T01:35:55.000Z", "description": "Aprendiendo a vivir en la nueva realidad pero con los mismos idiotas,...", "id": "79060756", "verified": false, "public_metrics": {"followers_count": 166, "following_count": 1429, "tweet_count": 839, "listed_count": 0}, "username": "alictedman", "name": "C Garza El Guapo"}]}, "matching_rules": [{"id": 1401767939779436548, "tag": "Samuel Garcia"}]}