{"data": {"in_reply_to_user_id": "858491226731028480", "author_id": "1224702899000946693", "source": "Twitter for Android", "created_at": "2021-06-07T04:57:19.000Z", "text": "@iLiving_Soul @ZMyBerg @AdrianDeLaGarza Vuelve a leer el tweet y hasta que lo entiendas vienes y preguntas de nuevo, porque lo que est\u00e1s preguntando no corresponde con lo que escrib\u00ed.", "id": "1401765188391608324", "entities": {"mentions": [{"start": 0, "end": 13, "username": "iLiving_Soul"}, {"start": 14, "end": 22, "username": "ZMyBerg"}, {"start": 23, "end": 39, "username": "AdrianDeLaGarza"}]}, "referenced_tweets": [{"type": "replied_to", "id": "1401763798978019331"}], "public_metrics": {"retweet_count": 0, "reply_count": 0, "like_count": 0, "quote_count": 0}}, "includes": {"users": [{"location": "Nuevo Le\u00f3n, M\u00e9xico", "protected": false, "created_at": "2020-02-04T14:35:13.000Z", "description": "Soy regio y soy terco.\nH\u00e1gase a un lado m\u00f3ndrigo!\nLee mi tweet fijado.", "id": "1224702899000946693", "verified": false, "public_metrics": {"followers_count": 9542, "following_count": 8488, "tweet_count": 37143, "listed_count": 15}, "username": "SoyDonCruz", "name": "Don Cruz Trevi\u00f1o"}]}, "matching_rules": [{"id": 1401764684680683522, "tag": "Adrian de la Garza"}]}