{"data": {"entities": {"annotations": [{"start": 5, "end": 10, "probability": 0.9835, "type": "Person", "normalized_text": "Samuel"}]}, "author_id": "1334336673421864962", "source": "Twitter Web App", "created_at": "2021-06-07T05:23:33.000Z", "text": "gano Samuel, es eso o tener al pes o a clara luz como gobernador de NL, todos son la misma mierda. se quejan mucho pero no recuerdan que el bronco no hizo nada por cambiar a NL", "id": "1401771793648603145", "context_annotations": [{"domain": {"id": "10", "name": "Person", "description": "Named people in the world like Nelson Mandela"}, "entity": {"id": "928660638741565440", "name": "Jaime Rodr\u00edguez Calder\u00f3n", "description": "Jaime Rdz El Bronco"}}, {"domain": {"id": "35", "name": "Politician", "description": "Politicians in the world, like Joe Biden"}, "entity": {"id": "928660638741565440", "name": "Jaime Rodr\u00edguez Calder\u00f3n", "description": "Jaime Rdz El Bronco"}}], "public_metrics": {"retweet_count": 0, "reply_count": 0, "like_count": 0, "quote_count": 0}}, "includes": {"users": [{"protected": false, "created_at": "2020-12-03T03:20:49.000Z", "description": "only bts, only army | fan account", "id": "1334336673421864962", "verified": false, "public_metrics": {"followers_count": 531, "following_count": 578, "tweet_count": 5206, "listed_count": 1}, "username": "byuseok", "name": "zitto"}]}, "matching_rules": [{"id": 1401767939779436549, "tag": "Clara Luz"}]}