{"data": {"entities": {"annotations": [{"start": 46, "end": 54, "probability": 0.8815, "type": "Person", "normalized_text": "Clara Luz"}], "mentions": [{"start": 3, "end": 12, "username": "lorogomo"}], "urls": [{"start": 56, "end": 79, "url": "https://t.co/GspoZabY2z", "expanded_url": "https://twitter.com/lorogomo/status/1401681058597310469/photo/1", "display_url": "pic.twitter.com/GspoZabY2z"}]}, "author_id": "3041571867", "source": "Twitter for iPhone", "created_at": "2021-06-07T05:23:41.000Z", "text": "RT @lorogomo: Todos diciendo que ya ganaron y Clara Luz https://t.co/GspoZabY2z", "id": "1401771827207180292", "referenced_tweets": [{"type": "retweeted", "id": "1401681058597310469"}], "attachments": {"media_keys": ["16_1401681046442237956"]}, "public_metrics": {"retweet_count": 150, "reply_count": 0, "like_count": 0, "quote_count": 0}}, "includes": {"users": [{"location": "Mexico", "protected": false, "created_at": "2015-02-16T23:13:57.000Z", "description": "Jesus lives in my heart. In love with God's creation, and trying to capture all its beauty in a small black box.", "id": "3041571867", "verified": false, "public_metrics": {"followers_count": 435, "following_count": 1752, "tweet_count": 5581, "listed_count": 5}, "username": "evaldesg7", "name": "Eduardo Valdes"}]}, "matching_rules": [{"id": 1401767939779436549, "tag": "Clara Luz"}]}