{"data": {"author_id": "83933573", "source": "Twitter for Android", "created_at": "2021-06-07T05:23:42.000Z", "text": "Uy siii seguramente @AdrianDeLaGarza  aceptara una derrota, ma\u00f1ana a primera hora estara en tribunales como hace 3 a\u00f1os \ud83e\udd2d\ud83e\udd2d https://t.co/HmFyIbhqRk", "id": "1401771829333798913", "entities": {"mentions": [{"start": 20, "end": 36, "username": "AdrianDeLaGarza"}], "urls": [{"start": 123, "end": 146, "url": "https://t.co/HmFyIbhqRk", "expanded_url": "https://twitter.com/Milenio/status/1401682952082411520", "display_url": "twitter.com/Milenio/status\u2026"}]}, "referenced_tweets": [{"type": "quoted", "id": "1401682952082411520"}], "public_metrics": {"retweet_count": 0, "reply_count": 0, "like_count": 0, "quote_count": 0}}, "includes": {"users": [{"location": "CDMX", "protected": false, "created_at": "2009-10-20T21:50:13.000Z", "description": "", "id": "83933573", "verified": false, "public_metrics": {"followers_count": 64, "following_count": 464, "tweet_count": 916, "listed_count": 0}, "username": "mv_edith", "name": "Heidy"}]}, "matching_rules": [{"id": 1401767939779436547, "tag": "Adrian de la Garza"}]}