{"data": {"author_id": "26503978", "source": "Tweetbot for i\u039fS", "created_at": "2021-06-07T05:23:45.000Z", "text": "RT @javazquezv: El resto del pa\u00eds ve como chiste la votaci\u00f3n de NL por @samuel_garcias. Sin visualizar el hartazgo pol\u00edtico de los mismos c\u2026", "id": "1401771841996398599", "entities": {"mentions": [{"start": 3, "end": 14, "username": "javazquezv"}, {"start": 71, "end": 86, "username": "samuel_garcias"}]}, "referenced_tweets": [{"type": "retweeted", "id": "1401768325349208070"}], "public_metrics": {"retweet_count": 3, "reply_count": 0, "like_count": 0, "quote_count": 0}}, "includes": {"users": [{"location": "Monterrey, NL, M\u00e9xico", "protected": false, "created_at": "2009-03-25T14:09:00.000Z", "description": "Capitalismo, pel\u00edculas, arte, deportes y malos chistes encontrar\u00e1s aqu\u00ed. Trabajo: @polarisinc y @facpya_red. Master en Finanzas por la @egade.", "id": "26503978", "verified": false, "public_metrics": {"followers_count": 1278, "following_count": 1020, "tweet_count": 153025, "listed_count": 93}, "username": "hardpopmx", "name": "\u00c1lvaro Maistro en Dineros"}]}, "matching_rules": [{"id": 1401767939779436548, "tag": "Samuel Garcia"}]}