{"data": {"entities": {"annotations": [{"start": 43, "end": 50, "probability": 0.8597, "type": "Place", "normalized_text": "Guerrero"}, {"start": 54, "end": 59, "probability": 0.9182, "type": "Place", "normalized_text": "Puebla"}], "mentions": [{"start": 0, "end": 13, "username": "juanvargas28"}, {"start": 14, "end": 29, "username": "samuel_garcias"}]}, "in_reply_to_user_id": "53943134", "author_id": "93274285", "geo": {"place_id": "b19e24ce42ccd6aa"}, "source": "Twitter for iPhone", "created_at": "2021-06-07T05:23:57.000Z", "text": "@juanvargas28 @samuel_garcias Pens\u00e9 que en Guerrero y Puebla estaban mal, pero aqu\u00ed estamos igual", "id": "1401771893456355328", "referenced_tweets": [{"type": "replied_to", "id": "1401770774738911240"}], "public_metrics": {"retweet_count": 0, "reply_count": 0, "like_count": 0, "quote_count": 0}}, "includes": {"users": [{"location": "Monterrey", "protected": false, "created_at": "2009-11-28T22:42:34.000Z", "description": "un simple aficionado al futbol, Rayados y nada m\u00e1s", "id": "93274285", "verified": false, "public_metrics": {"followers_count": 403, "following_count": 1445, "tweet_count": 24859, "listed_count": 3}, "username": "cesar_ga", "name": "C\u00e9sar  Garc\u00eda"}]}, "matching_rules": [{"id": 1401767939779436548, "tag": "Samuel Garcia"}]}