{"data": {"author_id": "1345206384988717057", "source": "Twitter for Android", "created_at": "2021-06-07T05:23:57.000Z", "text": "Su pueblo tiene lo que merece, ahora que paguen las consecuencias https://t.co/WqoDSPhiQ3", "id": "1401771893728874500", "referenced_tweets": [{"type": "quoted", "id": "1401767367273713672"}], "entities": {"urls": [{"start": 66, "end": 89, "url": "https://t.co/WqoDSPhiQ3", "expanded_url": "https://twitter.com/porktendencia/status/1401767367273713672", "display_url": "twitter.com/porktendencia/\u2026"}]}, "public_metrics": {"retweet_count": 0, "reply_count": 0, "like_count": 0, "quote_count": 0}}, "includes": {"users": [{"protected": false, "created_at": "2021-01-02T03:13:02.000Z", "description": "Feliz, pero tampoco tanto", "id": "1345206384988717057", "verified": false, "public_metrics": {"followers_count": 12, "following_count": 36, "tweet_count": 590, "listed_count": 0}, "username": "EmilioBlanhir", "name": "Emilio Blanhir Guti\u00e9rrez"}]}, "matching_rules": [{"id": 1401767939779436548, "tag": "Samuel Garcia"}]}