{"data": {"entities": {"annotations": [{"start": 119, "end": 123, "probability": 0.9794, "type": "Person", "normalized_text": "L\u00f3pez"}], "mentions": [{"start": 0, "end": 16, "username": "Ernesto44121648"}, {"start": 17, "end": 32, "username": "Marcela_Feraud"}, {"start": 33, "end": 49, "username": "AdrianDeLaGarza"}]}, "in_reply_to_user_id": "1088633902728663042", "author_id": "265307869", "source": "Twitter for iPhone", "created_at": "2021-06-07T05:24:00.000Z", "text": "@Ernesto44121648 @Marcela_Feraud @AdrianDeLaGarza M\u00e1s triste es tener a un senil decr\u00e9pito de presidente, me refiero a L\u00f3pez.", "id": "1401771906315943939", "referenced_tweets": [{"type": "replied_to", "id": "1401770470702305284"}], "public_metrics": {"retweet_count": 0, "reply_count": 0, "like_count": 0, "quote_count": 0}}, "includes": {"users": [{"location": "Amarillo, TX", "protected": false, "created_at": "2011-03-13T10:12:47.000Z", "description": "It's on you, always has been, always will be.", "id": "265307869", "verified": false, "public_metrics": {"followers_count": 130, "following_count": 461, "tweet_count": 3725, "listed_count": 4}, "username": "orsanrodo", "name": "Rodolfo S\u00e1nchez"}]}, "matching_rules": [{"id": 1401767939779436547, "tag": "Adrian de la Garza"}]}