{"data": {"in_reply_to_user_id": "1317639941988454402", "author_id": "148174378", "source": "Twitter for Android", "created_at": "2021-06-07T05:24:01.000Z", "text": "@amarelho4life @QuesaVerdadess @samuel_garcias Jajajajajaja sin llorar!", "id": "1401771910497812480", "entities": {"mentions": [{"start": 0, "end": 14, "username": "amarelho4life"}, {"start": 15, "end": 30, "username": "QuesaVerdadess"}, {"start": 31, "end": 46, "username": "samuel_garcias"}]}, "referenced_tweets": [{"type": "replied_to", "id": "1401719813643423747"}], "public_metrics": {"retweet_count": 0, "reply_count": 0, "like_count": 0, "quote_count": 0}}, "includes": {"users": [{"location": "Distrito Federal", "protected": false, "created_at": "2010-05-26T01:31:10.000Z", "description": "hasta que salga el sol tratamiento intensivo", "id": "148174378", "verified": false, "public_metrics": {"followers_count": 155, "following_count": 838, "tweet_count": 1888, "listed_count": 0}, "username": "ilSatuuu", "name": "esenueve"}]}, "matching_rules": [{"id": 1401767939779436548, "tag": "Samuel Garcia"}]}