{"data": {"entities": {"annotations": [{"start": 45, "end": 60, "probability": 0.9495, "type": "Person", "normalized_text": "Dolores Padierna"}, {"start": 62, "end": 77, "probability": 0.7988, "type": "Person", "normalized_text": "V\u00edctor Hugo Romo"}, {"start": 79, "end": 109, "probability": 0.3969, "type": "Person", "normalized_text": "Nacho Peregr\u00edn Antonio Attolini"}, {"start": 112, "end": 124, "probability": 0.4772, "type": "Person", "normalized_text": "Juncal Solano"}, {"start": 127, "end": 138, "probability": 0.4493, "type": "Person", "normalized_text": "Lupita Jones"}, {"start": 140, "end": 152, "probability": 0.6116, "type": "Person", "normalized_text": "Alfredo Adame"}, {"start": 154, "end": 183, "probability": 0.2637, "type": "Person", "normalized_text": "Clara Luz Flores Enrique Garay"}]}, "author_id": "189397521", "source": "Twitter for iPhone", "created_at": "2021-06-07T05:24:04.000Z", "text": "Como no vamos a estar felices si perdieron:\n\nDolores Padierna\nV\u00edctor Hugo Romo\nNacho Peregr\u00edn\nAntonio Attolini \nJuncal Solano \nLupita Jones\nAlfredo Adame\nClara Luz Flores\nEnrique Garay\n\nOjal\u00e1 los pol\u00edticos tomen en serio su trabajo y tengamos mejores candidatos.", "id": "1401771921491046407", "context_annotations": [{"domain": {"id": "10", "name": "Person", "description": "Named people in the world like Nelson Mandela"}, "entity": {"id": "1303450912015310850", "name": "Enrique Garay"}}, {"domain": {"id": "94", "name": "Journalist", "description": "A journalist like 'Anderson Cooper'"}, "entity": {"id": "1303450912015310850", "name": "Enrique Garay"}}], "public_metrics": {"retweet_count": 0, "reply_count": 0, "like_count": 0, "quote_count": 0}}, "includes": {"users": [{"location": "M\u00e9xico ", "protected": false, "created_at": "2010-09-11T04:09:12.000Z", "description": "Tengo deseos y necesidades que el ronronear no puede satisfacer. Aqu\u00ed se cr\u00edtica todo y se habla de pol\u00edtica.", "id": "189397521", "verified": false, "public_metrics": {"followers_count": 3639, "following_count": 265, "tweet_count": 9379, "listed_count": 18}, "username": "ElGatoSalemCat", "name": "Salem \ud83d\udc08\u200d\u2b1b"}]}, "matching_rules": [{"id": 1401767939779436549, "tag": "Clara Luz"}]}