{"data": {"in_reply_to_user_id": "258973851", "author_id": "855964671521816579", "source": "Twitter Web App", "created_at": "2021-06-07T05:24:04.000Z", "text": "@samuel_garcias Ni experiencia de alcalde tienes...a ver como nos va", "id": "1401771923961417731", "entities": {"mentions": [{"start": 0, "end": 15, "username": "samuel_garcias"}]}, "referenced_tweets": [{"type": "replied_to", "id": "1401748701450625030"}], "public_metrics": {"retweet_count": 0, "reply_count": 0, "like_count": 0, "quote_count": 0}}, "includes": {"users": [{"protected": false, "created_at": "2017-04-23T02:00:55.000Z", "description": "", "id": "855964671521816579", "verified": false, "public_metrics": {"followers_count": 80, "following_count": 155, "tweet_count": 4200, "listed_count": 1}, "username": "oscarmh01", "name": "OscarMH"}]}, "matching_rules": [{"id": 1401767939779436548, "tag": "Samuel Garcia"}]}