{"data": {"in_reply_to_user_id": "986841875452694529", "author_id": "1375283589127016449", "source": "Twitter for iPhone", "created_at": "2021-06-07T05:24:16.000Z", "text": "@QuesaVerdadess @NachoRgz @samuel_garcias Tendr\u00e1n el gobierno que se merecen...de payasos", "id": "1401771973630365697", "entities": {"mentions": [{"start": 0, "end": 15, "username": "QuesaVerdadess"}, {"start": 16, "end": 25, "username": "NachoRgz"}, {"start": 26, "end": 41, "username": "samuel_garcias"}]}, "referenced_tweets": [{"type": "replied_to", "id": "1401714615369752579"}], "public_metrics": {"retweet_count": 0, "reply_count": 0, "like_count": 0, "quote_count": 0}}, "includes": {"users": [{"location": "Pachuca de Soto, Hidalgo", "protected": false, "created_at": "2021-03-26T03:09:11.000Z", "description": "Ge\u00f3logo Puma, con ganas de salir a campo", "id": "1375283589127016449", "verified": false, "public_metrics": {"followers_count": 8, "following_count": 84, "tweet_count": 1430, "listed_count": 0}, "username": "Zar00545762", "name": "ZaragozaMA"}]}, "matching_rules": [{"id": 1401767939779436548, "tag": "Samuel Garcia"}]}