{"data": {"entities": {"annotations": [{"start": 63, "end": 66, "probability": 0.887, "type": "Place", "normalized_text": "CDMX"}], "mentions": [{"start": 0, "end": 10, "username": "Mailsalas"}, {"start": 11, "end": 22, "username": "bocam27031"}, {"start": 23, "end": 35, "username": "HadjySaurux"}, {"start": 36, "end": 51, "username": "samuel_garcias"}], "hashtags": [{"start": 108, "end": 113, "tag": "CDMX"}]}, "in_reply_to_user_id": "1200275870365241344", "author_id": "175087884", "source": "Twitter for Android", "created_at": "2021-06-07T05:24:18.000Z", "text": "@Mailsalas @bocam27031 @HadjySaurux @samuel_garcias No todo es CDMX. Y cada estado tiene su presupuesto. Si #CDMX no lo usa para arreglar su metro el resto de los estados no tiene porque arregl\u00e1rselos.\n\n\u00bfSi sabes como funciona el presupuesto federal?", "id": "1401771980978720772", "referenced_tweets": [{"type": "replied_to", "id": "1401771465368817664"}], "context_annotations": [{"domain": {"id": "119", "name": "Holiday", "description": "Holidays like Christmas or Halloween"}, "entity": {"id": "1286645331686350848", "name": "Dia de la Independencia (Grito de Dolores) ", "description": "This entity includes conversations about Dia de la Independencia (Grito de Dolores) for all years."}}], "public_metrics": {"retweet_count": 0, "reply_count": 0, "like_count": 0, "quote_count": 0}}, "includes": {"users": [{"protected": false, "created_at": "2010-08-05T16:15:34.000Z", "description": "Cambio de h\u00e1bitos \u2022 Meditaci\u00f3n \u2022 Reiki \u2022 Talleres y coaching \u2022 Enfermedades Autoinmunes \u2022 Oficinistas estresados \u2022\u2600\ufe0f\u264d -\ud83c\udf19\u2653 \nActuaria con Maestria, Retirada \ud83e\udd13\ud83d\udcc8", "id": "175087884", "verified": false, "public_metrics": {"followers_count": 1153, "following_count": 1643, "tweet_count": 76478, "listed_count": 28}, "username": "AtzPalomares", "name": "Atz Palomares"}]}, "matching_rules": [{"id": 1401767939779436548, "tag": "Samuel Garcia"}]}