{"data": {"in_reply_to_user_id": "40552211", "author_id": "242617678", "source": "Twitter for iPhone", "created_at": "2021-06-07T05:24:21.000Z", "text": "@javazquezv @juanvargas28 @samuel_garcias No peleen amigos :(", "id": "1401771992685199363", "entities": {"mentions": [{"start": 0, "end": 11, "username": "javazquezv"}, {"start": 12, "end": 25, "username": "juanvargas28"}, {"start": 26, "end": 41, "username": "samuel_garcias"}]}, "referenced_tweets": [{"type": "replied_to", "id": "1401770944725590024"}], "public_metrics": {"retweet_count": 0, "reply_count": 0, "like_count": 0, "quote_count": 0}}, "includes": {"users": [{"location": "Mexico y as\u00ed", "protected": false, "created_at": "2011-01-25T05:37:15.000Z", "description": "Una vez vi un oxxo con las dos cajas abiertas. Era un oxxo fifi, con su propia energ\u00eda el\u00e9ctrica.", "id": "242617678", "verified": false, "public_metrics": {"followers_count": 582, "following_count": 896, "tweet_count": 39105, "listed_count": 4}, "username": "el_memomtz", "name": "Memo Migra\u00f1a"}]}, "matching_rules": [{"id": 1401767939779436548, "tag": "Samuel Garcia"}]}