{"data": {"author_id": "43893656", "source": "Twitter for Android", "created_at": "2021-06-07T05:24:21.000Z", "text": "RT @ClaudioOchoaH: El conteo r\u00e1pido, es decir oficial, le da a @samuel_garcias el primer lugar y una ventaja de 10 puntos sobre @AdrianDeLa\u2026", "id": "1401771993024942080", "entities": {"mentions": [{"start": 3, "end": 17, "username": "ClaudioOchoaH"}, {"start": 63, "end": 78, "username": "samuel_garcias"}]}, "referenced_tweets": [{"type": "retweeted", "id": "1401768944281784320"}], "public_metrics": {"retweet_count": 19, "reply_count": 0, "like_count": 0, "quote_count": 0}}, "includes": {"users": [{"location": "M\u00e9xico", "protected": false, "created_at": "2009-06-01T14:33:17.000Z", "description": "", "id": "43893656", "verified": false, "public_metrics": {"followers_count": 1634, "following_count": 4338, "tweet_count": 209403, "listed_count": 22}, "username": "maxdt", "name": "Max"}]}, "matching_rules": [{"id": 1401767939779436547, "tag": "Adrian de la Garza"}, {"id": 1401767939779436548, "tag": "Samuel Garcia"}]}