{"data": {"entities": {"annotations": [{"start": 45, "end": 48, "probability": 0.9521, "type": "Organization", "normalized_text": "PREP"}], "mentions": [{"start": 3, "end": 18, "username": "samuel_garcias"}]}, "author_id": "1149037980", "source": "Twitter for Android", "created_at": "2021-06-07T05:24:23.000Z", "text": "RT @samuel_garcias: Estamos muy contentos,el PREP confirma la tendencia favorable de 10% de ventaja sobre el candidato m\u00e1s cercano.Todos qu\u2026", "id": "1401772002063622148", "referenced_tweets": [{"type": "retweeted", "id": "1401748701450625030"}], "public_metrics": {"retweet_count": 175, "reply_count": 0, "like_count": 0, "quote_count": 0}}, "includes": {"users": [{"location": "Ciudad de M\u00e9xico", "protected": false, "created_at": "2013-02-04T20:54:27.000Z", "description": "Una ciudadana inmersa en la democracia de nuestro pa\u00eds #PorAmoraM\u00e9xico \u2764\ud83c\uddf2\ud83c\uddfd\nPresidenta de la Comisi\u00f3n Nacional de Justicia Intrapartidaria de MC \ud83e\udd85\ud83c\udf4a\ud83c\udfdb\u2696", "id": "1149037980", "verified": false, "public_metrics": {"followers_count": 704, "following_count": 854, "tweet_count": 16888, "listed_count": 3}, "username": "Ericka_CPC", "name": "Ericka P\u00e9rezCampos"}]}, "matching_rules": [{"id": 1401767939779436548, "tag": "Samuel Garcia"}]}