{"data": {"author_id": "1113068603677597696", "source": "Twitter for Android", "created_at": "2021-06-07T05:24:33.000Z", "text": "Existe la posibilidad que se anule la eleccion @samuel_garcias por las denuncias que ya conocemos...pero si es asi...mi voto nuevamente sera para ti #JuntosPorUn nuevo #NuevoLeon https://t.co/mSmaRUKOvs", "id": "1401772043641626627", "entities": {"mentions": [{"start": 47, "end": 62, "username": "samuel_garcias"}], "urls": [{"start": 179, "end": 202, "url": "https://t.co/mSmaRUKOvs", "expanded_url": "https://twitter.com/samuel_garcias/status/1401748701450625030", "display_url": "twitter.com/samuel_garcias\u2026"}], "hashtags": [{"start": 149, "end": 161, "tag": "JuntosPorUn"}, {"start": 168, "end": 178, "tag": "NuevoLeon"}]}, "referenced_tweets": [{"type": "quoted", "id": "1401748701450625030"}], "public_metrics": {"retweet_count": 0, "reply_count": 0, "like_count": 0, "quote_count": 0}}, "includes": {"users": [{"location": "Monterrey, Nuevo Le\u00f3n", "protected": false, "created_at": "2019-04-02T13:20:09.000Z", "description": "\ud83e\udd85Americanista desde la cuna y cul\u00e9 por convicci\u00f3n\ud83e\udd85Escucho el Trance para vivir; te contar\u00eda mis sue\u00f1os pero primero dejame filmarlos...\n#AmoElFutbol #Messi", "id": "1113068603677597696", "verified": false, "public_metrics": {"followers_count": 134, "following_count": 3079, "tweet_count": 3957, "listed_count": 0}, "username": "brianflores2019", "name": "\ud83e\udd85Brian Flores\ud83e\udd85"}]}, "matching_rules": [{"id": 1401767939779436548, "tag": "Samuel Garcia"}]}