{"data": {"author_id": "4707202590", "source": "Twitter for iPhone", "created_at": "2021-06-07T05:24:34.000Z", "text": "No me sorprende que le digan clima al aire acondicionado o abanicos a los ventiladores. https://t.co/Hhgw7XkIbh", "id": "1401772049366933504", "referenced_tweets": [{"type": "quoted", "id": "1401760102655283202"}], "entities": {"urls": [{"start": 88, "end": 111, "url": "https://t.co/Hhgw7XkIbh", "expanded_url": "https://twitter.com/revistaetcetera/status/1401760102655283202", "display_url": "twitter.com/revistaetceter\u2026"}]}, "public_metrics": {"retweet_count": 0, "reply_count": 0, "like_count": 0, "quote_count": 0}}, "includes": {"users": [{"location": "M\u00e9xico", "protected": false, "created_at": "2016-01-04T06:07:14.000Z", "description": "\u270c\ud83c\udffc\ufe0f\ud83c\uddf2\ud83c\uddfd\u26bd\ufe0f\uf8ff", "id": "4707202590", "verified": false, "public_metrics": {"followers_count": 277, "following_count": 631, "tweet_count": 3847, "listed_count": 1}, "username": "RodBoj", "name": "Erick Bojorges"}]}, "matching_rules": [{"id": 1401767939779436548, "tag": "Samuel Garcia"}]}