{"data": {"in_reply_to_user_id": "258973851", "author_id": "1954378124", "source": "Twitter for iPhone", "created_at": "2021-06-07T05:24:35.000Z", "text": "@samuel_garcias Kbron votamos x ti no por ser la mejor opci\u00f3n, sino por ser el menos jodido... cumple tus promesas, s\u00e1canos del pacto fiscal se contra peso del KKS. Haz bien las cosas que te estaremos vigilando y seguro vendr\u00e1n cosas chingonas para ti.", "id": "1401772053729062912", "entities": {"mentions": [{"start": 0, "end": 15, "username": "samuel_garcias"}]}, "referenced_tweets": [{"type": "replied_to", "id": "1401748701450625030"}], "public_metrics": {"retweet_count": 0, "reply_count": 0, "like_count": 0, "quote_count": 0}}, "includes": {"users": [{"location": "Monterrey, Nuevo Le\u00f3n", "protected": false, "created_at": "2013-10-11T15:02:21.000Z", "description": "", "id": "1954378124", "verified": false, "public_metrics": {"followers_count": 26, "following_count": 50, "tweet_count": 3707, "listed_count": 0}, "username": "DanielGerardoRa", "name": "Daniel Ram\u00edrez A"}]}, "matching_rules": [{"id": 1401767939779436548, "tag": "Samuel Garcia"}]}