{"data": {"in_reply_to_user_id": "986841875452694529", "author_id": "122458801", "source": "Twitter Web App", "created_at": "2021-06-07T05:24:36.000Z", "text": "@QuesaVerdadess @NachoRgz @samuel_garcias Y luego que los regios son bastante insoportables...", "id": "1401772057747243016", "entities": {"mentions": [{"start": 0, "end": 15, "username": "QuesaVerdadess"}, {"start": 16, "end": 25, "username": "NachoRgz"}, {"start": 26, "end": 41, "username": "samuel_garcias"}]}, "referenced_tweets": [{"type": "replied_to", "id": "1401714615369752579"}], "public_metrics": {"retweet_count": 0, "reply_count": 0, "like_count": 0, "quote_count": 0}}, "includes": {"users": [{"location": "M\u00e9xico", "protected": false, "created_at": "2010-03-12T19:49:52.000Z", "description": "Proudly \ud83c\uddf2\ud83c\uddfd, CSE, writer, musician, human behavior analyst, lone wolf, wrestling and soccer (@ClubAmerica) fan.", "id": "122458801", "verified": false, "public_metrics": {"followers_count": 628, "following_count": 3107, "tweet_count": 38100, "listed_count": 8}, "username": "El_Rockero_", "name": "Adri\u00e1n Vargas \"El Rockero\" \ud83d\udd30@\ud83c\udfe0"}]}, "matching_rules": [{"id": 1401767939779436548, "tag": "Samuel Garcia"}]}