{"data": {"author_id": "2710566277", "source": "Twitter for iPad", "created_at": "2021-06-07T05:24:37.000Z", "text": "RT @azucenau: #Meta21 | Los resultados preliminares hasta el momento posicionan a @Samuel_garcias a la cabeza en la #Elecci\u00f3n2021 a la gube\u2026", "id": "1401772060104224769", "entities": {"mentions": [{"start": 3, "end": 12, "username": "azucenau"}, {"start": 82, "end": 97, "username": "samuel_garcias"}], "hashtags": [{"start": 14, "end": 21, "tag": "Meta21"}, {"start": 116, "end": 129, "tag": "Elecci\u00f3n2021"}]}, "referenced_tweets": [{"type": "retweeted", "id": "1401765750147325954"}], "public_metrics": {"retweet_count": 17, "reply_count": 0, "like_count": 0, "quote_count": 0}}, "includes": {"users": [{"protected": false, "created_at": "2014-08-05T23:14:00.000Z", "description": "NO APOYO A NING\u00daN PARTIDO POL\u00cdTICO, PERO SI CR\u00cdTICO A LA MALA INFORMACI\u00d3N Y A QUIENES SE OSTENTAN DE SER PALOMILLAS BLANCAS", "id": "2710566277", "verified": false, "public_metrics": {"followers_count": 52, "following_count": 70, "tweet_count": 27506, "listed_count": 1}, "username": "cantero1111can1", "name": "Manuel Cantero"}]}, "matching_rules": [{"id": 1401767939779436547, "tag": "Adrian de la Garza"}, {"id": 1401767939779436548, "tag": "Samuel Garcia"}, {"id": 1401767939779436549, "tag": "Clara Luz"}]}