{"data": {"in_reply_to_user_id": "224678647", "author_id": "1389065956366880773", "source": "Twitter for Android", "created_at": "2021-06-07T05:24:51.000Z", "text": "@claraluzflores JAJAJAJA JAJAJAJA JAJAJAJA AGARRA AL PENDEJO LADRON DE TU MARIDO Y VALLASE AGARRADITOS A CHINGAR A SU MADRE", "id": "1401772118790995969", "entities": {"mentions": [{"start": 0, "end": 15, "username": "claraluzflores"}]}, "referenced_tweets": [{"type": "replied_to", "id": "1401692802854047745"}], "public_metrics": {"retweet_count": 0, "reply_count": 0, "like_count": 0, "quote_count": 0}}, "includes": {"users": [{"protected": false, "created_at": "2021-05-03T03:55:22.000Z", "description": "ching\u00f3n", "id": "1389065956366880773", "verified": false, "public_metrics": {"followers_count": 3, "following_count": 35, "tweet_count": 400, "listed_count": 0}, "username": "JorgeVe65843054", "name": "Jorge Vergara"}]}, "matching_rules": [{"id": 1401767939779436549, "tag": "Clara Luz"}]}