{"data": {"entities": {"annotations": [{"start": 21, "end": 33, "probability": 0.9969, "type": "Person", "normalized_text": "Samuel Garcia"}, {"start": 58, "end": 67, "probability": 0.3195, "type": "Person", "normalized_text": "Nuevo Leon"}, {"start": 92, "end": 101, "probability": 0.2994, "type": "Person", "normalized_text": "Nuevo Leon"}], "mentions": [{"start": 3, "end": 18, "username": "eduardoavelarc"}], "urls": [{"start": 104, "end": 127, "url": "https://t.co/SdpbLvbLJc", "expanded_url": "https://twitter.com/eduardoavelarc/status/1401698749265723392/photo/1", "display_url": "pic.twitter.com/SdpbLvbLJc"}]}, "author_id": "204167991", "source": "Twitter for Android", "created_at": "2021-06-07T05:24:52.000Z", "text": "RT @eduardoavelarc: *Samuel Garcia gana la gobernatura de Nuevo Leon*\n\n-Los que no somos de Nuevo Leon: https://t.co/SdpbLvbLJc", "id": "1401772123249467393", "referenced_tweets": [{"type": "retweeted", "id": "1401698749265723392"}], "attachments": {"media_keys": ["3_1401698745775968259"]}, "public_metrics": {"retweet_count": 648, "reply_count": 0, "like_count": 0, "quote_count": 0}}, "includes": {"users": [{"location": "Saturno\ud83e\ude90", "protected": false, "created_at": "2010-10-18T02:29:35.000Z", "description": "Semiadulta en constante crisis existencial, \u00f1o\u00f1a, adicta a las sitcoms, amante del melodrama, dinosaurios y la tr\u00e1gicomedia.\n\u2022Psic\u00f3loga y maestra pok\u00e9mon\ud83d\udc9c\ud83d\udc9a\ud83d\udc96", "id": "204167991", "verified": false, "public_metrics": {"followers_count": 10828, "following_count": 9998, "tweet_count": 23977, "listed_count": 15}, "username": "ElenaPiedra", "name": "Elen\u00edsima Go \ud83d\ude80\ud83c\udff3\ufe0f\u200d\ud83c\udf08\ud83e\udd95"}]}, "matching_rules": [{"id": 1401767939779436548, "tag": "Samuel Garcia"}]}