{"data": {"entities": {"annotations": [{"start": 89, "end": 98, "probability": 0.4707, "type": "Place", "normalized_text": "Nuevo Le\u00f3n"}], "mentions": [{"start": 3, "end": 18, "username": "QuesaVerdadess"}, {"start": 55, "end": 70, "username": "samuel_garcias"}]}, "author_id": "142326618", "source": "Twitter Web App", "created_at": "2021-06-07T05:25:05.000Z", "text": "RT @QuesaVerdadess: Enserio que si \"gan\u00f3\" el inepto de @samuel_garcias la gubernatura de Nuevo Le\u00f3n deber\u00edamos de sacar a ese estado de la\u2026", "id": "1401772178543087617", "referenced_tweets": [{"type": "retweeted", "id": "1401714615369752579"}], "public_metrics": {"retweet_count": 263, "reply_count": 0, "like_count": 0, "quote_count": 0}}, "includes": {"users": [{"location": "M\u00e9xico", "protected": false, "created_at": "2010-05-10T15:46:46.000Z", "description": "Doctor en ciencias biol\u00f3gicas egresado de la UNAM.", "id": "142326618", "verified": false, "public_metrics": {"followers_count": 146, "following_count": 198, "tweet_count": 1905, "listed_count": 0}, "username": "Zafari666", "name": "LASE"}]}, "matching_rules": [{"id": 1401767939779436548, "tag": "Samuel Garcia"}]}