{"data": {"entities": {"annotations": [{"start": 105, "end": 115, "probability": 0.9498, "type": "Person", "normalized_text": "Vicente Fox"}], "mentions": [{"start": 0, "end": 9, "username": "askani_x"}, {"start": 10, "end": 20, "username": "GlodeJo07"}, {"start": 21, "end": 36, "username": "samuel_garcias"}]}, "in_reply_to_user_id": "166663289", "author_id": "1348115272826294272", "source": "Twitter for Android", "created_at": "2021-06-07T05:25:08.000Z", "text": "@askani_x @GlodeJo07 @samuel_garcias El mismo error que cometirmos en el 2006 de votar por el imb\u00e9cil de Vicente Fox, as\u00ed mismo lo han  cometido en NL este 6 junio.\nNo saben los problemas y la inseguridad que vivir\u00e1n estos 6 a\u00f1os.", "id": "1401772192031969282", "referenced_tweets": [{"type": "replied_to", "id": "1401771463519047684"}], "public_metrics": {"retweet_count": 0, "reply_count": 0, "like_count": 0, "quote_count": 0}}, "includes": {"users": [{"location": "Ciudad de M\u00e9xico", "protected": false, "created_at": "2021-01-10T03:52:03.000Z", "description": "\ud835\uddf0\ud835\uddfc\ud835\uddff\ud835\uddff\ud835\uddf2\ud835\uddf4\ud835\uddf6\ud835\uddff \ud835\uddf2 \ud835\uddf6\ud835\uddfb\ud835\uddf3\ud835\uddfc\ud835\uddff\ud835\uddfa\ud835\uddee\ud835\uddff \ud835\uddee\ud835\uddf9\ud835\uddee \ud835\ude00\ud835\uddf2\ud835\uddff\ud835\ude03\ud835\uddf6\ud835\uddf1\ud835\ude02\ud835\uddfa\ud835\uddef\ud835\uddff\ud835\uddf2 \ud835\uddfd\ud835\uddee\ud835\uddf4\ud835\uddee\ud835\uddf1\ud835\uddee \ud835\uddfd\ud835\uddfc\ud835\uddff \ud835\uddf9\ud835\uddfc\ud835\ude00 \ud835\uddee\ud835\uddfa\ud835\uddee\ud835\uddfb\ud835\ude01\ud835\uddf2\ud835\ude00 \ud835\uddf1\ud835\uddf2\ud835\uddf9 \ud835\uddfb\ud835\uddf2\ud835\uddfc\ud835\uddf9\ud835\uddf6\ud835\uddef\ud835\uddf2\ud835\uddff\ud835\uddee\ud835\uddf9\ud835\uddf6\ud835\ude00\ud835\uddfa\ud835\uddfc.", "id": "1348115272826294272", "verified": false, "public_metrics": {"followers_count": 30, "following_count": 101, "tweet_count": 1389, "listed_count": 0}, "username": "tumbachachas", "name": "\ud835\udd4b\ud835\udd66\ud835\udd5e\ud835\udd53\ud835\udd52\ud835\udd54\ud835\udd59\ud835\udd52\ud835\udd54\ud835\udd59\ud835\udd52\ud835\udd64\u00ae\ufe0f"}]}, "matching_rules": [{"id": 1401767939779436548, "tag": "Samuel Garcia"}]}