{"data": {"entities": {"annotations": [{"start": 45, "end": 48, "probability": 0.9521, "type": "Organization", "normalized_text": "PREP"}], "mentions": [{"start": 3, "end": 18, "username": "samuel_garcias"}]}, "author_id": "164051199", "source": "Twitter for iPhone", "created_at": "2021-06-07T05:25:11.000Z", "text": "RT @samuel_garcias: Estamos muy contentos,el PREP confirma la tendencia favorable de 10% de ventaja sobre el candidato m\u00e1s cercano.Todos qu\u2026", "id": "1401772201058127873", "referenced_tweets": [{"type": "retweeted", "id": "1401748701450625030"}], "public_metrics": {"retweet_count": 177, "reply_count": 0, "like_count": 0, "quote_count": 0}}, "includes": {"users": [{"location": "M\u00e9xico", "protected": false, "created_at": "2010-07-07T22:55:21.000Z", "description": "Periodista / Maestr\u00eda: Periodismo Econ\u00f3mico e Imagen P\u00fablica / @TheTimes @DW @ActualidadRT @AristeguiOnline @elEconomistaes @LPO (opiniones personales)", "id": "164051199", "verified": false, "public_metrics": {"followers_count": 1042, "following_count": 2497, "tweet_count": 22094, "listed_count": 19}, "username": "david_ordaz", "name": "David Ordaz"}]}, "matching_rules": [{"id": 1401767939779436548, "tag": "Samuel Garcia"}]}