{"data": {"author_id": "1133437847749517313", "source": "Twitter for iPhone", "created_at": "2021-06-07T05:25:11.000Z", "text": "RT @Marcela_Feraud: \ud83d\udd34 @AdrianDeLaGarza est\u00e1 perdiendo #NuevoLeon \n\nEs una pena que los regios no aprendieron nada de las elecciones del 201\u2026", "id": "1401772202547200000", "entities": {"mentions": [{"start": 3, "end": 18, "username": "Marcela_Feraud"}, {"start": 22, "end": 38, "username": "AdrianDeLaGarza"}], "hashtags": [{"start": 54, "end": 64, "tag": "NuevoLeon"}]}, "referenced_tweets": [{"type": "retweeted", "id": "1401749594745171970"}], "context_annotations": [{"domain": {"id": "10", "name": "Person", "description": "Named people in the world like Nelson Mandela"}, "entity": {"id": "811664462386077697", "name": "Enrique Pe\u00f1a Nieto", "description": "President of Mexico, Enrique Pe\u00f1a Nieto"}}, {"domain": {"id": "35", "name": "Politician", "description": "Politicians in the world, like Joe Biden"}, "entity": {"id": "811664462386077697", "name": "Enrique Pe\u00f1a Nieto", "description": "President of Mexico, Enrique Pe\u00f1a Nieto"}}], "public_metrics": {"retweet_count": 46, "reply_count": 0, "like_count": 0, "quote_count": 0}}, "includes": {"users": [{"protected": false, "created_at": "2019-05-28T18:20:15.000Z", "description": "No le creo NADA al presidente ni a sus gatos... #VxM... RT\u2019s =\\= endoso", "id": "1133437847749517313", "verified": false, "public_metrics": {"followers_count": 1787, "following_count": 3641, "tweet_count": 42762, "listed_count": 0}, "username": "rickythebeat4", "name": "Ing. Ricky Garc\u00eda"}]}, "matching_rules": [{"id": 1401767939779436547, "tag": "Adrian de la Garza"}]}