{"data": {"entities": {"annotations": [{"start": 46, "end": 55, "probability": 0.8415, "type": "Place", "normalized_text": "Nuevo Leon"}, {"start": 79, "end": 91, "probability": 0.9869, "type": "Person", "normalized_text": "Samuel Garcia"}, {"start": 97, "end": 114, "probability": 0.733, "type": "Person", "normalized_text": "Adrian de la Garza"}], "mentions": [{"start": 3, "end": 13, "username": "yooddaa29"}]}, "author_id": "813981175660290049", "source": "Twitter for Android", "created_at": "2021-06-07T05:25:34.000Z", "text": "RT @yooddaa29: Tristemente les anuncio que en Nuevo Leon no todo estara bien.\n\nSamuel Garcia 36%\nAdrian de la Garza 28%.\n\nFelicidades para\u2026", "id": "1401772297367732227", "referenced_tweets": [{"type": "retweeted", "id": "1401678536604196866"}], "public_metrics": {"retweet_count": 177, "reply_count": 0, "like_count": 0, "quote_count": 0}}, "includes": {"users": [{"location": "Monterrey, Nuevo Le\u00f3n", "protected": false, "created_at": "2016-12-28T05:33:30.000Z", "description": "Disfruta el momento.tigres/ packers/bulls. \u2664\u2661 el peor apostador de la historia \u25c7\u2667", "id": "813981175660290049", "verified": false, "public_metrics": {"followers_count": 151, "following_count": 651, "tweet_count": 2479, "listed_count": 1}, "username": "diablito2O2O", "name": "Carnes"}]}, "matching_rules": [{"id": 1401767939779436547, "tag": "Adrian de la Garza"}, {"id": 1401767939779436548, "tag": "Samuel Garcia"}]}