{"data": {"in_reply_to_user_id": "1307875485561520129", "author_id": "755740609", "source": "Twitter for Android", "created_at": "2021-06-07T05:25:38.000Z", "text": "@Seraphlex @samuel_garcias @AdrianDeLaGarza @Cristina_Diaz_S @AccionNacional Pues que pendejos ,ganaron lis estupidos", "id": "1401772315982053376", "entities": {"mentions": [{"start": 0, "end": 10, "username": "Seraphlex"}, {"start": 11, "end": 26, "username": "samuel_garcias"}, {"start": 27, "end": 43, "username": "AdrianDeLaGarza"}, {"start": 44, "end": 60, "username": "Cristina_Diaz_S"}, {"start": 61, "end": 76, "username": "AccionNacional"}]}, "referenced_tweets": [{"type": "replied_to", "id": "1401763244868464645"}], "public_metrics": {"retweet_count": 0, "reply_count": 0, "like_count": 0, "quote_count": 0}}, "includes": {"users": [{"protected": false, "created_at": "2012-08-13T19:58:00.000Z", "description": "", "id": "755740609", "verified": false, "public_metrics": {"followers_count": 99, "following_count": 684, "tweet_count": 155, "listed_count": 0}, "username": "alfi52285954", "name": "Alfonso"}]}, "matching_rules": [{"id": 1401767939779436547, "tag": "Adrian de la Garza"}, {"id": 1401767939779436548, "tag": "Samuel Garcia"}]}