{"data": {"entities": {"annotations": [{"start": 64, "end": 73, "probability": 0.755, "type": "Place", "normalized_text": "Nueva York"}], "mentions": [{"start": 0, "end": 16, "username": "AMLOlujoDePend2"}, {"start": 17, "end": 29, "username": "torres14099"}, {"start": 30, "end": 45, "username": "samuel_garcias"}]}, "in_reply_to_user_id": "1352336348800294916", "author_id": "1385583364887826436", "source": "Twitter for iPhone", "created_at": "2021-06-07T05:25:51.000Z", "text": "@AMLOlujoDePend2 @torres14099 @samuel_garcias De donde eres? De Nueva York?", "id": "1401772370474389505", "referenced_tweets": [{"type": "replied_to", "id": "1401769991997988869"}], "public_metrics": {"retweet_count": 0, "reply_count": 0, "like_count": 0, "quote_count": 0}}, "includes": {"users": [{"location": "Hell ", "protected": false, "created_at": "2021-04-23T13:16:46.000Z", "description": "Soy el diablito de una cuenta ya existente, adivina quien soy?? #LigaDeGuerreros #40ParaElDespeje", "id": "1385583364887826436", "verified": false, "public_metrics": {"followers_count": 89, "following_count": 84, "tweet_count": 2210, "listed_count": 0}, "username": "DiablitoPoltic1", "name": "Diablito Pol\u00edtico"}]}, "matching_rules": [{"id": 1401767939779436548, "tag": "Samuel Garcia"}]}