{"data": {"entities": {"annotations": [{"start": 71, "end": 83, "probability": 0.9854, "type": "Person", "normalized_text": "SAMUEL GARCIA"}], "mentions": [{"start": 3, "end": 18, "username": "Sekiresucitado"}], "urls": [{"start": 101, "end": 124, "url": "https://t.co/8H0F4CKGYk", "expanded_url": "https://twitter.com/Sekiresucitado/status/1401561104376078342/photo/1", "display_url": "pic.twitter.com/8H0F4CKGYk"}]}, "author_id": "547761274", "source": "Twitter for iPhone", "created_at": "2021-06-07T05:25:55.000Z", "text": "RT @Sekiresucitado: \u00a1S\u00daBETE PERRA, VAMOS A VOTAR!\n\nHAY QUE IMPEDIR QUE SAMUEL GARCIA SEA GOBERNADOR. https://t.co/8H0F4CKGYk", "id": "1401772387863990278", "referenced_tweets": [{"type": "retweeted", "id": "1401561104376078342"}], "attachments": {"media_keys": ["3_1401561102270480389"]}, "public_metrics": {"retweet_count": 252, "reply_count": 0, "like_count": 0, "quote_count": 0}}, "includes": {"users": [{"location": "Dandanie&Erigom \ud83d\udc68\u200d\u2764\ufe0f\u200d\ud83d\udc68\ud83d\udc9e", "protected": false, "created_at": "2012-04-07T17:10:51.000Z", "description": "\u201cVivo en AsiaLandia.\u201d \u2764 Dios amigo fiel\u2022 multifandom\u2022Fangirl\u2022Intento de escritora.\u2022los d\u00edas azules de tristeza y los grises de lluvia\u2614\u2728", "id": "547761274", "verified": false, "public_metrics": {"followers_count": 90, "following_count": 512, "tweet_count": 1651, "listed_count": 0}, "username": "AallenJoo", "name": "\u2728 A l \u00ed e n \ud83d\udc7d\u2728"}]}, "matching_rules": [{"id": 1401767939779436548, "tag": "Samuel Garcia"}]}