{"data": {"entities": {"annotations": [{"start": 75, "end": 83, "probability": 0.9839, "type": "Place", "normalized_text": "Monterrey"}], "mentions": [{"start": 3, "end": 17, "username": "Valeria_mg_14"}], "hashtags": [{"start": 53, "end": 61, "tag": "Raniere"}]}, "author_id": "2990407778", "source": "Twitter for iPhone", "created_at": "2021-06-07T05:25:58.000Z", "text": "RT @Valeria_mg_14: Clara luz tuvo m\u00e1s encuentros con #Raniere que votos en Monterrey.", "id": "1401772398500794368", "referenced_tweets": [{"type": "retweeted", "id": "1401724648270802948"}], "public_metrics": {"retweet_count": 7, "reply_count": 0, "like_count": 0, "quote_count": 0}}, "includes": {"users": [{"location": "M\u00e9xico", "protected": false, "created_at": "2015-01-19T23:12:06.000Z", "description": "Titular durante 10 a\u00f1os de la columna FRENTES POLITICOS, de Exc\u00e9lsior. Periodista independiente, cr\u00edtico, con una trayectoria vertical durante m\u00e1s de 40 a\u00f1os.", "id": "2990407778", "verified": false, "public_metrics": {"followers_count": 7804, "following_count": 8818, "tweet_count": 106100, "listed_count": 39}, "username": "cantonguillermo", "name": "Guillermo C. Zetina"}]}, "matching_rules": [{"id": 1401767939779436549, "tag": "Clara Luz"}]}