{"data": {"entities": {"annotations": [{"start": 58, "end": 67, "probability": 0.8391, "type": "Place", "normalized_text": "Nuevo Le\u00f3n"}], "mentions": [{"start": 3, "end": 10, "username": "_laloy"}, {"start": 73, "end": 88, "username": "samuel_garcias"}]}, "author_id": "1285025961818251265", "source": "Twitter for Android", "created_at": "2021-06-07T05:25:58.000Z", "text": "RT @_laloy: Espero de verdad que morena no haya ganado en Nuevo Le\u00f3n con @samuel_garcias", "id": "1401772399322972162", "referenced_tweets": [{"type": "retweeted", "id": "1401771427280429059"}], "public_metrics": {"retweet_count": 1, "reply_count": 0, "like_count": 0, "quote_count": 0}}, "includes": {"users": [{"location": "Monterrey, Nuevo Leon", "protected": false, "created_at": "2020-07-20T01:37:56.000Z", "description": "Cr\u00edtico imparcial de la Corrupci\u00f3n, ignorancia e ineptitud rampante en el gobierno federal.", "id": "1285025961818251265", "verified": false, "public_metrics": {"followers_count": 2600, "following_count": 2613, "tweet_count": 197124, "listed_count": 6}, "username": "Box1Jes", "name": "Yoni"}]}, "matching_rules": [{"id": 1401767939779436548, "tag": "Samuel Garcia"}]}