{"data": {"entities": {"annotations": [{"start": 21, "end": 33, "probability": 0.9969, "type": "Person", "normalized_text": "Samuel Garcia"}, {"start": 58, "end": 67, "probability": 0.3195, "type": "Person", "normalized_text": "Nuevo Leon"}, {"start": 92, "end": 101, "probability": 0.2994, "type": "Person", "normalized_text": "Nuevo Leon"}], "mentions": [{"start": 3, "end": 18, "username": "eduardoavelarc"}], "urls": [{"start": 104, "end": 127, "url": "https://t.co/SdpbLvbLJc", "expanded_url": "https://twitter.com/eduardoavelarc/status/1401698749265723392/photo/1", "display_url": "pic.twitter.com/SdpbLvbLJc"}]}, "author_id": "789576267708313600", "source": "Twitter for Android", "created_at": "2021-06-07T04:57:31.000Z", "text": "RT @eduardoavelarc: *Samuel Garcia gana la gobernatura de Nuevo Leon*\n\n-Los que no somos de Nuevo Leon: https://t.co/SdpbLvbLJc", "id": "1401765241223004163", "referenced_tweets": [{"type": "retweeted", "id": "1401698749265723392"}], "attachments": {"media_keys": ["3_1401698745775968259"]}, "public_metrics": {"retweet_count": 522, "reply_count": 0, "like_count": 0, "quote_count": 0}}, "includes": {"users": [{"location": "Mictl\u00e1n", "protected": false, "created_at": "2016-10-21T21:17:06.000Z", "description": "\u00d7Yo he servido y siempre ser\u00e9 de servicio\u00d7 [\ud83c\udf35#TRC\ud83c\udfdc][\ud83c\uddf2\ud83c\uddfd#CSL\ud83c\uddf3\ud83c\uddec]", "id": "789576267708313600", "verified": false, "public_metrics": {"followers_count": 201, "following_count": 395, "tweet_count": 5736, "listed_count": 0}, "username": "bxbxyxgx__", "name": "\u03b1y\u03b1l\u03b1"}]}, "matching_rules": [{"id": 1401764684680683523, "tag": "Samuel Garcia"}]}