{"data": {"entities": {"annotations": [{"start": 60, "end": 63, "probability": 0.5616, "type": "Person", "normalized_text": "Le\u00f3n"}, {"start": 134, "end": 146, "probability": 0.9981, "type": "Person", "normalized_text": "Samuel Garcia"}], "mentions": [{"start": 0, "end": 8, "username": "tgggbg1"}, {"start": 9, "end": 21, "username": "gusgdgaytan"}, {"start": 22, "end": 37, "username": "QuesaVerdadess"}, {"start": 38, "end": 53, "username": "samuel_garcias"}]}, "in_reply_to_user_id": "1186110581197148166", "author_id": "1289316169149820928", "source": "Twitter for Android", "created_at": "2021-06-07T05:26:12.000Z", "text": "@tgggbg1 @gusgdgaytan @QuesaVerdadess @samuel_garcias Nuevo Le\u00f3n es una joya, un paso al desarrollo y una mejor calidad de vida, pero Samuel Garcia? Un Joven sin experiencia que solo gan\u00f3 prometiendo un cambio como todos y una buena campa\u00f1a pol\u00edtica dirigida por su esposa?", "id": "1401772457921441802", "referenced_tweets": [{"type": "replied_to", "id": "1401770152383991808"}], "public_metrics": {"retweet_count": 0, "reply_count": 0, "like_count": 0, "quote_count": 0}}, "includes": {"users": [{"protected": false, "created_at": "2020-07-31T21:45:17.000Z", "description": "\ud83c\uddf2\ud83c\uddfd", "id": "1289316169149820928", "verified": false, "public_metrics": {"followers_count": 49, "following_count": 74, "tweet_count": 503, "listed_count": 0}, "username": "Alejandra290903", "name": "Alejandra_Navarro"}]}, "matching_rules": [{"id": 1401767939779436548, "tag": "Samuel Garcia"}]}