{"data": {"author_id": "88253919", "source": "Twitter for Android", "created_at": "2021-06-07T04:57:32.000Z", "text": "RT @ChicShion: Todos uds tambien tiene culpa si se confirma lo de NL\n\nQue tal muy jiji jaja con el fosfo fosfo mont\u00e1ndose en estas estupide\u2026", "id": "1401765246197551105", "entities": {"mentions": [{"start": 3, "end": 13, "username": "ChicShion"}]}, "referenced_tweets": [{"type": "retweeted", "id": "1401739800206512134"}], "public_metrics": {"retweet_count": 123, "reply_count": 0, "like_count": 0, "quote_count": 0}}, "includes": {"users": [{"location": "Aguascalientes, M\u00e9xico", "protected": false, "created_at": "2009-11-07T19:36:00.000Z", "description": "Por la Cuarta Transformaci\u00f3n. #RedChairoMx", "id": "88253919", "verified": false, "public_metrics": {"followers_count": 4279, "following_count": 4999, "tweet_count": 42539, "listed_count": 1}, "username": "ulises53", "name": "\ud83c\uddf2\ud83c\uddfdVotoMasivoPorMorena"}]}, "matching_rules": [{"id": 1401764684680683524, "tag": "Clara Luz"}]}