{"data": {"in_reply_to_user_id": "3372676660", "author_id": "360416974", "source": "Twitter for iPhone", "created_at": "2021-06-07T05:26:16.000Z", "text": "@evelynzuiga13 @samuel_garcias No hab\u00eda definitivo por quien ir, pero lo que este tipo quiere hacer es imposible, aparte que su partido favorec\u00eda a morena y NL qued\u00f3 \ud83e\udd21", "id": "1401772475298557953", "entities": {"mentions": [{"start": 0, "end": 14, "username": "evelynzuiga13"}, {"start": 15, "end": 30, "username": "samuel_garcias"}]}, "referenced_tweets": [{"type": "replied_to", "id": "1401771803656130563"}], "public_metrics": {"retweet_count": 0, "reply_count": 0, "like_count": 0, "quote_count": 0}}, "includes": {"users": [{"protected": false, "created_at": "2011-08-23T05:14:37.000Z", "description": "Ver\u00e1s, desde hace a\u00f1os aprend\u00ed que compartirle fuentes a un chairo es como intentar que mi perro aprenda a leer ..", "id": "360416974", "verified": false, "public_metrics": {"followers_count": 240, "following_count": 647, "tweet_count": 4508, "listed_count": 0}, "username": "Alejandrite", "name": "\u2728Alejandra\u2728"}]}, "matching_rules": [{"id": 1401767939779436548, "tag": "Samuel Garcia"}]}