{"data": {"author_id": "312990349", "source": "Twitter for iPhone", "created_at": "2021-06-07T05:26:32.000Z", "text": "RT @SoyDeSanNico: 12:15am @samuel_garcias mantiene su ventaja en los conteos r\u00e1pidos de esta noche, ma\u00f1ana se decidir\u00e1 todo https://t.co/v6\u2026", "id": "1401772541593653249", "entities": {"mentions": [{"start": 3, "end": 16, "username": "SoyDeSanNico"}, {"start": 26, "end": 41, "username": "samuel_garcias"}]}, "referenced_tweets": [{"type": "retweeted", "id": "1401770440796762117"}], "public_metrics": {"retweet_count": 1, "reply_count": 0, "like_count": 0, "quote_count": 0}}, "includes": {"users": [{"location": "Monterrey Mx. ", "protected": false, "created_at": "2011-06-08T00:19:22.000Z", "description": "Regio \ud83c\uddf2\ud83c\uddfd Rayado de coraz\u00f3n \u2764\ufe0f", "id": "312990349", "verified": false, "public_metrics": {"followers_count": 1954, "following_count": 1422, "tweet_count": 39971, "listed_count": 10}, "username": "miguelchaaveez", "name": "Miguel"}]}, "matching_rules": [{"id": 1401767939779436548, "tag": "Samuel Garcia"}]}