{"data": {"entities": {"annotations": [{"start": 46, "end": 55, "probability": 0.8415, "type": "Place", "normalized_text": "Nuevo Leon"}, {"start": 79, "end": 91, "probability": 0.9869, "type": "Person", "normalized_text": "Samuel Garcia"}, {"start": 97, "end": 114, "probability": 0.733, "type": "Person", "normalized_text": "Adrian de la Garza"}], "mentions": [{"start": 3, "end": 13, "username": "yooddaa29"}]}, "author_id": "264474003", "source": "Twitter for iPhone", "created_at": "2021-06-07T05:26:33.000Z", "text": "RT @yooddaa29: Tristemente les anuncio que en Nuevo Leon no todo estara bien.\n\nSamuel Garcia 36%\nAdrian de la Garza 28%.\n\nFelicidades para\u2026", "id": "1401772548195561472", "referenced_tweets": [{"type": "retweeted", "id": "1401678536604196866"}], "public_metrics": {"retweet_count": 178, "reply_count": 0, "like_count": 0, "quote_count": 0}}, "includes": {"users": [{"protected": false, "created_at": "2011-03-11T23:52:37.000Z", "description": "Actions speak louder than words, though not nearly as often. 2:14-24. \ud83d\udd30", "id": "264474003", "verified": false, "public_metrics": {"followers_count": 375, "following_count": 2378, "tweet_count": 78308, "listed_count": 6}, "username": "FelipeIslas4", "name": "Felipe"}]}, "matching_rules": [{"id": 1401767939779436547, "tag": "Adrian de la Garza"}, {"id": 1401767939779436548, "tag": "Samuel Garcia"}]}