{"data": {"author_id": "151238451", "source": "Twitter for iPhone", "created_at": "2021-06-07T05:26:37.000Z", "text": "#NuevoLeon @samuel_garcias @marianardzcant  . @nuevoleon . Lamentable . https://t.co/1f7rOHCf52", "id": "1401772562456236035", "entities": {"mentions": [{"start": 11, "end": 26, "username": "samuel_garcias"}, {"start": 27, "end": 42, "username": "marianardzcant"}, {"start": 46, "end": 56, "username": "nuevoleon"}], "urls": [{"start": 72, "end": 95, "url": "https://t.co/1f7rOHCf52", "expanded_url": "https://twitter.com/ricardo_gzlz/status/1401765064202461184", "display_url": "twitter.com/ricardo_gzlz/s\u2026"}], "hashtags": [{"start": 0, "end": 10, "tag": "NuevoLeon"}]}, "referenced_tweets": [{"type": "quoted", "id": "1401765064202461184"}], "public_metrics": {"retweet_count": 0, "reply_count": 0, "like_count": 0, "quote_count": 0}}, "includes": {"users": [{"location": "M\u00e9xico/LA /Miami", "protected": false, "created_at": "2010-06-02T23:27:55.000Z", "description": "Actor/Musico Productor & empresario Manager: Stephanie Ripstein 7863020230 talent@SKRipstein.com https://t.co/4IblWE7Qeo:", "id": "151238451", "verified": false, "public_metrics": {"followers_count": 1483, "following_count": 2687, "tweet_count": 47450, "listed_count": 48}, "username": "arevalomeyer", "name": "Josue Arevalo Meyer"}]}, "matching_rules": [{"id": 1401767939779436548, "tag": "Samuel Garcia"}]}