{"data": {"entities": {"annotations": [{"start": 89, "end": 98, "probability": 0.4707, "type": "Place", "normalized_text": "Nuevo Le\u00f3n"}], "mentions": [{"start": 3, "end": 18, "username": "QuesaVerdadess"}, {"start": 55, "end": 70, "username": "samuel_garcias"}]}, "author_id": "935146908", "source": "Twitter for Android", "created_at": "2021-06-07T05:26:43.000Z", "text": "RT @QuesaVerdadess: Enserio que si \"gan\u00f3\" el inepto de @samuel_garcias la gubernatura de Nuevo Le\u00f3n deber\u00edamos de sacar a ese estado de la\u2026", "id": "1401772587793985539", "referenced_tweets": [{"type": "retweeted", "id": "1401714615369752579"}], "public_metrics": {"retweet_count": 265, "reply_count": 0, "like_count": 0, "quote_count": 0}}, "includes": {"users": [{"location": "M\u00e9xico, D.F.", "protected": false, "created_at": "2012-11-08T18:38:45.000Z", "description": "", "id": "935146908", "verified": false, "public_metrics": {"followers_count": 11835, "following_count": 815, "tweet_count": 73976, "listed_count": 61}, "username": "Dr_Lammoglia", "name": "Dr.Ernesto Lammoglia"}]}, "matching_rules": [{"id": 1401767939779436548, "tag": "Samuel Garcia"}]}