{"data": {"entities": {"annotations": [{"start": 31, "end": 43, "probability": 0.9977, "type": "Person", "normalized_text": "Samuel Garc\u00eda"}, {"start": 62, "end": 71, "probability": 0.939, "type": "Place", "normalized_text": "Nuevo Le\u00f3n"}, {"start": 74, "end": 82, "probability": 0.6929, "type": "Person", "normalized_text": "Clara Luz"}], "mentions": [{"start": 3, "end": 14, "username": "latinus_us"}], "hashtags": [{"start": 16, "end": 29, "tag": "Elecci\u00f3n2021"}, {"start": 128, "end": 136, "tag": "Latinus"}]}, "author_id": "196467490", "source": "Twitter for Android", "created_at": "2021-06-07T05:26:43.000Z", "text": "RT @latinus_us: #Elecci\u00f3n2021. Samuel Garc\u00eda lleva ventaja en Nuevo Le\u00f3n; Clara Luz se va al cuarto lugar, seg\u00fan conteo r\u00e1pido.\n#Latinus #I\u2026", "id": "1401772590117625857", "referenced_tweets": [{"type": "retweeted", "id": "1401769712237821953"}], "public_metrics": {"retweet_count": 26, "reply_count": 0, "like_count": 0, "quote_count": 0}}, "includes": {"users": [{"protected": false, "created_at": "2010-09-29T04:51:47.000Z", "description": "", "id": "196467490", "verified": false, "public_metrics": {"followers_count": 113, "following_count": 956, "tweet_count": 51853, "listed_count": 3}, "username": "jcantuk", "name": "jorge cantu kaufmann"}]}, "matching_rules": [{"id": 1401767939779436549, "tag": "Clara Luz"}]}