{"data": {"author_id": "65112094", "source": "Twitter for Android", "created_at": "2021-06-07T04:55:21.000Z", "text": "RT @arturocantu: @cesarulloag @samuel_garcias @colosioriojas En tus podcasts lo cantabas y te tachaban de sesgado... fuiste objetivo y all\u00ed\u2026", "id": "1401764693711101957", "entities": {"mentions": [{"start": 3, "end": 15, "username": "arturocantu"}, {"start": 17, "end": 29, "username": "cesarulloag"}, {"start": 30, "end": 45, "username": "samuel_garcias"}, {"start": 46, "end": 60, "username": "colosioriojas"}]}, "referenced_tweets": [{"type": "retweeted", "id": "1401763355598200832"}], "public_metrics": {"retweet_count": 2, "reply_count": 0, "like_count": 0, "quote_count": 0}}, "includes": {"users": [{"protected": false, "created_at": "2009-08-12T18:17:00.000Z", "description": "Orgullo Neoleon\u00e9s, Amigo, Rayado y Mexicano, Lo mejor esta por venir... Eclesiast\u00e9s 3, 1-11 HE 18,9 Animo Firme Viva la Cruz!!!!", "id": "65112094", "verified": false, "public_metrics": {"followers_count": 454, "following_count": 456, "tweet_count": 41120, "listed_count": 6}, "username": "jp_alvarezg", "name": "juan pablo a g"}]}, "matching_rules": [{"id": 1401764684680683523, "tag": "Samuel Garcia"}]}