{"data": {"entities": {"annotations": [{"start": 22, "end": 28, "probability": 0.9709, "type": "Person", "normalized_text": "Mariana"}], "mentions": [{"start": 47, "end": 62, "username": "samuel_garcias"}], "urls": [{"start": 63, "end": 86, "url": "https://t.co/ZLHhHQqRqb", "expanded_url": "https://twitter.com/dimensionamural/status/1401772625655906305/photo/1", "display_url": "pic.twitter.com/ZLHhHQqRqb"}]}, "author_id": "902360529045422081", "source": "Twitter for Android", "created_at": "2021-06-07T05:26:52.000Z", "text": "Jajajajaja la cara de Mariana lo dice todo....\n@samuel_garcias https://t.co/ZLHhHQqRqb", "id": "1401772625655906305", "attachments": {"media_keys": ["3_1401772622841536512"]}, "public_metrics": {"retweet_count": 0, "reply_count": 0, "like_count": 0, "quote_count": 0}}, "includes": {"users": [{"location": "Quer\u00e9taro, CDMX ", "protected": false, "created_at": "2017-08-29T02:41:29.000Z", "description": "Artista pl\u00e1stico #MuralesInfantiles #TVFoxLife  https://t.co/h0WGx27pmz\n#ArtePrehisp\u00e1nico\nNacido de Izquierda/PejeZombi\nCorredor desde '84", "id": "902360529045422081", "verified": false, "public_metrics": {"followers_count": 3650, "following_count": 2141, "tweet_count": 42943, "listed_count": 14}, "username": "dimensionamural", "name": "Alejandro Ram\u00edrez T.\ud83d\udd8c\ud83c\udfa8"}]}, "matching_rules": [{"id": 1401767939779436548, "tag": "Samuel Garcia"}]}