{"data": {"in_reply_to_user_id": "2696105934", "author_id": "1363884874986364930", "source": "Twitter for iPhone", "created_at": "2021-06-07T05:26:53.000Z", "text": "@Dan23Var @samuel_garcias Me meter\u00eda con tus candidatos o con tu estado pero cr\u00e9eme que ni siquiera tengo el tiempo de investigar un estado que no es el m\u00edo, en cambio t\u00fa peleando porque gano uno que no es ni de tu estado. Ya c\u00e1llate el osico. Pregunta ser\u00eda, \u00bftienes m\u00e1s de 18 a\u00f1os y puedes votar?", "id": "1401772629237899266", "entities": {"mentions": [{"start": 0, "end": 9, "username": "Dan23Var"}, {"start": 10, "end": 25, "username": "samuel_garcias"}]}, "referenced_tweets": [{"type": "replied_to", "id": "1401771089500463105"}], "public_metrics": {"retweet_count": 0, "reply_count": 0, "like_count": 0, "quote_count": 0}}, "includes": {"users": [{"location": "Monterrey, Nuevo Le\u00f3n", "protected": false, "created_at": "2021-02-22T16:14:37.000Z", "description": "", "id": "1363884874986364930", "verified": false, "public_metrics": {"followers_count": 4, "following_count": 13, "tweet_count": 22, "listed_count": 0}, "username": "Soygalos", "name": "galosavedra"}]}, "matching_rules": [{"id": 1401767939779436548, "tag": "Samuel Garcia"}]}