{"data": {"in_reply_to_user_id": "147465229", "author_id": "1380705488", "source": "Twitter for Android", "created_at": "2021-06-07T05:27:10.000Z", "text": "@luis_delafuente @CandyCrushjpg @QuesaVerdadess @samuel_garcias Pues los edificios privados muy bonitos.\nPero en #NuevoLeon ni agua ni calles, ni banquetas...\nAh, si tienen una biblioteca p\u00fablica creo \ud83d\ude02\ud83d\ude02 ilusos...", "id": "1401772703074459648", "entities": {"mentions": [{"start": 0, "end": 16, "username": "luis_delafuente"}, {"start": 17, "end": 31, "username": "CandyCrushjpg"}, {"start": 32, "end": 47, "username": "QuesaVerdadess"}, {"start": 48, "end": 63, "username": "samuel_garcias"}], "hashtags": [{"start": 113, "end": 123, "tag": "NuevoLeon"}]}, "referenced_tweets": [{"type": "replied_to", "id": "1401759058718253057"}], "public_metrics": {"retweet_count": 0, "reply_count": 0, "like_count": 0, "quote_count": 0}}, "includes": {"users": [{"location": "- Earth -", "protected": false, "created_at": "2013-04-26T00:22:03.000Z", "description": "#Montealban #ANAHUAC \ud83c\uddf2\ud83c\uddfd\u270a\ud83c\udffd\n#WEARENATIVE si asi en ingl\u00e9s para que lo entienda todo el mundo \n\u270a\ud83c\udffe\u270a\ud83c\udfff\u270a\ud83c\udffd#ConTodoSiNoPaQue \ud83c\udde8\ud83c\uddf4\u270a\ud83c\udfff\u270a\ud83c\udffe\u270a\ud83c\udffd\n\ud83d\udeab\ud83d\udeab\ud83c\uddfa\ud83c\uddf8\ud83d\udeab\ud83d\udeab", "id": "1380705488", "verified": false, "public_metrics": {"followers_count": 182, "following_count": 613, "tweet_count": 8547, "listed_count": 14}, "username": "_Quetzal_M_X", "name": "Ketzal"}]}, "matching_rules": [{"id": 1401767939779436548, "tag": "Samuel Garcia"}]}