{"data": {"entities": {"annotations": [{"start": 82, "end": 90, "probability": 0.6194, "type": "Person", "normalized_text": "Clara Luz"}, {"start": 109, "end": 120, "probability": 0.25, "type": "Other", "normalized_text": "Neo Leoneses"}], "mentions": [{"start": 3, "end": 17, "username": "GustavoRocMtz"}, {"start": 33, "end": 49, "username": "PartidoMorenaMx"}, {"start": 122, "end": 138, "username": "PartidoMorenaMx"}], "hashtags": [{"start": 21, "end": 31, "tag": "NuevoLe\u00f3n"}]}, "author_id": "1188624524801167360", "source": "Twitter for Android", "created_at": "2021-06-07T05:27:12.000Z", "text": "RT @GustavoRocMtz: A #NuevoLe\u00f3n  @PartidoMorenaMx lo entreg\u00f3 desde la elecci\u00f3n de Clara Luz, a nosotros, los Neo Leoneses @PartidoMorenaMx\u2026", "id": "1401772710716346368", "referenced_tweets": [{"type": "retweeted", "id": "1401711713343492097"}], "public_metrics": {"retweet_count": 292, "reply_count": 0, "like_count": 0, "quote_count": 0}}, "includes": {"users": [{"protected": false, "created_at": "2019-10-28T01:12:50.000Z", "description": "DON'T STOP, DON'T QUIT AND DON'T GIVE UP.\ud83c\uddf2\ud83c\uddfd", "id": "1188624524801167360", "verified": false, "public_metrics": {"followers_count": 1272, "following_count": 1434, "tweet_count": 38872, "listed_count": 1}, "username": "harre_el", "name": "El Harre!!! \ud83c\uddf2\ud83c\uddfd/4T. VA!\ud83d\udc4a"}]}, "matching_rules": [{"id": 1401767939779436549, "tag": "Clara Luz"}]}