{"data": {"author_id": "327605690", "source": "Twitter for Android", "created_at": "2021-06-07T05:27:13.000Z", "text": "El hecho de que NL haya elegido a @samuel_garcias c\u00f3mo Gobernador nos da una se\u00f1al de lo que \"Los Regios son\". Y se burlaron de nosotros por @MBarbosaMX \ud83d\ude02\ud83d\ude02\ud83d\ude02\ud83d\ude02\ud83d\ude02\ud83d\ude02", "id": "1401772716554870787", "entities": {"mentions": [{"start": 34, "end": 49, "username": "samuel_garcias"}, {"start": 141, "end": 152, "username": "MBarbosaMX"}]}, "context_annotations": [{"domain": {"id": "10", "name": "Person", "description": "Named people in the world like Nelson Mandela"}, "entity": {"id": "1131625081640144896", "name": "Miguel Barbosa Huerta", "description": "Miguel Barbosa Huerta"}}, {"domain": {"id": "35", "name": "Politician", "description": "Politicians in the world, like Joe Biden"}, "entity": {"id": "1131625081640144896", "name": "Miguel Barbosa Huerta", "description": "Miguel Barbosa Huerta"}}], "public_metrics": {"retweet_count": 0, "reply_count": 0, "like_count": 0, "quote_count": 0}}, "includes": {"users": [{"location": "Puebla, M\u00e9xico", "protected": false, "created_at": "2011-07-01T20:59:04.000Z", "description": "BIEN DICE EL SLOGAN......... SOMOS MUCHOS MAS QUE 11!!!!! YA ME UNI..........", "id": "327605690", "verified": false, "public_metrics": {"followers_count": 385, "following_count": 737, "tweet_count": 25757, "listed_count": 5}, "username": "LDCANINO", "name": "KNIRUFO"}]}, "matching_rules": [{"id": 1401767939779436548, "tag": "Samuel Garcia"}]}