{"data": {"entities": {"annotations": [{"start": 65, "end": 80, "probability": 0.9273, "type": "Person", "normalized_text": "Dolores Padierna"}, {"start": 82, "end": 97, "probability": 0.7813, "type": "Person", "normalized_text": "V\u00edctor Hugo Romo"}, {"start": 99, "end": 129, "probability": 0.2543, "type": "Person", "normalized_text": "Nacho Peregr\u00edn Antonio Attolini"}], "mentions": [{"start": 3, "end": 18, "username": "ElGatoSalemCat"}]}, "author_id": "772217931799207936", "source": "Twitter for iPhone", "created_at": "2021-06-07T05:27:14.000Z", "text": "RT @ElGatoSalemCat: Como no vamos a estar felices si perdieron:\n\nDolores Padierna\nV\u00edctor Hugo Romo\nNacho Peregr\u00edn\nAntonio Attolini \nJuncal\u2026", "id": "1401772718488313863", "referenced_tweets": [{"type": "retweeted", "id": "1401771921491046407"}], "public_metrics": {"retweet_count": 2, "reply_count": 0, "like_count": 0, "quote_count": 0}}, "includes": {"users": [{"location": "Tlahuelilpan", "protected": false, "created_at": "2016-09-03T23:41:16.000Z", "description": "Me cagan los putos chairos y cualquier seguidor de la secta #niunvotoamorena pe\u00f1abot, panazi, 100\u2105 anti vejete, antichairo", "id": "772217931799207936", "verified": false, "public_metrics": {"followers_count": 2883, "following_count": 2998, "tweet_count": 38724, "listed_count": 9}, "username": "El_Barrancas_", "name": "Barrancas Bimbo \u2122\ufe0f"}]}, "matching_rules": [{"id": 1401767939779436549, "tag": "Clara Luz"}]}