{"data": {"author_id": "1085018411585945605", "source": "Twitter for Android", "created_at": "2021-06-07T05:27:16.000Z", "text": "RT @samuel_garcias: Hoy es el d\u00eda, hoy ser\u00e1 el d\u00eda. Hoy tambi\u00e9n nos toca tener paciencia, hoy tienes el poder de decidir el futuro de Nuevo\u2026", "id": "1401772726705131524", "entities": {"mentions": [{"start": 3, "end": 18, "username": "samuel_garcias"}]}, "referenced_tweets": [{"type": "retweeted", "id": "1401577014411153411"}], "public_metrics": {"retweet_count": 159, "reply_count": 0, "like_count": 0, "quote_count": 0}}, "includes": {"users": [{"location": "Tuxtla Guti\u00e9rrez, Chiapas", "protected": false, "created_at": "2019-01-15T03:38:42.000Z", "description": "Nac\u00ed el 16 de abril en Ciudad de M\u00e9xico.Dos nacionalidades: mexicana y chilena. Bilingue: espa\u00f1ol e ingl\u00e9s. Literato, periodista, vampiro. Amo la vida sencilla.", "id": "1085018411585945605", "verified": false, "public_metrics": {"followers_count": 724, "following_count": 3019, "tweet_count": 24242, "listed_count": 0}, "username": "StahlSergio", "name": "Sergio Arturo Stahl Spinoza"}]}, "matching_rules": [{"id": 1401767939779436548, "tag": "Samuel Garcia"}]}