{"data": {"entities": {"annotations": [{"start": 63, "end": 68, "probability": 0.9394, "type": "Place", "normalized_text": "M\u00e9xico"}, {"start": 93, "end": 94, "probability": 0.5573, "type": "Place", "normalized_text": "NL"}], "mentions": [{"start": 0, "end": 13, "username": "Apodaca_News"}, {"start": 14, "end": 29, "username": "samuel_garcias"}]}, "in_reply_to_user_id": "1199065725882839044", "author_id": "132800430", "source": "Twitter for Android", "created_at": "2021-06-07T05:27:35.000Z", "text": "@Apodaca_News @samuel_garcias No mams seremos la burla de todo M\u00e9xico, pens\u00e9 que la gente de NL era m\u00e1s inteligente", "id": "1401772805369352193", "referenced_tweets": [{"type": "replied_to", "id": "1401769723541430277"}], "context_annotations": [{"domain": {"id": "119", "name": "Holiday", "description": "Holidays like Christmas or Halloween"}, "entity": {"id": "1286645331686350848", "name": "Dia de la Independencia (Grito de Dolores) ", "description": "This entity includes conversations about Dia de la Independencia (Grito de Dolores) for all years."}}], "public_metrics": {"retweet_count": 0, "reply_count": 0, "like_count": 0, "quote_count": 0}}, "includes": {"users": [{"protected": false, "created_at": "2010-04-14T06:19:08.000Z", "description": "", "id": "132800430", "verified": false, "public_metrics": {"followers_count": 202, "following_count": 354, "tweet_count": 422, "listed_count": 1}, "username": "adolfo_mty", "name": "adolfo r. rangel"}]}, "matching_rules": [{"id": 1401767939779436548, "tag": "Samuel Garcia"}]}