{"data": {"author_id": "1010375485", "source": "Twitter for iPhone", "created_at": "2021-06-07T05:27:43.000Z", "text": "RT @Pamelita0321: Si gana @samuel_garcias en nuevo leon me dar\u00e1 un chingo de verg\u00fcenza por mi estado. Buscar\u00e9 otro que me adopte. \ud83d\ude2d\ud83d\ude2d\ud83d\ude2d", "id": "1401772841406767106", "entities": {"mentions": [{"start": 3, "end": 16, "username": "Pamelita0321"}, {"start": 26, "end": 41, "username": "samuel_garcias"}]}, "referenced_tweets": [{"type": "retweeted", "id": "1401465811844407298"}], "public_metrics": {"retweet_count": 794, "reply_count": 0, "like_count": 0, "quote_count": 0}}, "includes": {"users": [{"protected": false, "created_at": "2012-12-14T04:08:22.000Z", "description": "", "id": "1010375485", "verified": false, "public_metrics": {"followers_count": 144, "following_count": 148, "tweet_count": 2862, "listed_count": 0}, "username": "ROD_Psiq", "name": "Rodrigo Morales"}]}, "matching_rules": [{"id": 1401767939779436548, "tag": "Samuel Garcia"}]}