{"data": {"author_id": "1225252152328753153", "source": "Twitter for Android", "created_at": "2021-06-07T05:27:45.000Z", "text": "RT @Marcela_Feraud: \ud83d\udd34 @AdrianDeLaGarza est\u00e1 perdiendo #NuevoLeon \n\nEs una pena que los regios no aprendieron nada de las elecciones del 201\u2026", "id": "1401772847488454657", "entities": {"mentions": [{"start": 3, "end": 18, "username": "Marcela_Feraud"}, {"start": 22, "end": 38, "username": "AdrianDeLaGarza"}], "hashtags": [{"start": 54, "end": 64, "tag": "NuevoLeon"}]}, "referenced_tweets": [{"type": "retweeted", "id": "1401749594745171970"}], "context_annotations": [{"domain": {"id": "10", "name": "Person", "description": "Named people in the world like Nelson Mandela"}, "entity": {"id": "811664462386077697", "name": "Enrique Pe\u00f1a Nieto", "description": "President of Mexico, Enrique Pe\u00f1a Nieto"}}, {"domain": {"id": "35", "name": "Politician", "description": "Politicians in the world, like Joe Biden"}, "entity": {"id": "811664462386077697", "name": "Enrique Pe\u00f1a Nieto", "description": "President of Mexico, Enrique Pe\u00f1a Nieto"}}], "public_metrics": {"retweet_count": 48, "reply_count": 0, "like_count": 0, "quote_count": 0}}, "includes": {"users": [{"protected": false, "created_at": "2020-02-06T02:57:44.000Z", "description": "Rayado 100% \ud83c\uddeb\ud83c\uddee\ud83c\uddeb\ud83c\uddee\ud83c\uddeb\ud83c\uddee\ud83c\uddeb\ud83c\uddee\ud83e\udd1f\ud83e\udd1f y para toda la vida", "id": "1225252152328753153", "verified": false, "public_metrics": {"followers_count": 226, "following_count": 264, "tweet_count": 3154, "listed_count": 0}, "username": "Jgarzamty2", "name": "Jgarzamty"}]}, "matching_rules": [{"id": 1401767939779436547, "tag": "Adrian de la Garza"}]}