{"data": {"entities": {"annotations": [{"start": 45, "end": 57, "probability": 0.997, "type": "Person", "normalized_text": "Samuel Garc\u00eda"}], "mentions": [{"start": 0, "end": 11, "username": "SSPCMexico"}, {"start": 12, "end": 26, "username": "AlfonsoDurazo"}, {"start": 60, "end": 75, "username": "samuel_garcias"}], "urls": [{"start": 242, "end": 265, "url": "https://t.co/HlkOOZpeIe", "expanded_url": "https://twitter.com/NEstrellaTv/status/1401772848314781703/photo/1", "display_url": "pic.twitter.com/HlkOOZpeIe"}], "hashtags": [{"start": 27, "end": 42, "tag": "Elecciones2021"}]}, "in_reply_to_user_id": "1342425007", "author_id": "1342425007", "source": "TweetDeck", "created_at": "2021-06-07T05:27:45.000Z", "text": "@SSPCMexico @AlfonsoDurazo #Elecciones2021 | Samuel Garc\u00eda (@samuel_garcias) tambi\u00e9n celebr\u00f3 tras asegurar que las encuestas lo posicionaron como ganador con una tendencia favorable del 10 por ciento; sus festejos ser\u00e1n ma\u00f1ana a las 8:00 pm. https://t.co/HlkOOZpeIe", "id": "1401772848314781703", "referenced_tweets": [{"type": "replied_to", "id": "1401772288819798023"}], "attachments": {"media_keys": ["3_1401772619741937667"]}, "public_metrics": {"retweet_count": 0, "reply_count": 0, "like_count": 0, "quote_count": 0}}, "includes": {"users": [{"location": "Burbank, CA", "protected": false, "created_at": "2013-04-10T17:14:35.000Z", "description": "Su fuente de informaci\u00f3n para las noticias m\u00e1s importantes de la comunidad Hispana en EE.UU. y el mundo.", "id": "1342425007", "verified": false, "public_metrics": {"followers_count": 8081, "following_count": 186, "tweet_count": 16491, "listed_count": 51}, "username": "NEstrellaTv", "name": "Noticias EstrellaTV"}]}, "matching_rules": [{"id": 1401767939779436548, "tag": "Samuel Garcia"}]}