{"data": {"in_reply_to_user_id": "40552211", "author_id": "53943134", "source": "Twitter for iPhone", "created_at": "2021-06-07T05:28:07.000Z", "text": "@javazquezv @el_memomtz @samuel_garcias F\u00edjate @el_memomtz pens\u00e9 que ya se hab\u00eda olvidado de mi el @javazquezv \ud83e\udd72", "id": "1401772942212616194", "entities": {"mentions": [{"start": 0, "end": 11, "username": "javazquezv"}, {"start": 12, "end": 23, "username": "el_memomtz"}, {"start": 24, "end": 39, "username": "samuel_garcias"}, {"start": 47, "end": 58, "username": "el_memomtz"}, {"start": 99, "end": 110, "username": "javazquezv"}]}, "referenced_tweets": [{"type": "replied_to", "id": "1401772214337245184"}], "public_metrics": {"retweet_count": 0, "reply_count": 0, "like_count": 0, "quote_count": 0}}, "includes": {"users": [{"location": "Mexico", "protected": false, "created_at": "2009-07-05T16:24:40.000Z", "description": "", "id": "53943134", "verified": false, "public_metrics": {"followers_count": 1058, "following_count": 1041, "tweet_count": 109061, "listed_count": 30}, "username": "juanvargas28", "name": "Vargas"}]}, "matching_rules": [{"id": 1401767939779436548, "tag": "Samuel Garcia"}]}