{"data": {"entities": {"annotations": [{"start": 62, "end": 74, "probability": 0.9987, "type": "Person", "normalized_text": "Samuel Garcia"}], "mentions": [{"start": 3, "end": 18, "username": "MarioRiveretti"}]}, "author_id": "3027172422", "source": "Twitter for iPhone", "created_at": "2021-06-07T05:28:08.000Z", "text": "RT @MarioRiveretti: Pues hoy qued\u00f3 claro que el pendejo no es Samuel Garcia, el pendejo es el pueblo que s\u00ed vot\u00f3 por \u00e9l.", "id": "1401772944553037825", "referenced_tweets": [{"type": "retweeted", "id": "1401768178032775169"}], "public_metrics": {"retweet_count": 11, "reply_count": 0, "like_count": 0, "quote_count": 0}}, "includes": {"users": [{"protected": false, "created_at": "2015-02-18T20:24:46.000Z", "description": "Vivi\u00e9ndola", "id": "3027172422", "verified": false, "public_metrics": {"followers_count": 485, "following_count": 987, "tweet_count": 20407, "listed_count": 2}, "username": "baaabysoff", "name": "Baaabysoff"}]}, "matching_rules": [{"id": 1401767939779436548, "tag": "Samuel Garcia"}]}