{"data": {"entities": {"annotations": [{"start": 255, "end": 265, "probability": 0.9987, "type": "Person", "normalized_text": "Lili Tellez"}], "mentions": [{"start": 0, "end": 15, "username": "QuesaVerdadess"}, {"start": 16, "end": 25, "username": "NachoRgz"}, {"start": 26, "end": 41, "username": "samuel_garcias"}, {"start": 90, "end": 105, "username": "QuesaVerdadess"}]}, "in_reply_to_user_id": "986841875452694529", "author_id": "1346952947259887623", "source": "Twitter for Android", "created_at": "2021-06-07T05:28:12.000Z", "text": "@QuesaVerdadess @NachoRgz @samuel_garcias Fue un duelo perdido me sorprende que digas eso @QuesaVerdadess \nCuando sabes que los partidos se dividen en c\u00edrculos y grupos con su manejo propio \n\nDebi\u00f3 ser morena pero me pregunt\u00f3 si no hubi\u00e9ramos tenido otro Lili Tellez igual con la candidata de morena", "id": "1401772962823520258", "referenced_tweets": [{"type": "replied_to", "id": "1401714615369752579"}], "public_metrics": {"retweet_count": 0, "reply_count": 0, "like_count": 0, "quote_count": 0}}, "includes": {"users": [{"protected": false, "created_at": "2021-01-06T22:53:17.000Z", "description": "", "id": "1346952947259887623", "verified": false, "public_metrics": {"followers_count": 2, "following_count": 121, "tweet_count": 160, "listed_count": 0}, "username": "Edenalejandrogl", "name": "Eden"}]}, "matching_rules": [{"id": 1401767939779436548, "tag": "Samuel Garcia"}]}