{"data": {"entities": {"annotations": [{"start": 19, "end": 27, "probability": 0.9033, "type": "Person", "normalized_text": "Clara Luz"}], "mentions": [{"start": 0, "end": 9, "username": "Ferchovg"}]}, "in_reply_to_user_id": "94034296", "author_id": "981362399214276608", "source": "Twitter for Android", "created_at": "2021-06-07T05:28:13.000Z", "text": "@Ferchovg De eso a Clara Luz...", "id": "1401772965079965696", "referenced_tweets": [{"type": "replied_to", "id": "1401772678168592387"}], "public_metrics": {"retweet_count": 0, "reply_count": 0, "like_count": 0, "quote_count": 0}}, "includes": {"users": [{"location": "Nuevo Le\u00f3n, M\u00e9xico", "protected": false, "created_at": "2018-04-04T02:46:43.000Z", "description": "| Catador de tacos | El Robert de Niro de mi colonia | Actor porno retirado | Fan de Pablito Ruiz y Lalo Mora | Alguna vez tuve 43.4K seguidores | #BillsMafia", "id": "981362399214276608", "verified": false, "public_metrics": {"followers_count": 7959, "following_count": 292, "tweet_count": 14090, "listed_count": 27}, "username": "_TioGamboin", "name": "T\u00edo Gambo\u00edn \ud83c\uddf2\ud83c\uddfd"}]}, "matching_rules": [{"id": 1401767939779436549, "tag": "Clara Luz"}]}