{"data": {"author_id": "1198775409594306561", "source": "Twitter for Android", "created_at": "2021-06-07T04:57:45.000Z", "text": "RT @luisghernan: Esta noche...\n\n@claraluzflores se convierte en el \n\nFRACASO M\u00c1S GRANDE \n\nde @PartidoMorenaMx \n\nSe hunde hasta el CUARTO LU\u2026", "id": "1401765298668294145", "entities": {"mentions": [{"start": 3, "end": 15, "username": "luisghernan"}, {"start": 32, "end": 47, "username": "claraluzflores"}, {"start": 93, "end": 109, "username": "PartidoMorenaMx"}]}, "referenced_tweets": [{"type": "retweeted", "id": "1401682306738294785"}], "public_metrics": {"retweet_count": 172, "reply_count": 0, "like_count": 0, "quote_count": 0}}, "includes": {"users": [{"protected": false, "created_at": "2019-11-25T01:29:11.000Z", "description": "MX\ud83c\uddf2\ud83c\uddfd CDMX ESIME \ud83d\udcdd", "id": "1198775409594306561", "verified": false, "public_metrics": {"followers_count": 43, "following_count": 418, "tweet_count": 14468, "listed_count": 0}, "username": "uzzisal", "name": "H. Uzz Urib"}]}, "matching_rules": [{"id": 1401764684680683524, "tag": "Clara Luz"}]}