{"data": {"entities": {"annotations": [{"start": 53, "end": 57, "probability": 0.7524, "type": "Person", "normalized_text": "Reyna"}], "mentions": [{"start": 0, "end": 15, "username": "claraluzflores"}]}, "in_reply_to_user_id": "224678647", "author_id": "575614805", "source": "Twitter for Android", "created_at": "2021-06-07T05:28:15.000Z", "text": "@claraluzflores Cerrados?\ud83e\udd23\ud83e\udd21\ud83c\udfaaest\u00e1s en 4to lugar mi Reyna, de que hablas?", "id": "1401772972831031299", "referenced_tweets": [{"type": "replied_to", "id": "1401692802854047745"}], "public_metrics": {"retweet_count": 0, "reply_count": 0, "like_count": 0, "quote_count": 0}}, "includes": {"users": [{"location": "New Hope, M\u00e9xico", "protected": false, "created_at": "2012-05-09T19:29:56.000Z", "description": "#Incomparable \ud83d\udc2f Defensa Central y chingador de rodillas.| \nFan de lo b\u00e1sico, nada fant\u00e1stico.", "id": "575614805", "verified": false, "public_metrics": {"followers_count": 133, "following_count": 720, "tweet_count": 3582, "listed_count": 2}, "username": "Eduardo_VargasS", "name": "Eduardo Vargas"}]}, "matching_rules": [{"id": 1401767939779436549, "tag": "Clara Luz"}]}