{"data": {"entities": {"annotations": [{"start": 28, "end": 37, "probability": 0.3005, "type": "Place", "normalized_text": "Nuevo Le\u00f3n"}, {"start": 48, "end": 56, "probability": 0.9625, "type": "Place", "normalized_text": "Monterrey"}, {"start": 67, "end": 73, "probability": 0.6058, "type": "Place", "normalized_text": "Colosio"}, {"start": 117, "end": 122, "probability": 0.905, "type": "Person", "normalized_text": "Maril\u00fa"}, {"start": 133, "end": 138, "probability": 0.9815, "type": "Person", "normalized_text": "Marian"}], "mentions": [{"start": 3, "end": 18, "username": "samuel_garcias"}]}, "author_id": "97299460", "source": "Twitter for Android", "created_at": "2021-06-07T04:57:45.000Z", "text": "RT @samuel_garcias: Gracias Nuevo Le\u00f3n, gracias Monterrey, gracias Colosio por acompa\u00f1arnos en esta batalla, gracias Maril\u00fa, gracias Marian\u2026", "id": "1401765299544801280", "referenced_tweets": [{"type": "retweeted", "id": "1401734693049946115"}], "public_metrics": {"retweet_count": 104, "reply_count": 0, "like_count": 0, "quote_count": 0}}, "includes": {"users": [{"location": "\u00dcT: 24.850283,-99.573675", "protected": false, "created_at": "2009-12-16T22:05:31.000Z", "description": "CI to be\n \nPowerlifter\nCowboy \ud83d\udc34", "id": "97299460", "verified": false, "public_metrics": {"followers_count": 353, "following_count": 247, "tweet_count": 14617, "listed_count": 0}, "username": "_hernieengineer", "name": "Hernan Leal"}]}, "matching_rules": [{"id": 1401764684680683523, "tag": "Samuel Garcia"}]}