{"data": {"entities": {"annotations": [{"start": 36, "end": 44, "probability": 0.9033, "type": "Person", "normalized_text": "Clara Luz"}], "mentions": [{"start": 3, "end": 15, "username": "_TioGamboin"}, {"start": 17, "end": 26, "username": "Ferchovg"}]}, "author_id": "255597786", "source": "Twitter for iPhone", "created_at": "2021-06-07T05:28:23.000Z", "text": "RT @_TioGamboin: @Ferchovg De eso a Clara Luz...", "id": "1401773009711501313", "referenced_tweets": [{"type": "retweeted", "id": "1401772965079965696"}], "public_metrics": {"retweet_count": 1, "reply_count": 0, "like_count": 0, "quote_count": 0}}, "includes": {"users": [{"protected": false, "created_at": "2011-02-21T17:56:30.000Z", "description": "", "id": "255597786", "verified": false, "public_metrics": {"followers_count": 1043, "following_count": 3210, "tweet_count": 164823, "listed_count": 7}, "username": "mizpaidem", "name": "Lex Luthor"}]}, "matching_rules": [{"id": 1401767939779436549, "tag": "Clara Luz"}]}