{"data": {"entities": {"annotations": [{"start": 65, "end": 73, "probability": 0.9045, "type": "Place", "normalized_text": "Quer\u00e9taro"}, {"start": 111, "end": 118, "probability": 0.6326, "type": "Place", "normalized_text": "Tlaxcala"}], "mentions": [{"start": 0, "end": 10, "username": "INEMexico"}, {"start": 30, "end": 45, "username": "MovCiudadanoMX"}, {"start": 48, "end": 63, "username": "samuel_garcias"}, {"start": 80, "end": 95, "username": "AccionNacional"}, {"start": 100, "end": 107, "username": "makugo"}, {"start": 125, "end": 141, "username": "PartidoMorenaMx"}, {"start": 144, "end": 158, "username": "LorenaCuellar"}]}, "in_reply_to_user_id": "1229659311334416389", "author_id": "1229659311334416389", "source": "Twitter for Android", "created_at": "2021-06-07T05:28:27.000Z", "text": "@INEMexico Nuevo Le\u00f3n es para @MovCiudadanoMX y @samuel_garcias, Quer\u00e9taro para @AccionNacional con @makugo  y Tlaxcala para @PartidoMorenaMx y @LorenaCuellar", "id": "1401773025746460674", "referenced_tweets": [{"type": "replied_to", "id": "1401765585059561472"}], "public_metrics": {"retweet_count": 0, "reply_count": 0, "like_count": 0, "quote_count": 0}}, "includes": {"users": [{"protected": false, "created_at": "2020-02-18T06:50:18.000Z", "description": "Sin religi\u00f3n pol\u00edtica, creyente de la raz\u00f3n y la justicia, fiel a la dignidad, y respetable de la humanidad! Natural como la naturaleza! Feliz con mi felicidad!", "id": "1229659311334416389", "verified": false, "public_metrics": {"followers_count": 4, "following_count": 140, "tweet_count": 223, "listed_count": 0}, "username": "EdgarCG08613155", "name": "Edgar CG"}]}, "matching_rules": [{"id": 1401767939779436548, "tag": "Samuel Garcia"}]}