{"data": {"entities": {"annotations": [{"start": 49, "end": 54, "probability": 0.7229, "type": "Person", "normalized_text": "Samuel"}, {"start": 152, "end": 158, "probability": 0.9906, "type": "Person", "normalized_text": "Mariana"}], "mentions": [{"start": 0, "end": 15, "username": "samuel_garcias"}]}, "in_reply_to_user_id": "258973851", "author_id": "1374852638844534788", "source": "Twitter for iPhone", "created_at": "2021-06-07T05:28:27.000Z", "text": "@samuel_garcias Muchas Felicidades y Bendiciones Samuel se que lo vas hacer muy bien y te seguimos apoyando te env\u00edo un fuerte abrazo \ud83e\udd17 para ti y para Mariana pero sobre todo a tu Mam\u00e1 que nunca te dejo cada ves que la ve\u00eda en campa\u00f1aba me imaginaba todo el apoyo de ella es una gran Bendici\u00f3n", "id": "1401773026623070211", "referenced_tweets": [{"type": "replied_to", "id": "1401748701450625030"}], "public_metrics": {"retweet_count": 0, "reply_count": 0, "like_count": 0, "quote_count": 0}}, "includes": {"users": [{"protected": false, "created_at": "2021-03-24T22:36:53.000Z", "description": "\u2764\ufe0f\ud83c\udf38\u2764\ufe0f\ud83c\udf38\u2764\ufe0f\ud83c\udf38\u2764\ufe0f\ud83c\udf38", "id": "1374852638844534788", "verified": false, "public_metrics": {"followers_count": 0, "following_count": 4, "tweet_count": 1, "listed_count": 0}, "username": "MRmg08", "name": "m_rmg08@icloud.com"}]}, "matching_rules": [{"id": 1401767939779436548, "tag": "Samuel Garcia"}]}