{"data": {"entities": {"annotations": [{"start": 52, "end": 60, "probability": 0.7718, "type": "Person", "normalized_text": "Clara Luz"}, {"start": 63, "end": 71, "probability": 0.8632, "type": "Place", "normalized_text": "Monterrey"}], "mentions": [{"start": 3, "end": 12, "username": "androd25"}, {"start": 14, "end": 27, "username": "ibarra_pablo"}]}, "author_id": "255597786", "source": "Twitter for iPhone", "created_at": "2021-06-07T05:28:28.000Z", "text": "RT @androd25: @ibarra_pablo \u201cNo hay cuarto malo.\u201d - Clara Luz, Monterrey, 2021", "id": "1401773027231109126", "referenced_tweets": [{"type": "retweeted", "id": "1401772909119651841"}], "public_metrics": {"retweet_count": 1, "reply_count": 0, "like_count": 0, "quote_count": 0}}, "includes": {"users": [{"protected": false, "created_at": "2011-02-21T17:56:30.000Z", "description": "", "id": "255597786", "verified": false, "public_metrics": {"followers_count": 1043, "following_count": 3210, "tweet_count": 164823, "listed_count": 7}, "username": "mizpaidem", "name": "Lex Luthor"}]}, "matching_rules": [{"id": 1401767939779436549, "tag": "Clara Luz"}]}