{"data": {"in_reply_to_user_id": "175087884", "author_id": "1200275870365241344", "source": "Twitter for Android", "created_at": "2021-06-07T05:28:50.000Z", "text": "@AtzPalomares @bocam27031 @HadjySaurux @samuel_garcias Depende, \u00bfEs el mismo recurso que usamos para mantener el avi\u00f3n presidencial? \u00bfO para comprar equipos de b\u00e9isbol? \u00bfO para ni\u00f1erias del presidente? Dependiendo del cu\u00e1l sea el caso, ser\u00e1 tu respuesta", "id": "1401773120046907396", "entities": {"mentions": [{"start": 0, "end": 13, "username": "AtzPalomares"}, {"start": 14, "end": 25, "username": "bocam27031"}, {"start": 26, "end": 38, "username": "HadjySaurux"}, {"start": 39, "end": 54, "username": "samuel_garcias"}]}, "referenced_tweets": [{"type": "replied_to", "id": "1401771980978720772"}], "context_annotations": [{"domain": {"id": "11", "name": "Sport", "description": "Types of sports, like soccer and basketball"}, "entity": {"id": "769193663230468096", "name": "Baseball"}}], "public_metrics": {"retweet_count": 0, "reply_count": 0, "like_count": 0, "quote_count": 0}}, "includes": {"users": [{"protected": false, "created_at": "2019-11-29T04:50:58.000Z", "description": "Ya ni se que hacer conmigo mismo...", "id": "1200275870365241344", "verified": false, "public_metrics": {"followers_count": 8, "following_count": 138, "tweet_count": 70, "listed_count": 0}, "username": "Mailsalas", "name": "Liam Salas"}]}, "matching_rules": [{"id": 1401767939779436548, "tag": "Samuel Garcia"}]}