{"data": {"entities": {"annotations": [{"start": 50, "end": 52, "probability": 0.9386, "type": "Place", "normalized_text": "Mty"}], "mentions": [{"start": 0, "end": 15, "username": "samuel_garcias"}]}, "in_reply_to_user_id": "258973851", "author_id": "3163119164", "source": "Twitter for iPhone", "created_at": "2021-06-07T05:28:51.000Z", "text": "@samuel_garcias Me mama que no exista el covid en Mty.", "id": "1401773125260300291", "referenced_tweets": [{"type": "replied_to", "id": "1401748701450625030"}], "context_annotations": [{"domain": {"id": "123", "name": "Ongoing News Story", "description": "Ongoing News Stories like 'Brexit'"}, "entity": {"id": "1220701888179359745", "name": "COVID-19"}}], "public_metrics": {"retweet_count": 0, "reply_count": 0, "like_count": 0, "quote_count": 0}}, "includes": {"users": [{"protected": false, "created_at": "2015-04-19T00:45:12.000Z", "description": "sarcasmo, parodia, fake y todas esas mamadas.", "id": "3163119164", "verified": false, "public_metrics": {"followers_count": 4627, "following_count": 432, "tweet_count": 8214, "listed_count": 41}, "username": "f_de_fxrnxndx", "name": "Leon Sabroso Kenedy"}]}, "matching_rules": [{"id": 1401767939779436548, "tag": "Samuel Garcia"}]}