{"data": {"entities": {"annotations": [{"start": 45, "end": 48, "probability": 0.9521, "type": "Organization", "normalized_text": "PREP"}], "mentions": [{"start": 3, "end": 18, "username": "samuel_garcias"}]}, "author_id": "953088801261277184", "source": "Twitter for iPhone", "created_at": "2021-06-07T04:55:21.000Z", "text": "RT @samuel_garcias: Estamos muy contentos,el PREP confirma la tendencia favorable de 10% de ventaja sobre el candidato m\u00e1s cercano.Todos qu\u2026", "id": "1401764697024630787", "referenced_tweets": [{"type": "retweeted", "id": "1401748701450625030"}], "public_metrics": {"retweet_count": 146, "reply_count": 0, "like_count": 0, "quote_count": 0}}, "includes": {"users": [{"location": "Monterrey, Nuevo Le\u00f3n", "protected": false, "created_at": "2018-01-16T02:17:32.000Z", "description": "VI.II.MMXX \ud83d\ude4f\ud83c\udffc Piu Avanti \u261d\ud83c\udffc\ud83d\udc2f", "id": "953088801261277184", "verified": false, "public_metrics": {"followers_count": 127, "following_count": 613, "tweet_count": 3220, "listed_count": 0}, "username": "davidghdz08", "name": "David Garcia \ud83c\uddf8\ud83c\uddea"}]}, "matching_rules": [{"id": 1401764684680683523, "tag": "Samuel Garcia"}]}