{"data": {"entities": {"annotations": [{"start": 126, "end": 130, "probability": 0.9808, "type": "Place", "normalized_text": "Texas"}], "mentions": [{"start": 3, "end": 17, "username": "ProfesorDoval"}, {"start": 39, "end": 55, "username": "AntonioAttolini"}, {"start": 66, "end": 79, "username": "Mx_Diputados"}, {"start": 82, "end": 97, "username": "claraluzflores"}]}, "author_id": "1196276095055646720", "source": "Twitter for Android", "created_at": "2021-06-07T04:57:52.000Z", "text": "RT @ProfesorDoval: Alegr\u00edas del norte: @AntonioAttolini no pisar\u00e1 @Mx_Diputados y @claraluzflores ya se dedica al shopping en Texas.", "id": "1401765328296710144", "referenced_tweets": [{"type": "retweeted", "id": "1401761791005249539"}], "public_metrics": {"retweet_count": 1, "reply_count": 0, "like_count": 0, "quote_count": 0}}, "includes": {"users": [{"protected": false, "created_at": "2019-11-18T03:58:25.000Z", "description": "Libre por elecci\u00f3n, amante del senderismo, viajar es mi pasi\u00f3n \n#RxM", "id": "1196276095055646720", "verified": false, "public_metrics": {"followers_count": 684, "following_count": 557, "tweet_count": 14848, "listed_count": 1}, "username": "EmilianoTeurer", "name": "Emiliano Teurer"}]}, "matching_rules": [{"id": 1401764684680683524, "tag": "Clara Luz"}]}