{"data": {"author_id": "255597786", "source": "Twitter for iPhone", "created_at": "2021-06-07T05:29:01.000Z", "text": "RT @ohohomix: Me mama clara luz", "id": "1401773165756387329", "entities": {"mentions": [{"start": 3, "end": 12, "username": "ohohomix"}]}, "referenced_tweets": [{"type": "retweeted", "id": "1401772141398441985"}], "public_metrics": {"retweet_count": 1, "reply_count": 0, "like_count": 0, "quote_count": 0}}, "includes": {"users": [{"protected": false, "created_at": "2011-02-21T17:56:30.000Z", "description": "", "id": "255597786", "verified": false, "public_metrics": {"followers_count": 1043, "following_count": 3210, "tweet_count": 164829, "listed_count": 7}, "username": "mizpaidem", "name": "Lex Luthor"}]}, "matching_rules": [{"id": 1401767939779436549, "tag": "Clara Luz"}]}