{"data": {"in_reply_to_user_id": "1174488517977825285", "author_id": "1061800196173062144", "source": "Twitter for iPhone", "created_at": "2021-06-07T05:29:01.000Z", "text": "@MrLotario @FerLarrazabalNL De haber podido pasar a la historia como alguien inteligente y asegurar un lugar en la pol\u00edtica de NL su soberbia le jugo chueco.", "id": "1401773167513772033", "entities": {"mentions": [{"start": 0, "end": 10, "username": "MrLotario"}, {"start": 11, "end": 27, "username": "FerLarrazabalNL"}]}, "referenced_tweets": [{"type": "replied_to", "id": "1401765409204883456"}], "public_metrics": {"retweet_count": 0, "reply_count": 0, "like_count": 0, "quote_count": 0}}, "includes": {"users": [{"location": "M\u00e9xico", "protected": false, "created_at": "2018-11-12T01:57:48.000Z", "description": "te dir\u00e9 que s\u00ed,  para que no te enojes", "id": "1061800196173062144", "verified": false, "public_metrics": {"followers_count": 262, "following_count": 306, "tweet_count": 7231, "listed_count": 0}, "username": "nmup181", "name": "Daniel Cuenca"}]}, "matching_rules": [{"id": 1401767939779436546, "tag": "Fernando Larrazabal"}]}