{"data": {"entities": {"annotations": [{"start": 29, "end": 43, "probability": 0.9983, "type": "Person", "normalized_text": "Daniel Carrillo"}, {"start": 72, "end": 86, "probability": 0.4387, "type": "Organization", "normalized_text": "San Nicol\u00e1s PAN"}], "mentions": [{"start": 207, "end": 215, "username": "mexnewz"}, {"start": 216, "end": 230, "username": "LoQuePasaEnNL"}, {"start": 231, "end": 244, "username": "SoyDeSanNico"}, {"start": 245, "end": 261, "username": "FerLarrazabalNL"}], "urls": [{"start": 262, "end": 285, "url": "https://t.co/MAqyKvRBsq", "expanded_url": "https://twitter.com/reportecoco/status/1401765331924705281/photo/1", "display_url": "pic.twitter.com/MAqyKvRBsq"}]}, "author_id": "112924377", "source": "Twitter for iPhone", "created_at": "2021-06-07T04:57:53.000Z", "text": "Aunque todav\u00eda no es oficial Daniel Carrillo candidato a la alcald\u00eda de San Nicol\u00e1s PAN reconoci\u00f3 una tendencia definitiva e irreversible con los reportes de las actas registradas a las 22:30 hrs a su favor @mexnewz @LoQuePasaEnNL @SoyDeSanNico @FerLarrazabalNL https://t.co/MAqyKvRBsq", "id": "1401765331924705281", "attachments": {"media_keys": ["3_1401765328082718722"]}, "public_metrics": {"retweet_count": 0, "reply_count": 0, "like_count": 0, "quote_count": 0}}, "includes": {"users": [{"protected": false, "created_at": "2010-02-10T04:12:41.000Z", "description": "periodista de 30 a\u00f1os de carrera", "id": "112924377", "verified": false, "public_metrics": {"followers_count": 853, "following_count": 482, "tweet_count": 24668, "listed_count": 10}, "username": "reportecoco", "name": "Personajes"}]}, "matching_rules": [{"id": 1401764684680683525, "tag": "Fernando Larrazabal"}]}