{"data": {"entities": {"annotations": [{"start": 28, "end": 32, "probability": 0.8489, "type": "Person", "normalized_text": "lopez"}], "urls": [{"start": 50, "end": 73, "url": "https://t.co/X9OCaK0Fyp", "expanded_url": "https://twitter.com/alternativas_si/status/1401769725085028354", "display_url": "twitter.com/alternativas_s\u2026"}]}, "author_id": "1308618262759038977", "source": "Twitter for iPad", "created_at": "2021-06-07T05:29:05.000Z", "text": "Nuevo Le\u00f3n tendr\u00e1 regente , lopez los gobernar\u00e1 , https://t.co/X9OCaK0Fyp", "id": "1401773184324616193", "referenced_tweets": [{"type": "quoted", "id": "1401769725085028354"}], "context_annotations": [{"domain": {"id": "10", "name": "Person", "description": "Named people in the world like Nelson Mandela"}, "entity": {"id": "905182543464472576", "name": "Andres Manuel Lopez Obrador", "description": "President of Mexico"}}, {"domain": {"id": "35", "name": "Politician", "description": "Politicians in the world, like Joe Biden"}, "entity": {"id": "905182543464472576", "name": "Andres Manuel Lopez Obrador", "description": "President of Mexico"}}], "public_metrics": {"retweet_count": 0, "reply_count": 0, "like_count": 0, "quote_count": 0}}, "includes": {"users": [{"location": "Cuauht\u00e9moc, Distrito Federal", "protected": false, "created_at": "2020-09-23T04:04:56.000Z", "description": "Contador Publico, Abogado, un M\u00e9xico de prosperidad libre de populistas, fan\u00e1ticos de lopez abst\u00e9nganse. es nuestra responsabilidad ciudadana recuperar M\u00e9xico", "id": "1308618262759038977", "verified": false, "public_metrics": {"followers_count": 2462, "following_count": 3830, "tweet_count": 48882, "listed_count": 1}, "username": "ElizaldeJR3", "name": "ElizaldeJR"}]}, "matching_rules": [{"id": 1401767939779436548, "tag": "Samuel Garcia"}]}