{"data": {"author_id": "1183486634785935363", "source": "Twitter for Android", "created_at": "2021-06-07T05:29:06.000Z", "text": "RT @mau_rodriguez77: Borregazos de @samuel_garcias y @AdrianDeLaGarza, los dos se declaran ganadores. @claraluzflores advierte que el final\u2026", "id": "1401773188305068032", "entities": {"mentions": [{"start": 3, "end": 19, "username": "mau_rodriguez77"}, {"start": 35, "end": 50, "username": "samuel_garcias"}, {"start": 53, "end": 69, "username": "AdrianDeLaGarza"}, {"start": 102, "end": 117, "username": "claraluzflores"}]}, "referenced_tweets": [{"type": "retweeted", "id": "1401680721597669380"}], "public_metrics": {"retweet_count": 108, "reply_count": 0, "like_count": 0, "quote_count": 0}}, "includes": {"users": [{"location": "Zapopan, Jalisco", "protected": false, "created_at": "2019-10-13T20:56:38.000Z", "description": "Cesar coello", "id": "1183486634785935363", "verified": false, "public_metrics": {"followers_count": 11, "following_count": 28, "tweet_count": 490, "listed_count": 0}, "username": "MariIsabelLpez1", "name": "Mari Isabel L\u00f3pez Rodriguez"}]}, "matching_rules": [{"id": 1401767939779436547, "tag": "Adrian de la Garza"}, {"id": 1401767939779436548, "tag": "Samuel Garcia"}, {"id": 1401767939779436549, "tag": "Clara Luz"}]}