{"data": {"entities": {"annotations": [{"start": 20, "end": 28, "probability": 0.924, "type": "Person", "normalized_text": "Clara Luz"}, {"start": 67, "end": 72, "probability": 0.9894, "type": "Person", "normalized_text": "Adri\u00e1n"}, {"start": 76, "end": 83, "probability": 0.7073, "type": "Person", "normalized_text": "Samuel"}], "mentions": [{"start": 3, "end": 18, "username": "PortillogMayra"}]}, "author_id": "3427647553", "source": "Twitter for Android", "created_at": "2021-06-07T05:29:23.000Z", "text": "RT @PortillogMayra: Clara Luz nervios\u00edsima\n\nno est\u00e1 segura si gana Adri\u00e1n o Samuel \n\n\ud83d\ude06", "id": "1401773260765794305", "referenced_tweets": [{"type": "retweeted", "id": "1401682268943437824"}], "public_metrics": {"retweet_count": 701, "reply_count": 0, "like_count": 0, "quote_count": 0}}, "includes": {"users": [{"protected": false, "created_at": "2015-09-02T16:29:34.000Z", "description": "", "id": "3427647553", "verified": false, "public_metrics": {"followers_count": 37, "following_count": 227, "tweet_count": 6476, "listed_count": 0}, "username": "Wolf_Spawn2000", "name": "Angel Hernandez"}]}, "matching_rules": [{"id": 1401767939779436549, "tag": "Clara Luz"}]}