{"data": {"entities": {"annotations": [{"start": 31, "end": 43, "probability": 0.9977, "type": "Person", "normalized_text": "Samuel Garc\u00eda"}, {"start": 62, "end": 71, "probability": 0.939, "type": "Place", "normalized_text": "Nuevo Le\u00f3n"}, {"start": 74, "end": 82, "probability": 0.6929, "type": "Person", "normalized_text": "Clara Luz"}], "mentions": [{"start": 3, "end": 14, "username": "latinus_us"}], "hashtags": [{"start": 16, "end": 29, "tag": "Elecci\u00f3n2021"}, {"start": 128, "end": 136, "tag": "Latinus"}]}, "author_id": "389151398", "source": "Twitter for Android", "created_at": "2021-06-07T05:29:28.000Z", "text": "RT @latinus_us: #Elecci\u00f3n2021. Samuel Garc\u00eda lleva ventaja en Nuevo Le\u00f3n; Clara Luz se va al cuarto lugar, seg\u00fan conteo r\u00e1pido.\n#Latinus #I\u2026", "id": "1401773280235864094", "referenced_tweets": [{"type": "retweeted", "id": "1401769712237821953"}], "public_metrics": {"retweet_count": 29, "reply_count": 0, "like_count": 0, "quote_count": 0}}, "includes": {"users": [{"location": "\ud83c\uddf2\ud83c\uddfd\ud83c\udfd6\ufe0f\u26f0\ufe0f\ud83d\ude9c\ud83d\ude9a\ud83c\udfc8", "protected": false, "created_at": "2011-10-11T23:14:58.000Z", "description": "Cuando el esp\u00edritu se desprende de la materia va en busca de su propia liberaci\u00f3n", "id": "389151398", "verified": false, "public_metrics": {"followers_count": 197, "following_count": 544, "tweet_count": 31797, "listed_count": 0}, "username": "diegobravovelaz", "name": "diegobravovelazquez"}]}, "matching_rules": [{"id": 1401767939779436549, "tag": "Clara Luz"}]}