{"data": {"author_id": "239143301", "source": "Twitter for Android", "created_at": "2021-06-07T05:29:45.000Z", "text": "RT @HCaballero: Tsss... que desmascarsda le dieron a @samuel_garcias ... https://t.co/1maJLzmmWo", "id": "1401773351761170434", "entities": {"mentions": [{"start": 3, "end": 14, "username": "HCaballero"}, {"start": 53, "end": 68, "username": "samuel_garcias"}], "urls": [{"start": 73, "end": 96, "url": "https://t.co/1maJLzmmWo", "expanded_url": "https://twitter.com/HCaballero/status/1401734034548461570/video/1", "display_url": "pic.twitter.com/1maJLzmmWo"}]}, "referenced_tweets": [{"type": "retweeted", "id": "1401734034548461570"}], "attachments": {"media_keys": ["7_1401733901253500929"]}, "public_metrics": {"retweet_count": 26, "reply_count": 0, "like_count": 0, "quote_count": 0}}, "includes": {"users": [{"location": "\ud83c\udf0e", "protected": false, "created_at": "2011-01-16T22:53:59.000Z", "description": "100% ANTI AMLO", "id": "239143301", "verified": false, "public_metrics": {"followers_count": 1035, "following_count": 1825, "tweet_count": 71722, "listed_count": 0}, "username": "tessia011", "name": "TessiA\ud83c\udd92\ud83c\udd97"}]}, "matching_rules": [{"id": 1401767939779436548, "tag": "Samuel Garcia"}]}