{"data": {"entities": {"annotations": [{"start": 25, "end": 37, "probability": 0.9973, "type": "Person", "normalized_text": "Samuel Garcia"}], "mentions": [{"start": 3, "end": 11, "username": "panaclo"}, {"start": 126, "end": 133, "username": "jshm00"}]}, "author_id": "881021444", "source": "Twitter Web App", "created_at": "2021-06-07T05:29:46.000Z", "text": "RT @panaclo: El que gane Samuel Garcia es el triunfo de una generaci\u00f3n de influencers , que ganan aunque digan barbaridades . @jshm00", "id": "1401773357956141057", "referenced_tweets": [{"type": "retweeted", "id": "1401768546879696899"}], "public_metrics": {"retweet_count": 7, "reply_count": 0, "like_count": 0, "quote_count": 0}}, "includes": {"users": [{"protected": false, "created_at": "2012-10-14T21:25:46.000Z", "description": "We\u00b4ve both have light and dark inside of us. What matters is the path we choose to act on. That\u00b4s who we really are.", "id": "881021444", "verified": false, "public_metrics": {"followers_count": 599, "following_count": 1441, "tweet_count": 113243, "listed_count": 16}, "username": "adnoctumsemper", "name": "Ang\u00e9lica"}]}, "matching_rules": [{"id": 1401767939779436548, "tag": "Samuel Garcia"}]}