{"data": {"entities": {"annotations": [{"start": 45, "end": 54, "probability": 0.9176, "type": "Place", "normalized_text": "Nuevo Le\u00f3n"}], "mentions": [{"start": 3, "end": 11, "username": "ZMyBerg"}]}, "author_id": "112558303", "source": "Twitter for iPad", "created_at": "2021-06-07T05:29:53.000Z", "text": "RT @ZMyBerg: Lo que hicieron los panistas en Nuevo Le\u00f3n debe ser considerado traici\u00f3n a la patria. Hagan chang\u00fcitos para que @AdrianDeLaGar\u2026", "id": "1401773387152822274", "referenced_tweets": [{"type": "retweeted", "id": "1401743820899893249"}], "public_metrics": {"retweet_count": 222, "reply_count": 0, "like_count": 0, "quote_count": 0}}, "includes": {"users": [{"location": "Morelos", "protected": false, "created_at": "2010-02-08T23:08:47.000Z", "description": "Ingeniera Civil egresada de la Univer, con estudios de posgrado en Los Angeles Ca. y enorme simpat\u00eda", "id": "112558303", "verified": false, "public_metrics": {"followers_count": 287, "following_count": 378, "tweet_count": 10239, "listed_count": 0}, "username": "zarkare", "name": "karen salazar Kuri"}]}, "matching_rules": [{"id": 1401767939779436547, "tag": "Adrian de la Garza"}]}