{"data": {"entities": {"annotations": [{"start": 26, "end": 38, "probability": 0.9859, "type": "Person", "normalized_text": "SAMUEL GARC\u00cdA"}, {"start": 45, "end": 56, "probability": 0.478, "type": "Person", "normalized_text": "GUBERNATURA"}, {"start": 93, "end": 105, "probability": 0.9992, "type": "Person", "normalized_text": "Samuel Garc\u00eda"}], "mentions": [{"start": 3, "end": 12, "username": "emeequis"}]}, "author_id": "185810867", "source": "Twitter for iPhone", "created_at": "2021-06-07T05:30:14.000Z", "text": "RT @emeequis: NUEVO LE\u00d3N: SAMUEL GARC\u00cdA GANA GUBERNATURA\n\nSeg\u00fan resultados de conteo r\u00e1pido, Samuel Garc\u00eda (MC) obtiene porcentaje de entre\u2026", "id": "1401773473865760773", "referenced_tweets": [{"type": "retweeted", "id": "1401770806607290368"}], "public_metrics": {"retweet_count": 5, "reply_count": 0, "like_count": 0, "quote_count": 0}}, "includes": {"users": [{"protected": false, "created_at": "2010-09-01T22:10:34.000Z", "description": "Defendiendo el espacio p\u00fablico.", "id": "185810867", "verified": false, "public_metrics": {"followers_count": 789, "following_count": 2508, "tweet_count": 43552, "listed_count": 14}, "username": "bugupido", "name": "Chamuco"}]}, "matching_rules": [{"id": 1401767939779436549, "tag": "Clara Luz"}]}