{"data": {"entities": {"annotations": [{"start": 34, "end": 37, "probability": 0.7101, "type": "Place", "normalized_text": "N.L."}, {"start": 117, "end": 126, "probability": 0.9257, "type": "Place", "normalized_text": "Nuevo Le\u00f3n"}, {"start": 129, "end": 141, "probability": 0.993, "type": "Person", "normalized_text": "Samuel Garc\u00eda"}, {"start": 144, "end": 163, "probability": 0.511, "type": "Organization", "normalized_text": "Movimiento Ciudadano"}, {"start": 168, "end": 185, "probability": 0.9636, "type": "Person", "normalized_text": "Adri\u00e1n De la Garza"}], "mentions": [{"start": 0, "end": 14, "username": "JohnMAckerman"}, {"start": 15, "end": 25, "username": "LaJornada"}, {"start": 39, "end": 54, "username": "claraluzflores"}]}, "in_reply_to_user_id": "200932969", "author_id": "868448219889635329", "source": "Twitter Web App", "created_at": "2021-06-07T05:30:18.000Z", "text": "@JohnMAckerman @LaJornada Aca  en N.L.\n@claraluzflores FRACASO  con un 12 %\nque tristeza  Los candidatos punteros en Nuevo Le\u00f3n, Samuel Garc\u00eda (Movimiento Ciudadano) y Adri\u00e1n De la Garza (PRI-PRD),", "id": "1401773491775492101", "referenced_tweets": [{"type": "replied_to", "id": "1401768285096452098"}], "public_metrics": {"retweet_count": 0, "reply_count": 0, "like_count": 0, "quote_count": 0}}, "includes": {"users": [{"location": "Santa Catarina, Nuevo Le\u00f3n", "protected": false, "created_at": "2017-05-27T12:46:05.000Z", "description": "", "id": "868448219889635329", "verified": false, "public_metrics": {"followers_count": 191, "following_count": 479, "tweet_count": 4104, "listed_count": 0}, "username": "Rara7024Rangel", "name": "rafael moreno rangel"}]}, "matching_rules": [{"id": 1401767939779436549, "tag": "Clara Luz"}]}