{"data": {"entities": {"annotations": [{"start": 2, "end": 10, "probability": 0.9315, "type": "Person", "normalized_text": "Clara Luz"}, {"start": 18, "end": 27, "probability": 0.5155, "type": "Person", "normalized_text": "Larrazabal"}]}, "author_id": "314284167", "source": "Twitter for Android", "created_at": "2021-06-07T05:30:35.000Z", "text": "A Clara Luz hasta Larrazabal le gan\u00f3, ching\u00f3n\n\nAhora, ojo con las diputaciones \ud83d\ude25", "id": "1401773562239856643", "public_metrics": {"retweet_count": 0, "reply_count": 0, "like_count": 0, "quote_count": 0}}, "includes": {"users": [{"protected": false, "created_at": "2011-06-10T00:44:25.000Z", "description": "Hincha del Monterrey as\u00ed nomas. \u24c2\ufe0f", "id": "314284167", "verified": false, "public_metrics": {"followers_count": 434, "following_count": 1419, "tweet_count": 13203, "listed_count": 1}, "username": "pavloalmaguer", "name": "El Becerril"}]}, "matching_rules": [{"id": 1401767939779436549, "tag": "Clara Luz"}]}