{"data": {"entities": {"annotations": [{"start": 21, "end": 33, "probability": 0.9969, "type": "Person", "normalized_text": "Samuel Garcia"}, {"start": 58, "end": 67, "probability": 0.3195, "type": "Person", "normalized_text": "Nuevo Leon"}, {"start": 92, "end": 101, "probability": 0.2994, "type": "Person", "normalized_text": "Nuevo Leon"}], "mentions": [{"start": 3, "end": 18, "username": "eduardoavelarc"}], "urls": [{"start": 104, "end": 127, "url": "https://t.co/SdpbLvbLJc", "expanded_url": "https://twitter.com/eduardoavelarc/status/1401698749265723392/photo/1", "display_url": "pic.twitter.com/SdpbLvbLJc"}]}, "author_id": "1068747925142917120", "source": "Twitter for Android", "created_at": "2021-06-07T05:30:37.000Z", "text": "RT @eduardoavelarc: *Samuel Garcia gana la gobernatura de Nuevo Leon*\n\n-Los que no somos de Nuevo Leon: https://t.co/SdpbLvbLJc", "id": "1401773569063800833", "referenced_tweets": [{"type": "retweeted", "id": "1401698749265723392"}], "attachments": {"media_keys": ["3_1401698745775968259"]}, "public_metrics": {"retweet_count": 661, "reply_count": 0, "like_count": 0, "quote_count": 0}}, "includes": {"users": [{"location": "S\u00edgueme y Te Sigo \ud83d\udcaa\ud83c\udffb", "protected": false, "created_at": "2018-12-01T06:05:36.000Z", "description": "\u2764\ufe0f \ud835\udced\ud835\udcea\ud835\udcf7\ud835\udcec\ud835\udcee, \ud835\udcef\ud835\udcfb\ud835\udcf8\ud835\udcf6 \ud835\udcfd\ud835\udcf1\ud835\udcee \ud835\udced\ud835\udcf2\ud835\udcfc\ud835\udcfd\ud835\udcf8\ud835\udcfb\ud835\udcfd\ud835\udcf2\ud835\udcf8\ud835\udcf7... \ud83e\udd0d\n\n\ud83d\udccc Acu\u00f1a, Coahuila \ud83c\uddf2\ud83c\uddfd", "id": "1068747925142917120", "verified": false, "public_metrics": {"followers_count": 2212, "following_count": 2799, "tweet_count": 520, "listed_count": 0}, "username": "Joseroqueoff", "name": "Jose Roque \u2763"}]}, "matching_rules": [{"id": 1401767939779436548, "tag": "Samuel Garcia"}]}