{"data": {"in_reply_to_user_id": "49896014", "author_id": "240476006", "source": "Twitter for Android", "created_at": "2021-06-07T05:30:43.000Z", "text": "@cesarmty @MovCiudadanoNL @samuel_garcias @INEMexico @AdrianDeLaGarza imb\u00e9cil esti\u00e9rcol de marranos ... enga\u00f1a pendejos ..", "id": "1401773595852951552", "entities": {"mentions": [{"start": 0, "end": 9, "username": "cesarmty"}, {"start": 10, "end": 25, "username": "MovCiudadanoNL"}, {"start": 26, "end": 41, "username": "samuel_garcias"}, {"start": 42, "end": 52, "username": "INEMexico"}, {"start": 53, "end": 69, "username": "AdrianDeLaGarza"}]}, "referenced_tweets": [{"type": "replied_to", "id": "1401768443108499458"}], "public_metrics": {"retweet_count": 0, "reply_count": 0, "like_count": 0, "quote_count": 0}}, "includes": {"users": [{"location": "monterrey, mexico", "protected": false, "created_at": "2011-01-20T01:01:18.000Z", "description": "", "id": "240476006", "verified": false, "public_metrics": {"followers_count": 429, "following_count": 1141, "tweet_count": 15100, "listed_count": 6}, "username": "bobbysite", "name": "roberto barajas"}]}, "matching_rules": [{"id": 1401767939779436547, "tag": "Adrian de la Garza"}, {"id": 1401767939779436548, "tag": "Samuel Garcia"}]}