{"data": {"entities": {"annotations": [{"start": 45, "end": 54, "probability": 0.9176, "type": "Place", "normalized_text": "Nuevo Le\u00f3n"}], "mentions": [{"start": 3, "end": 11, "username": "ZMyBerg"}]}, "author_id": "413713015", "source": "Twitter for Android", "created_at": "2021-06-07T05:30:46.000Z", "text": "RT @ZMyBerg: Lo que hicieron los panistas en Nuevo Le\u00f3n debe ser considerado traici\u00f3n a la patria. Hagan chang\u00fcitos para que @AdrianDeLaGar\u2026", "id": "1401773607643086850", "referenced_tweets": [{"type": "retweeted", "id": "1401743820899893249"}], "public_metrics": {"retweet_count": 224, "reply_count": 0, "like_count": 0, "quote_count": 0}}, "includes": {"users": [{"location": "Moldor", "protected": false, "created_at": "2011-11-16T05:19:47.000Z", "description": "Ingeniero, pap\u00e1, mexicano \ud83c\uddf2\ud83c\uddfd y Anti-4T en busqueda de un mejor futuro para las siguientes generaciones.", "id": "413713015", "verified": false, "public_metrics": {"followers_count": 3732, "following_count": 4522, "tweet_count": 115765, "listed_count": 12}, "username": "ljpuig", "name": "LJP"}]}, "matching_rules": [{"id": 1401767939779436547, "tag": "Adrian de la Garza"}]}