{"data": {"entities": {"annotations": [{"start": 56, "end": 81, "probability": 0.5789, "type": "Organization", "normalized_text": "Comisi\u00f3n Estatal Electoral"}, {"start": 96, "end": 108, "probability": 0.998, "type": "Person", "normalized_text": "Samuel Garc\u00eda"}], "mentions": [{"start": 3, "end": 16, "username": "joluisgarcia"}], "hashtags": [{"start": 18, "end": 29, "tag": "\u00daltimaHora"}]}, "author_id": "139529588", "source": "Twitter for iPhone", "created_at": "2021-06-07T05:30:46.000Z", "text": "RT @joluisgarcia: #\u00daltimaHora \nConteo R\u00e1pido OFICIAL de Comisi\u00f3n Estatal Electoral da ventaja a Samuel Garc\u00eda esta noche. Muestra de 850 ca\u2026", "id": "1401773609253756929", "referenced_tweets": [{"type": "retweeted", "id": "1401770449764339715"}], "public_metrics": {"retweet_count": 16, "reply_count": 0, "like_count": 0, "quote_count": 0}}, "includes": {"users": [{"protected": false, "created_at": "2010-05-02T22:39:34.000Z", "description": "Ingeniero Administrador de Sistemas Monterrey, NL M\u00e9xico \nTigre de toda la vida!!!", "id": "139529588", "verified": false, "public_metrics": {"followers_count": 86, "following_count": 1012, "tweet_count": 6405, "listed_count": 0}, "username": "miguel_gza", "name": "Luis Miguel Garza"}]}, "matching_rules": [{"id": 1401767939779436547, "tag": "Adrian de la Garza"}, {"id": 1401767939779436549, "tag": "Clara Luz"}]}