{"data": {"entities": {"annotations": [{"start": 46, "end": 54, "probability": 0.9685, "type": "Person", "normalized_text": "Clara Luz"}], "mentions": [{"start": 127, "end": 141, "username": "mario_delgado"}, {"start": 142, "end": 150, "username": "CitlaHM"}]}, "author_id": "268902342", "source": "Twitter for Android", "created_at": "2021-06-07T05:31:06.000Z", "text": "Les insistimos hasta el cansancio que poner a Clara Luz era una P\u00c9SIMA idea y no hicieron caso, ojal\u00e1 renuncien despu\u00e9s de hoy @mario_delgado @CitlaHM", "id": "1401773693920030723", "public_metrics": {"retweet_count": 0, "reply_count": 0, "like_count": 0, "quote_count": 0}}, "includes": {"users": [{"location": "Mexico", "protected": false, "created_at": "2011-03-19T18:12:46.000Z", "description": "Al que juzgue mi camino le presto mis zapatos... (:", "id": "268902342", "verified": false, "public_metrics": {"followers_count": 3538, "following_count": 3453, "tweet_count": 163997, "listed_count": 10}, "username": "eMSir_Mauricio", "name": "Mauricio"}]}, "matching_rules": [{"id": 1401767939779436549, "tag": "Clara Luz"}]}