{"data": {"author_id": "1401119670640513029", "source": "Twitter for Android", "created_at": "2021-06-07T05:31:07.000Z", "text": "RIP Nuevo Le\u00f3n! Gobernado por un loco! \ud83d\udc4e https://t.co/zGTGftTMc2", "id": "1401773695866183683", "referenced_tweets": [{"type": "quoted", "id": "1401714615369752579"}], "entities": {"urls": [{"start": 41, "end": 64, "url": "https://t.co/zGTGftTMc2", "expanded_url": "https://twitter.com/QuesaVerdadess/status/1401714615369752579", "display_url": "twitter.com/QuesaVerdadess\u2026"}]}, "public_metrics": {"retweet_count": 0, "reply_count": 0, "like_count": 0, "quote_count": 0}}, "includes": {"users": [{"protected": false, "created_at": "2021-06-05T10:12:31.000Z", "description": "Con Amlo al 100\ud83d\ude09", "id": "1401119670640513029", "verified": false, "public_metrics": {"followers_count": 1, "following_count": 35, "tweet_count": 12, "listed_count": 0}, "username": "Bettsybell", "name": "Betsy"}]}, "matching_rules": [{"id": 1401767939779436548, "tag": "Samuel Garcia"}]}