{"data": {"author_id": "278220552", "source": "Twitter for iPhone", "created_at": "2021-06-07T05:31:18.000Z", "text": "RT @ALTERNATIVAS_SI: El ni\u00f1o naranja ya es gobernador de nuevo le\u00f3n ...\n\nUno de los estados econ\u00f3micamente m\u00e1s importantes del pa\u00eds en mano\u2026", "id": "1401773742208868352", "entities": {"mentions": [{"start": 3, "end": 19, "username": "ALTERNATIVAS_SI"}]}, "referenced_tweets": [{"type": "retweeted", "id": "1401769725085028354"}], "public_metrics": {"retweet_count": 2, "reply_count": 0, "like_count": 0, "quote_count": 0}}, "includes": {"users": [{"location": "M\u00e9xico", "protected": false, "created_at": "2011-04-06T21:13:07.000Z", "description": "Mexicano harto de la harta corrupci\u00f3n e impunidad que se vive gracias a los gobernantes vividores que tienen tomado al pa\u00eds.", "id": "278220552", "verified": false, "public_metrics": {"followers_count": 4127, "following_count": 4150, "tweet_count": 140428, "listed_count": 6}, "username": "robertol_1", "name": "Roberto"}]}, "matching_rules": [{"id": 1401767939779436548, "tag": "Samuel Garcia"}]}