{"data": {"entities": {"annotations": [{"start": 31, "end": 43, "probability": 0.9977, "type": "Person", "normalized_text": "Samuel Garc\u00eda"}, {"start": 62, "end": 71, "probability": 0.939, "type": "Place", "normalized_text": "Nuevo Le\u00f3n"}, {"start": 74, "end": 82, "probability": 0.6929, "type": "Person", "normalized_text": "Clara Luz"}], "mentions": [{"start": 3, "end": 14, "username": "latinus_us"}], "hashtags": [{"start": 16, "end": 29, "tag": "Elecci\u00f3n2021"}, {"start": 128, "end": 136, "tag": "Latinus"}]}, "author_id": "356370619", "source": "Twitter for Android", "created_at": "2021-06-07T05:31:19.000Z", "text": "RT @latinus_us: #Elecci\u00f3n2021. Samuel Garc\u00eda lleva ventaja en Nuevo Le\u00f3n; Clara Luz se va al cuarto lugar, seg\u00fan conteo r\u00e1pido.\n#Latinus #I\u2026", "id": "1401773744662659073", "referenced_tweets": [{"type": "retweeted", "id": "1401769712237821953"}], "public_metrics": {"retweet_count": 35, "reply_count": 0, "like_count": 0, "quote_count": 0}}, "includes": {"users": [{"protected": false, "created_at": "2011-08-16T19:08:54.000Z", "description": "soy edgar benavides, pero tal vez me conozcas como cru o becerro... ludopata de corazon y excelente en cualquier deporte ... abierto a tomar unos pistilos 24/7", "id": "356370619", "verified": false, "public_metrics": {"followers_count": 446, "following_count": 3072, "tweet_count": 93399, "listed_count": 1}, "username": "Cru182", "name": "edgar  benavides"}]}, "matching_rules": [{"id": 1401767939779436549, "tag": "Clara Luz"}]}