{"data": {"entities": {"annotations": [{"start": 94, "end": 103, "probability": 0.7878, "type": "Place", "normalized_text": "Nuevo Le\u00f3n"}], "mentions": [{"start": 3, "end": 18, "username": "QuesaVerdadess"}, {"start": 30, "end": 45, "username": "samuel_garcias"}], "urls": [{"start": 106, "end": 129, "url": "https://t.co/CLwHFyxMqe", "expanded_url": "https://twitter.com/QuesaVerdadess/status/1401719085533126657/photo/1", "display_url": "pic.twitter.com/CLwHFyxMqe"}]}, "author_id": "64107829", "source": "Twitter for Android", "created_at": "2021-06-07T05:31:22.000Z", "text": "RT @QuesaVerdadess: Si \"gana\" @samuel_garcias todos los dem\u00e1s estados del pa\u00eds con respecto a Nuevo Le\u00f3n: https://t.co/CLwHFyxMqe", "id": "1401773760676384770", "referenced_tweets": [{"type": "retweeted", "id": "1401719085533126657"}], "attachments": {"media_keys": ["3_1401719083549274112"]}, "public_metrics": {"retweet_count": 205, "reply_count": 0, "like_count": 0, "quote_count": 0}}, "includes": {"users": [{"location": "en mi casa", "protected": false, "created_at": "2009-08-09T04:06:32.000Z", "description": "soy  genial jaja", "id": "64107829", "verified": false, "public_metrics": {"followers_count": 107, "following_count": 974, "tweet_count": 4799, "listed_count": 1}, "username": "nicolebrex", "name": "jika"}]}, "matching_rules": [{"id": 1401767939779436548, "tag": "Samuel Garcia"}]}