{"data": {"in_reply_to_user_id": "986841875452694529", "author_id": "1280168856338567169", "source": "Twitter for iPhone", "created_at": "2021-06-07T05:31:25.000Z", "text": "@QuesaVerdadess @NachoRgz @samuel_garcias Los #regios quieren a un t\u00edtere que los deje operar sus negocios", "id": "1401773773112725505", "entities": {"mentions": [{"start": 0, "end": 15, "username": "QuesaVerdadess"}, {"start": 16, "end": 25, "username": "NachoRgz"}, {"start": 26, "end": 41, "username": "samuel_garcias"}], "hashtags": [{"start": 46, "end": 53, "tag": "regios"}]}, "referenced_tweets": [{"type": "replied_to", "id": "1401714615369752579"}], "public_metrics": {"retweet_count": 0, "reply_count": 0, "like_count": 0, "quote_count": 0}}, "includes": {"users": [{"protected": false, "created_at": "2020-07-06T15:57:07.000Z", "description": "Mi cuenta anterior fue suspendida por Twitter por apoyar la 4T y perd\u00ed a todos mis seguidores y contactos", "id": "1280168856338567169", "verified": false, "public_metrics": {"followers_count": 271, "following_count": 379, "tweet_count": 6069, "listed_count": 1}, "username": "rockyker", "name": "rock0307"}]}, "matching_rules": [{"id": 1401767939779436548, "tag": "Samuel Garcia"}]}