{"data": {"entities": {"annotations": [{"start": 62, "end": 74, "probability": 0.9987, "type": "Person", "normalized_text": "Samuel Garcia"}], "mentions": [{"start": 3, "end": 18, "username": "MarioRiveretti"}]}, "author_id": "223726957", "source": "Twitter for Android", "created_at": "2021-06-07T05:31:41.000Z", "text": "RT @MarioRiveretti: Pues hoy qued\u00f3 claro que el pendejo no es Samuel Garcia, el pendejo es el pueblo que s\u00ed vot\u00f3 por \u00e9l.", "id": "1401773838912802818", "referenced_tweets": [{"type": "retweeted", "id": "1401768178032775169"}], "public_metrics": {"retweet_count": 14, "reply_count": 0, "like_count": 0, "quote_count": 0}}, "includes": {"users": [{"location": "Guadalajara, Mx", "protected": false, "created_at": "2010-12-07T04:54:35.000Z", "description": "Yo solo uso Twitter para desahogo personal.", "id": "223726957", "verified": false, "public_metrics": {"followers_count": 306, "following_count": 214, "tweet_count": 8064, "listed_count": 3}, "username": "Betlogaar", "name": "B."}]}, "matching_rules": [{"id": 1401767939779436548, "tag": "Samuel Garcia"}]}