{"data": {"entities": {"annotations": [{"start": 83, "end": 92, "probability": 0.9654, "type": "Place", "normalized_text": "Nuevo Le\u00f3n"}], "mentions": [{"start": 22, "end": 35, "username": "GabyQuirogaT"}, {"start": 64, "end": 79, "username": "Morena_Partido"}, {"start": 209, "end": 224, "username": "samuel_garcias"}], "urls": [{"start": 231, "end": 254, "url": "https://t.co/jmr8CyIhpO", "expanded_url": "https://youtu.be/DTmiKVyHzME", "display_url": "youtu.be/DTmiKVyHzME", "images": [{"url": "https://pbs.twimg.com/news_img/1400353880244998146/5-Va2lsn?format=jpg&name=orig", "width": 1280, "height": 720}, {"url": "https://pbs.twimg.com/news_img/1400353880244998146/5-Va2lsn?format=jpg&name=150x150", "width": 150, "height": 150}], "status": 200, "title": "Samuel Garc\u00eda, otro buf\u00f3n en la pol\u00edtica \u00a1NO voten por \u00e9l!", "description": "Si deseas seguir viendo trabajos como este, comenta, dale like, suscr\u00edbete y comparte.", "unwound_url": "https://www.youtube.com/watch?v=DTmiKVyHzME&feature=youtu.be"}, {"start": 255, "end": 278, "url": "https://t.co/tG81jLvNWi", "expanded_url": "https://twitter.com/314LoveMachine/status/1401773841735557120/photo/1", "display_url": "pic.twitter.com/tG81jLvNWi"}], "hashtags": [{"start": 0, "end": 13, "tag": "MorenaArrasa"}]}, "author_id": "218949984", "source": "Twitter for Android", "created_at": "2021-06-07T05:31:42.000Z", "text": "#MorenaArrasa pero Si @GabyQuirogaT hubiera sido la Candidata d @Morena_Partido en Nuevo Le\u00f3n... Ella ahorita ser\u00eda la Gobernadora-Electa pero no puedo creer q hayan elegido al prep0t\u20acnt\u20ac, b@bi\u20acco e imb\u20ac\u00a2i| d @Samuel_Garcias ! \ud83e\udd2f\ud83d\ude20\ud83e\udd2c https://t.co/jmr8CyIhpO https://t.co/tG81jLvNWi", "id": "1401773841735557120", "attachments": {"media_keys": ["16_1401773838157811714"]}, "public_metrics": {"retweet_count": 0, "reply_count": 0, "like_count": 0, "quote_count": 0}}, "includes": {"users": [{"location": "Mexicali,B.C.\ud83c\uddf2\ud83c\uddfd&SanDiego,CA.", "protected": false, "created_at": "2010-11-23T15:08:17.000Z", "description": "Artist, Public Advocate, Catholic, Socialist, Otaku & etc.\n\nhttps://t.co/oc83vgy1Pl\n\niNstagram: 314LoveMachine\n\nE-Mail: AlbertoDeMexicali@GMX.Us", "id": "218949984", "verified": false, "public_metrics": {"followers_count": 14018, "following_count": 2274, "tweet_count": 51874, "listed_count": 37}, "username": "314LoveMachine", "name": "Alberto\ud83c\uddf2\ud83c\uddfd\ud83c\udf40"}]}, "matching_rules": [{"id": 1401767939779436548, "tag": "Samuel Garcia"}]}