{"data": {"author_id": "1060705979803807744", "source": "Twitter for iPad", "created_at": "2021-06-07T05:31:44.000Z", "text": "V\u00e1yanse a \ud83d\ude34 aunque este perro @Samuel_garcias gane \n\nEsto se decide en el TEPJ \n\nPara que aprenda a no andar gastando m\u00e1s de lo que puede justificar la huerca cabrona \n\nO mejor dicho para que no aprend\u00eda bien como disfrazar los recursos de campa\u00f1a \n\nHuerca inexperta https://t.co/nUrn5ewwCl", "id": "1401773852770934785", "entities": {"mentions": [{"start": 30, "end": 45, "username": "samuel_garcias"}], "urls": [{"start": 267, "end": 290, "url": "https://t.co/nUrn5ewwCl", "expanded_url": "https://twitter.com/luaaa_alva/status/1401772590629363713", "display_url": "twitter.com/luaaa_alva/sta\u2026"}]}, "referenced_tweets": [{"type": "quoted", "id": "1401772590629363713"}], "public_metrics": {"retweet_count": 0, "reply_count": 0, "like_count": 0, "quote_count": 0}}, "includes": {"users": [{"location": "Mexico ", "protected": false, "created_at": "2018-11-09T01:29:47.000Z", "description": "Born Mexican, Mom \ud83d\udebc, Art, food, travel and poetry Blogger\ud83d\udcbb\ud83d\udcac\ud83d\udcdd\ud83d\udcac\ud83d\udcbb Instagramer \ud83d\udcf7 And Coffeholic \u2615\u2764\u2615", "id": "1060705979803807744", "verified": false, "public_metrics": {"followers_count": 73, "following_count": 328, "tweet_count": 9661, "listed_count": 0}, "username": "luaaa_alva", "name": "Lua Alva"}]}, "matching_rules": [{"id": 1401767939779436548, "tag": "Samuel Garcia"}]}