{"data": {"entities": {"annotations": [{"start": 45, "end": 54, "probability": 0.8949, "type": "Place", "normalized_text": "Nuevo Le\u00f3n"}], "mentions": [{"start": 3, "end": 15, "username": "CarlosLoret"}, {"start": 58, "end": 73, "username": "samuel_garcias"}, {"start": 75, "end": 89, "username": "ClaudioOchoaH"}], "urls": [{"start": 110, "end": 133, "url": "https://t.co/J1mbHOSzx0", "expanded_url": "https://youtu.be/OFUFafpfrVY", "display_url": "youtu.be/OFUFafpfrVY", "images": [{"url": "https://pbs.twimg.com/news_img/1401690459945279488/vahGV8bC?format=jpg&name=orig", "width": 1280, "height": 720}, {"url": "https://pbs.twimg.com/news_img/1401690459945279488/vahGV8bC?format=jpg&name=150x150", "width": 150, "height": 150}], "status": 200, "title": "#Elecciones2021Mx", "description": "#Latinus #Informaci\u00f3nParaTi", "unwound_url": "https://www.youtube.com/watch?v=OFUFafpfrVY&feature=youtu.be"}], "hashtags": [{"start": 90, "end": 107, "tag": "Elecciones2021MX"}]}, "author_id": "1098361584387280896", "source": "Twitter for Android", "created_at": "2021-06-07T05:31:45.000Z", "text": "RT @CarlosLoret: Las tendencias favorecen en Nuevo Le\u00f3n a @samuel_garcias: @ClaudioOchoaH #Elecciones2021MX : https://t.co/J1mbHOSzx0", "id": "1401773854670872578", "referenced_tweets": [{"type": "retweeted", "id": "1401767744123686918"}], "context_annotations": [{"domain": {"id": "10", "name": "Person", "description": "Named people in the world like Nelson Mandela"}, "entity": {"id": "809506024583360512", "name": "Carlos Loret de Mola", "description": "Carlos Loret de Mola"}}, {"domain": {"id": "94", "name": "Journalist", "description": "A journalist like 'Anderson Cooper'"}, "entity": {"id": "809506024583360512", "name": "Carlos Loret de Mola", "description": "Carlos Loret de Mola"}}], "public_metrics": {"retweet_count": 29, "reply_count": 0, "like_count": 0, "quote_count": 0}}, "includes": {"users": [{"protected": false, "created_at": "2019-02-20T23:19:43.000Z", "description": "\ud83c\uddf2\ud83c\uddfd\u00a1MEXICANA\u2764\ufe0fAL\u2764\ufe0fGRITO\u2764\ufe0fDE GUERRA!\ud83c\uddf2\ud83c\uddfd", "id": "1098361584387280896", "verified": false, "public_metrics": {"followers_count": 58, "following_count": 241, "tweet_count": 2032, "listed_count": 0}, "username": "mariel123111", "name": "Mariel Campos"}]}, "matching_rules": [{"id": 1401767939779436548, "tag": "Samuel Garcia"}]}