{"data": {"author_id": "4810661360", "geo": {"place_id": "42d7d0350d479d5c"}, "source": "Twitter for Android", "created_at": "2021-06-07T05:31:47.000Z", "text": "Pues creo que esto es definitivo @claraluzflores  ya dej\u00f3 de contar c\u00f3mo candidata en las #Elecciones2021Mx #EleccionesNuevoLeon \n\nEspero estar equivocado y @samuel_garcias  resulte ser medianamente buen gobernador.\n \nTengo las expectativas tan bajas que me puede sorprender. https://t.co/RwELyfWImF", "id": "1401773865508872193", "entities": {"mentions": [{"start": 33, "end": 48, "username": "claraluzflores"}, {"start": 157, "end": 172, "username": "samuel_garcias"}], "urls": [{"start": 276, "end": 299, "url": "https://t.co/RwELyfWImF", "expanded_url": "https://twitter.com/SOY_MI_HEROE/status/1401773865508872193/photo/1", "display_url": "pic.twitter.com/RwELyfWImF"}, {"start": 276, "end": 299, "url": "https://t.co/RwELyfWImF", "expanded_url": "https://twitter.com/SOY_MI_HEROE/status/1401773865508872193/photo/1", "display_url": "pic.twitter.com/RwELyfWImF"}], "hashtags": [{"start": 90, "end": 107, "tag": "Elecciones2021Mx"}, {"start": 108, "end": 128, "tag": "EleccionesNuevoLeon"}]}, "attachments": {"media_keys": ["3_1401773857485180931", "3_1401773861075488769"]}, "public_metrics": {"retweet_count": 0, "reply_count": 0, "like_count": 0, "quote_count": 0}}, "includes": {"users": [{"location": "Durango. Mex", "protected": false, "created_at": "2016-01-25T04:30:08.000Z", "description": "Ing. En Manejo Ambiental-guitarrista de pasatiempo-aracnof\u00f3bico de nacimiento y ciclista urbano por eleccion\ud83d\udeb4\ud83d\udeb5", "id": "4810661360", "verified": false, "public_metrics": {"followers_count": 316, "following_count": 152, "tweet_count": 6678, "listed_count": 1}, "username": "SOY_MI_HEROE", "name": "\ud83d\udc9aAlain Y\u00e1\u00f1ez\ud83c\udf0d\u267b\ufe0f\ud83d\udeb2"}]}, "matching_rules": [{"id": 1401767939779436548, "tag": "Samuel Garcia"}, {"id": 1401767939779436549, "tag": "Clara Luz"}]}