{"data": {"author_id": "605605217", "source": "Twitter for Android", "created_at": "2021-06-07T05:31:48.000Z", "text": "RT @Vanesa_Faure: @Marcela_Feraud @AdrianDeLaGarza El costo pol\u00edtico lo llevar\u00e1 @MarkoCortes  y @AccionNacional en primer lugar : por no ha\u2026", "id": "1401773867845226498", "entities": {"mentions": [{"start": 3, "end": 16, "username": "Vanesa_Faure"}, {"start": 18, "end": 33, "username": "Marcela_Feraud"}, {"start": 34, "end": 50, "username": "AdrianDeLaGarza"}, {"start": 80, "end": 92, "username": "MarkoCortes"}, {"start": 96, "end": 111, "username": "AccionNacional"}]}, "referenced_tweets": [{"type": "retweeted", "id": "1401769260045713412"}], "public_metrics": {"retweet_count": 3, "reply_count": 0, "like_count": 0, "quote_count": 0}}, "includes": {"users": [{"location": "Veracruz, Veracruz", "protected": false, "created_at": "2012-06-11T17:44:15.000Z", "description": "S\u00f3lo tenemos el aqu\u00ed y el ahora", "id": "605605217", "verified": false, "public_metrics": {"followers_count": 73, "following_count": 857, "tweet_count": 4738, "listed_count": 0}, "username": "erikmonterde", "name": "Erik Monterde"}]}, "matching_rules": [{"id": 1401767939779436546, "tag": "Fernando Larrazabal"}, {"id": 1401767939779436547, "tag": "Adrian de la Garza"}]}