{"data": {"author_id": "1156815357526462464", "source": "Twitter for iPhone", "created_at": "2021-06-07T05:32:07.000Z", "text": "Eres un naco y estupido @FerLarrazabalNL", "id": "1401773947654270979", "entities": {"mentions": [{"start": 24, "end": 40, "username": "FerLarrazabalNL"}]}, "public_metrics": {"retweet_count": 0, "reply_count": 0, "like_count": 0, "quote_count": 0}}, "includes": {"users": [{"location": "Monterrey, Nuevo Le\u00f3n", "protected": false, "created_at": "2019-08-01T06:34:08.000Z", "description": "", "id": "1156815357526462464", "verified": false, "public_metrics": {"followers_count": 48, "following_count": 162, "tweet_count": 458, "listed_count": 0}, "username": "MiguelAvilaCa", "name": "Miguel Avila"}]}, "matching_rules": [{"id": 1401767939779436546, "tag": "Fernando Larrazabal"}]}