{"data": {"entities": {"annotations": [{"start": 94, "end": 103, "probability": 0.7878, "type": "Place", "normalized_text": "Nuevo Le\u00f3n"}], "mentions": [{"start": 3, "end": 18, "username": "QuesaVerdadess"}, {"start": 30, "end": 45, "username": "samuel_garcias"}], "urls": [{"start": 106, "end": 129, "url": "https://t.co/CLwHFyxMqe", "expanded_url": "https://twitter.com/QuesaVerdadess/status/1401719085533126657/photo/1", "display_url": "pic.twitter.com/CLwHFyxMqe"}]}, "author_id": "1573684470", "source": "Twitter for Android", "created_at": "2021-06-07T05:32:07.000Z", "text": "RT @QuesaVerdadess: Si \"gana\" @samuel_garcias todos los dem\u00e1s estados del pa\u00eds con respecto a Nuevo Le\u00f3n: https://t.co/CLwHFyxMqe", "id": "1401773947239215104", "referenced_tweets": [{"type": "retweeted", "id": "1401719085533126657"}], "attachments": {"media_keys": ["3_1401719083549274112"]}, "public_metrics": {"retweet_count": 206, "reply_count": 0, "like_count": 0, "quote_count": 0}}, "includes": {"users": [{"location": "Monterrey", "protected": false, "created_at": "2013-07-06T21:40:31.000Z", "description": "KILL EM WITH KINDNESS", "id": "1573684470", "verified": false, "public_metrics": {"followers_count": 43107, "following_count": 42952, "tweet_count": 21150, "listed_count": 25}, "username": "SadaDiego", "name": "Diego Torres\u2122 44K \u2654"}]}, "matching_rules": [{"id": 1401767939779436548, "tag": "Samuel Garcia"}]}