{"data": {"author_id": "2648120089", "source": "Twitter for Android", "created_at": "2021-06-07T05:32:18.000Z", "text": "RT @Ferguza072024: La esperanza que los regios desean escuchar.\nSeg\u00fan si @samuel_garcias ganar\u00e1, se tiene que anular esa elecci\u00f3n, por qu\u00e9\u2026", "id": "1401773992193712129", "entities": {"mentions": [{"start": 3, "end": 17, "username": "Ferguza072024"}, {"start": 73, "end": 88, "username": "samuel_garcias"}]}, "referenced_tweets": [{"type": "retweeted", "id": "1401773490345181185"}], "public_metrics": {"retweet_count": 1, "reply_count": 0, "like_count": 0, "quote_count": 0}}, "includes": {"users": [{"location": "Puebla, M\u00e9xico", "protected": false, "created_at": "2014-07-15T15:14:43.000Z", "description": "Consultor", "id": "2648120089", "verified": false, "public_metrics": {"followers_count": 460, "following_count": 481, "tweet_count": 40933, "listed_count": 0}, "username": "joel_serranito", "name": "Joel Serrano"}]}, "matching_rules": [{"id": 1401767939779436548, "tag": "Samuel Garcia"}]}