{"data": {"author_id": "4415073193", "source": "Twitter for Android", "created_at": "2021-06-07T04:58:01.000Z", "text": "RT @postamx: #AlMomento \nConteo r\u00e1pido de @ceenlmx da tendencia favorable para @samuel_garcias https://t.co/TlsQYzLdXj", "id": "1401765366490140673", "entities": {"mentions": [{"start": 3, "end": 11, "username": "postamx"}, {"start": 42, "end": 50, "username": "ceenlmx"}, {"start": 79, "end": 94, "username": "samuel_garcias"}], "urls": [{"start": 95, "end": 118, "url": "https://t.co/TlsQYzLdXj", "expanded_url": "https://twitter.com/postamx/status/1401764851630882817/photo/1", "display_url": "pic.twitter.com/TlsQYzLdXj"}], "hashtags": [{"start": 13, "end": 23, "tag": "AlMomento"}]}, "referenced_tweets": [{"type": "retweeted", "id": "1401764851630882817"}], "attachments": {"media_keys": ["3_1401764847897960448"]}, "public_metrics": {"retweet_count": 2, "reply_count": 0, "like_count": 0, "quote_count": 0}}, "includes": {"users": [{"location": "Monterrey, Nuevo Le\u00f3n", "protected": false, "created_at": "2015-12-01T00:29:12.000Z", "description": "UNOCI es una consultor\u00eda internacional especializada en comunicaci\u00f3n, para instituciones p\u00fablicas y privadas; as\u00ed como para candidatos a elecci\u00f3n popular", "id": "4415073193", "verified": false, "public_metrics": {"followers_count": 134, "following_count": 458, "tweet_count": 2354, "listed_count": 1}, "username": "unocimx", "name": "UNOCI"}]}, "matching_rules": [{"id": 1401764684680683523, "tag": "Samuel Garcia"}]}