{"data": {"in_reply_to_user_id": "1266434042766872576", "author_id": "1359191500832141316", "source": "Twitter for iPhone", "created_at": "2021-06-07T04:58:03.000Z", "text": "@RickyElSicario @samuel_garcias \ud83e\udd23\ud83e\udd23\ud83e\udd23 tiktokero sin quehacer! Pobres, bueno, ricos pero brutos!", "id": "1401765376384507904", "entities": {"mentions": [{"start": 0, "end": 15, "username": "RickyElSicario"}, {"start": 16, "end": 31, "username": "samuel_garcias"}]}, "referenced_tweets": [{"type": "replied_to", "id": "1401764732927832066"}], "public_metrics": {"retweet_count": 0, "reply_count": 0, "like_count": 0, "quote_count": 0}}, "includes": {"users": [{"protected": false, "created_at": "2021-02-09T17:25:01.000Z", "description": "Insoportable pero chsm soy linda.", "id": "1359191500832141316", "verified": false, "public_metrics": {"followers_count": 191, "following_count": 930, "tweet_count": 1206, "listed_count": 0}, "username": "TinyTinyhope", "name": "\ud835\udcfd\ud835\udc22\u03b7\u24ce \u0452\ud835\udd46\u03c1\u24ba"}]}, "matching_rules": [{"id": 1401764684680683523, "tag": "Samuel Garcia"}]}