{"data": {"entities": {"annotations": [{"start": 122, "end": 131, "probability": 0.9958, "type": "Person", "normalized_text": "Luis Padua"}], "mentions": [{"start": 0, "end": 16, "username": "luispadua_info7"}, {"start": 17, "end": 32, "username": "samuel_garcias"}, {"start": 33, "end": 41, "username": "ceenlmx"}, {"start": 42, "end": 51, "username": "info7mty"}, {"start": 52, "end": 66, "username": "ElHorizontemx"}]}, "in_reply_to_user_id": "106326436", "author_id": "124892723", "source": "Twitter for Android", "created_at": "2021-06-07T04:58:05.000Z", "text": "@luispadua_info7 @samuel_garcias @ceenlmx @info7mty @ElHorizontemx \"Declaran ganador\"??? De verdad est\u00e1s escribiendo esto Luis Padua?? M\u00e1s seriedad a la profesi\u00f3n, no va ni el 10% contabilizado", "id": "1401765384429223938", "referenced_tweets": [{"type": "replied_to", "id": "1401764277720027136"}], "context_annotations": [{"domain": {"id": "65", "name": "Interests and Hobbies Vertical", "description": "Top level interests and hobbies groupings, like Food or Travel"}, "entity": {"id": "847544972781826048", "name": "Careers", "description": "Careers"}}], "public_metrics": {"retweet_count": 0, "reply_count": 0, "like_count": 0, "quote_count": 0}}, "includes": {"users": [{"location": "Nuevo Le\u00f3n, M\u00e9xico", "protected": false, "created_at": "2010-03-20T23:33:59.000Z", "description": "Capit\u00e1n piloto aviador de la bala de plata", "id": "124892723", "verified": false, "public_metrics": {"followers_count": 557, "following_count": 1179, "tweet_count": 59099, "listed_count": 16}, "username": "chukkenobi", "name": "Chuk"}]}, "matching_rules": [{"id": 1401764684680683523, "tag": "Samuel Garcia"}]}