{"data": {"entities": {"annotations": [{"start": 59, "end": 62, "probability": 0.4009, "type": "Person", "normalized_text": "Le\u00f3n"}], "mentions": [{"start": 0, "end": 15, "username": "Marcela_Feraud"}, {"start": 16, "end": 29, "username": "Regina_N_Dck"}, {"start": 30, "end": 46, "username": "AdrianDeLaGarza"}]}, "in_reply_to_user_id": "983177461", "author_id": "152248678", "source": "Twitter for iPhone", "created_at": "2021-06-07T04:58:06.000Z", "text": "@Marcela_Feraud @Regina_N_Dck @AdrianDeLaGarza Pobre Nuevo Le\u00f3n", "id": "1401765385867718660", "referenced_tweets": [{"type": "replied_to", "id": "1401749594745171970"}], "public_metrics": {"retweet_count": 0, "reply_count": 0, "like_count": 0, "quote_count": 0}}, "includes": {"users": [{"location": "M\u00e9xico", "protected": false, "created_at": "2010-06-05T13:31:15.000Z", "description": "", "id": "152248678", "verified": false, "public_metrics": {"followers_count": 324, "following_count": 1011, "tweet_count": 20858, "listed_count": 1}, "username": "monhivi", "name": "M\u00f3nica"}]}, "matching_rules": [{"id": 1401764684680683522, "tag": "Adrian de la Garza"}]}