{"data": {"entities": {"annotations": [{"start": 45, "end": 48, "probability": 0.9521, "type": "Organization", "normalized_text": "PREP"}], "mentions": [{"start": 3, "end": 18, "username": "samuel_garcias"}]}, "author_id": "1321923068571299841", "source": "Twitter for Android", "created_at": "2021-06-07T04:58:18.000Z", "text": "RT @samuel_garcias: Estamos muy contentos,el PREP confirma la tendencia favorable de 10% de ventaja sobre el candidato m\u00e1s cercano.Todos qu\u2026", "id": "1401765438644801545", "referenced_tweets": [{"type": "retweeted", "id": "1401748701450625030"}], "public_metrics": {"retweet_count": 150, "reply_count": 0, "like_count": 0, "quote_count": 0}}, "includes": {"users": [{"location": "Mexico", "protected": false, "created_at": "2020-10-29T21:13:26.000Z", "description": "GTO | CDMX\n\n\ud83c\udf3e\ud83c\udf77\ud83d\udc02\ud83e\udd13", "id": "1321923068571299841", "verified": false, "public_metrics": {"followers_count": 63, "following_count": 363, "tweet_count": 2317, "listed_count": 0}, "username": "rcrsamuel", "name": "Samuel Rocha"}]}, "matching_rules": [{"id": 1401764684680683523, "tag": "Samuel Garcia"}]}