{"data": {"in_reply_to_user_id": "258973851", "author_id": "1007319096059486208", "source": "Twitter for Android", "created_at": "2021-06-07T04:58:20.000Z", "text": "@samuel_garcias Y luego no aguantan la carrilla,  pero si se ponen de pechito, \ud83e\udd37\ud83c\udffb\u200d\u2642\ufe0f\ud83e\udd37\ud83c\udffb\u200d\u2642\ufe0f\ud83e\udd23\ud83e\udd23\ud83e\udd23 #posregios", "id": "1401765444550340611", "entities": {"mentions": [{"start": 0, "end": 15, "username": "samuel_garcias"}], "hashtags": [{"start": 93, "end": 103, "tag": "posregios"}]}, "referenced_tweets": [{"type": "replied_to", "id": "1401686737911353344"}], "public_metrics": {"retweet_count": 0, "reply_count": 0, "like_count": 0, "quote_count": 0}}, "includes": {"users": [{"protected": false, "created_at": "2018-06-14T17:49:22.000Z", "description": "antes Halt cualquier duda DM", "id": "1007319096059486208", "verified": false, "public_metrics": {"followers_count": 2855, "following_count": 5001, "tweet_count": 51989, "listed_count": 2}, "username": "Haltart", "name": "Leo T\u00e9llez #CPT"}]}, "matching_rules": [{"id": 1401764684680683523, "tag": "Samuel Garcia"}]}