{"data": {"entities": {"annotations": [{"start": 85, "end": 97, "probability": 0.5387, "type": "Person", "normalized_text": "samuel garcia"}, {"start": 156, "end": 168, "probability": 0.9985, "type": "Person", "normalized_text": "Samuel Garcia"}], "mentions": [{"start": 0, "end": 13, "username": "KatuArkonada"}]}, "in_reply_to_user_id": "280081621", "author_id": "549569848", "source": "Twitter Web App", "created_at": "2021-06-07T04:58:24.000Z", "text": "@KatuArkonada Camarada, con la historia que tiene el pri en el norte y en nuevo leon samuel garcia es menor mal que el pri. \nSi, lo digo sabiendo lo que es Samuel Garcia.", "id": "1401765462061600768", "referenced_tweets": [{"type": "replied_to", "id": "1401765103373111299"}], "public_metrics": {"retweet_count": 0, "reply_count": 0, "like_count": 0, "quote_count": 0}}, "includes": {"users": [{"location": "El", "protected": false, "created_at": "2012-04-09T21:40:24.000Z", "description": "Ex-desclasado, presunto ingeniero. \nNo soy bot, s\u00ed tuiteo de noche, es el insomnio.\nProAMLO por convicci\u00f3n pol\u00edtica e ideol\u00f3gica.", "id": "549569848", "verified": false, "public_metrics": {"followers_count": 731, "following_count": 659, "tweet_count": 12908, "listed_count": 0}, "username": "Ciencias75", "name": "Inge\u00f1ero de izquierda \u262d"}]}, "matching_rules": [{"id": 1401764684680683523, "tag": "Samuel Garcia"}]}