{"data": {"entities": {"annotations": [{"start": 71, "end": 74, "probability": 0.9959, "type": "Person", "normalized_text": "Paco"}, {"start": 78, "end": 83, "probability": 0.9902, "type": "Person", "normalized_text": "Adri\u00e1n"}, {"start": 88, "end": 94, "probability": 0.4184, "type": "Product", "normalized_text": "Twitter"}], "mentions": [{"start": 0, "end": 12, "username": "cesarulloag"}, {"start": 13, "end": 28, "username": "samuel_garcias"}, {"start": 29, "end": 43, "username": "colosioriojas"}]}, "in_reply_to_user_id": "381875430", "author_id": "312990349", "source": "Twitter for iPhone", "created_at": "2021-06-07T04:58:35.000Z", "text": "@cesarulloag @samuel_garcias @colosioriojas Y todos los que apoyaban a Paco y Adri\u00e1n en Twitter quedaron \ud83e\udd21\ud83e\udd23\ud83e\udd23", "id": "1401765509780082690", "referenced_tweets": [{"type": "replied_to", "id": "1401762988781092865"}], "context_annotations": [{"domain": {"id": "46", "name": "Brand Category", "description": "Categories within Brand Verticals that narrow down the scope of Brands"}, "entity": {"id": "781974596752842752", "name": "Services"}}, {"domain": {"id": "47", "name": "Brand", "description": "Brands and Companies"}, "entity": {"id": "10045225402", "name": "Twitter"}}], "public_metrics": {"retweet_count": 0, "reply_count": 0, "like_count": 0, "quote_count": 0}}, "includes": {"users": [{"location": "Monterrey Mx. ", "protected": false, "created_at": "2011-06-08T00:19:22.000Z", "description": "Regio \ud83c\uddf2\ud83c\uddfd Rayado de coraz\u00f3n \u2764\ufe0f", "id": "312990349", "verified": false, "public_metrics": {"followers_count": 1954, "following_count": 1422, "tweet_count": 39970, "listed_count": 10}, "username": "miguelchaaveez", "name": "Miguel"}]}, "matching_rules": [{"id": 1401764684680683523, "tag": "Samuel Garcia"}]}