{"data": {"entities": {"annotations": [{"start": 23, "end": 31, "probability": 0.9689, "type": "Person", "normalized_text": "Clara Luz"}]}, "author_id": "1004813715265466368", "source": "Twitter for iPhone", "created_at": "2021-06-07T04:58:37.000Z", "text": "Vrg wey, la campa\u00f1a de Clara Luz se vi\u00f3 destruida por un solo video, QUE CABR\u00d3N", "id": "1401765515291467776", "public_metrics": {"retweet_count": 0, "reply_count": 0, "like_count": 0, "quote_count": 0}}, "includes": {"users": [{"protected": false, "created_at": "2018-06-07T19:53:53.000Z", "description": "Me creo twitstar. A veces, la hago de streamer. Cuando se me sube me siento analista deportivo.  Miembro de @LosBuhosPodcast", "id": "1004813715265466368", "verified": false, "public_metrics": {"followers_count": 9, "following_count": 40, "tweet_count": 418, "listed_count": 0}, "username": "ElChuerk", "name": "El Chuerk \ud83d\ude11"}]}, "matching_rules": [{"id": 1401764684680683524, "tag": "Clara Luz"}]}