{"data": {"entities": {"annotations": [{"start": 20, "end": 37, "probability": 0.7842, "type": "Person", "normalized_text": "Adri\u00e1n de la Garza"}, {"start": 40, "end": 49, "probability": 0.6217, "type": "Person", "normalized_text": "larrazabal"}, {"start": 53, "end": 61, "probability": 0.9323, "type": "Person", "normalized_text": "Clara Luz"}], "mentions": [{"start": 0, "end": 10, "username": "Josmanu90"}]}, "in_reply_to_user_id": "1248970587021570048", "author_id": "4656289217", "source": "Twitter for Android", "created_at": "2021-06-07T04:58:39.000Z", "text": "@Josmanu90 Es eso o Adri\u00e1n de la Garza, larrazabal o Clara Luz, eso si esta cabron", "id": "1401765524451692545", "referenced_tweets": [{"type": "replied_to", "id": "1401751400481181699"}], "public_metrics": {"retweet_count": 0, "reply_count": 0, "like_count": 0, "quote_count": 0}}, "includes": {"users": [{"location": "Secreto", "protected": false, "created_at": "2015-12-30T18:09:20.000Z", "description": "Agente del MI6 que combate el comunismo y sus idioteces", "id": "4656289217", "verified": false, "public_metrics": {"followers_count": 52, "following_count": 651, "tweet_count": 2263, "listed_count": 0}, "username": "aahdzrangel232", "name": "Park"}]}, "matching_rules": [{"id": 1401764684680683524, "tag": "Clara Luz"}]}