{"data": {"entities": {"annotations": [{"start": 21, "end": 33, "probability": 0.9969, "type": "Person", "normalized_text": "Samuel Garcia"}, {"start": 58, "end": 67, "probability": 0.3195, "type": "Person", "normalized_text": "Nuevo Leon"}, {"start": 92, "end": 101, "probability": 0.2994, "type": "Person", "normalized_text": "Nuevo Leon"}], "mentions": [{"start": 3, "end": 18, "username": "eduardoavelarc"}], "urls": [{"start": 104, "end": 127, "url": "https://t.co/SdpbLvbLJc", "expanded_url": "https://twitter.com/eduardoavelarc/status/1401698749265723392/photo/1", "display_url": "pic.twitter.com/SdpbLvbLJc"}]}, "author_id": "1074853599048597504", "source": "Twitter Web App", "created_at": "2021-06-07T04:58:40.000Z", "text": "RT @eduardoavelarc: *Samuel Garcia gana la gobernatura de Nuevo Leon*\n\n-Los que no somos de Nuevo Leon: https://t.co/SdpbLvbLJc", "id": "1401765527874310144", "referenced_tweets": [{"type": "retweeted", "id": "1401698749265723392"}], "attachments": {"media_keys": ["3_1401698745775968259"]}, "public_metrics": {"retweet_count": 528, "reply_count": 0, "like_count": 0, "quote_count": 0}}, "includes": {"users": [{"location": "Culiac\u00e1n, Sinaloa", "protected": false, "created_at": "2018-12-18T02:27:22.000Z", "description": "P\u00e1sala bien, de eso se trata.", "id": "1074853599048597504", "verified": false, "public_metrics": {"followers_count": 83, "following_count": 178, "tweet_count": 614, "listed_count": 0}, "username": "Dieg0_Manjarrez", "name": "DiegoM"}]}, "matching_rules": [{"id": 1401764684680683523, "tag": "Samuel Garcia"}]}