{"data": {"in_reply_to_user_id": "781845435518332928", "author_id": "584820328", "source": "Twitter for Android", "created_at": "2021-06-07T04:58:52.000Z", "text": "@Pamelita0321 @samuel_garcias La verdad si, son de pena ajena.", "id": "1401765579132833793", "entities": {"mentions": [{"start": 0, "end": 13, "username": "Pamelita0321"}, {"start": 14, "end": 29, "username": "samuel_garcias"}]}, "referenced_tweets": [{"type": "replied_to", "id": "1401465811844407298"}], "public_metrics": {"retweet_count": 0, "reply_count": 0, "like_count": 0, "quote_count": 0}}, "includes": {"users": [{"protected": false, "created_at": "2012-05-19T14:45:16.000Z", "description": "inconforme,anti pol\u00edtica pero con esperanza psic\u00f3tica", "id": "584820328", "verified": false, "public_metrics": {"followers_count": 89, "following_count": 187, "tweet_count": 10028, "listed_count": 1}, "username": "paximmop", "name": "IRENE PAlacios"}]}, "matching_rules": [{"id": 1401764684680683523, "tag": "Samuel Garcia"}]}