{"data": {"in_reply_to_user_id": "123070829", "author_id": "361072388", "source": "Twitter for iPhone", "created_at": "2021-06-07T04:58:55.000Z", "text": "@karinardzgarza @samuel_garcias \u00bfCu\u00e1ndo no hemos sido el hazmerre\u00edr?", "id": "1401765591287881728", "entities": {"mentions": [{"start": 0, "end": 15, "username": "karinardzgarza"}, {"start": 16, "end": 31, "username": "samuel_garcias"}]}, "referenced_tweets": [{"type": "replied_to", "id": "1401764780025782272"}], "public_metrics": {"retweet_count": 0, "reply_count": 0, "like_count": 0, "quote_count": 0}}, "includes": {"users": [{"location": "CUU - MTY, MX", "protected": false, "created_at": "2011-08-24T06:13:22.000Z", "description": "", "id": "361072388", "verified": false, "public_metrics": {"followers_count": 2565, "following_count": 492, "tweet_count": 50694, "listed_count": 17}, "username": "memorycuiz", "name": "Pinshi perro"}]}, "matching_rules": [{"id": 1401764684680683523, "tag": "Samuel Garcia"}]}