{"data": {"entities": {"annotations": [{"start": 22, "end": 27, "probability": 0.96, "type": "Place", "normalized_text": "Oaxaca"}, {"start": 94, "end": 100, "probability": 0.9829, "type": "Person", "normalized_text": "Mariana"}, {"start": 168, "end": 173, "probability": 0.8796, "type": "Person", "normalized_text": "SAMUEL"}], "mentions": [{"start": 0, "end": 15, "username": "samuel_garcias"}]}, "in_reply_to_user_id": "258973851", "author_id": "1377099184810024966", "source": "Twitter for Android", "created_at": "2021-06-07T04:58:55.000Z", "text": "@samuel_garcias Desde Oaxaca te mando mis m\u00e1s sinceras felicitaciones para ti ,para tu esposa Mariana y para todo tu equipo de campa\u00f1a \nFELICIDADES \nAHORA SI ARRANCATE SAMUEL \nBIEN ,MUY BIEN COMPADRE", "id": "1401765591485239297", "referenced_tweets": [{"type": "replied_to", "id": "1401721999869628419"}], "public_metrics": {"retweet_count": 0, "reply_count": 0, "like_count": 0, "quote_count": 0}}, "includes": {"users": [{"protected": false, "created_at": "2021-03-31T03:23:37.000Z", "description": "A", "id": "1377099184810024966", "verified": false, "public_metrics": {"followers_count": 6, "following_count": 140, "tweet_count": 19, "listed_count": 0}, "username": "JohnCha71600225", "name": "John Charles"}]}, "matching_rules": [{"id": 1401764684680683523, "tag": "Samuel Garcia"}]}