{"data": {"in_reply_to_user_id": "1908561342", "author_id": "2942200915", "source": "Twitter for Android", "created_at": "2021-06-07T04:58:56.000Z", "text": "@_georgeespinosa @Tigre_Alien @herreragonzalo3 @rocp098 @GERAMITZU @jerryfon @a_chatly69 @CarlosGignak @viejopizarrino @samuel_garcias @LuisDonaldoCo @AsiEsMonterrey @QuePasaEnSN @MtyFollowMx @ConociendoMTY No hablamos de ti ..pero ya te descubriste \ud83d\ude02\ud83d\ude02\ud83d\ude02 ...verdad @Tigre_Alien", "id": "1401765597935964160", "entities": {"mentions": [{"start": 0, "end": 16, "username": "_georgeespinosa"}, {"start": 17, "end": 29, "username": "Tigre_Alien"}, {"start": 30, "end": 46, "username": "herreragonzalo3"}, {"start": 47, "end": 55, "username": "rocp098"}, {"start": 56, "end": 66, "username": "GERAMITZU"}, {"start": 67, "end": 76, "username": "jerryfon"}, {"start": 77, "end": 88, "username": "a_chatly69"}, {"start": 89, "end": 102, "username": "CarlosGignak"}, {"start": 103, "end": 118, "username": "viejopizarrino"}, {"start": 119, "end": 134, "username": "samuel_garcias"}, {"start": 135, "end": 149, "username": "LuisDonaldoCo"}, {"start": 150, "end": 165, "username": "AsiEsMonterrey"}, {"start": 166, "end": 178, "username": "QuePasaEnSN"}, {"start": 179, "end": 191, "username": "MtyFollowMx"}, {"start": 192, "end": 206, "username": "ConociendoMTY"}, {"start": 264, "end": 276, "username": "Tigre_Alien"}]}, "referenced_tweets": [{"type": "replied_to", "id": "1401764483140407296"}], "public_metrics": {"retweet_count": 0, "reply_count": 0, "like_count": 0, "quote_count": 0}}, "includes": {"users": [{"location": "Hawaii \ud83c\uddf2\ud83c\uddfd\ud83c\udde7\ud83c\uddf7\ud83c\uddf1\ud83c\uddf7\ud83c\udde8\ud83c\udde6\ud83c\udde8\ud83c\uddf1", "protected": false, "created_at": "2014-12-24T18:49:37.000Z", "description": "Desde la cuna hasta el cajon...Tigre de \ud83d\udc9b\ud83d\udc99 por siempre \ud83d\udc2f   \ud83c\udfc6 77-78 \ud83c\udfc6 81-82   \ud83c\udfc6'11 \ud83c\udfc6 '15  \ud83c\udfc6'16 \ud83c\udfc6'17   \ud83c\udfc6 '19   pittsburgh steelers \ud83d\udc9b\u263b\ud83d\udda4", "id": "2942200915", "verified": false, "public_metrics": {"followers_count": 813, "following_count": 866, "tweet_count": 33756, "listed_count": 2}, "username": "jesusmh194", "name": "@Mendoza \ud83c\udfc6\ud83c\udfc6\ud83c\udfc6\ud83c\udfc6\ud83c\udfc6\ud83c\udfc6\ud83c\udfc6"}]}, "matching_rules": [{"id": 1401764684680683523, "tag": "Samuel Garcia"}]}