{"data": {"entities": {"annotations": [{"start": 46, "end": 85, "probability": 0.9007, "type": "Organization", "normalized_text": "Comisi\u00f3n Estatal Electoral de Nuevo Le\u00f3n"}], "mentions": [{"start": 3, "end": 19, "username": "CodigoMagentaMx"}, {"start": 99, "end": 114, "username": "samuel_garcias"}]}, "author_id": "36469282", "source": "Twitter for iPhone", "created_at": "2021-06-07T04:59:10.000Z", "text": "RT @CodigoMagentaMx: \u2b55 El conteo r\u00e1pido de la Comisi\u00f3n Estatal Electoral de Nuevo Le\u00f3n sugiere que @samuel_garcias  ser\u00e1 el pr\u00f3ximo goberna\u2026", "id": "1401765657683894273", "referenced_tweets": [{"type": "retweeted", "id": "1401764555693375491"}], "public_metrics": {"retweet_count": 4, "reply_count": 0, "like_count": 0, "quote_count": 0}}, "includes": {"users": [{"location": "Monterrey, Nuevo Le\u00f3n", "protected": false, "created_at": "2009-04-29T20:25:55.000Z", "description": "he/him die Hoffnung \ud83c\udde9\ud83c\uddea\ud83c\uddeb\ud83c\uddf7\ud83c\uddf3\ud83c\uddf1\ud83c\udde7\ud83c\uddf7\ud83c\uddfa\ud83c\uddf8\ud83c\uddf8\ud83c\uddf0\ud83c\udde6\ud83c\uddf9\ud83c\udde8\ud83c\uddff\ud83c\udded\ud83c\uddfa\ud83c\uddf5\ud83c\uddf1\ud83c\uddee\ud83c\uddea\ud83c\udde7\ud83c\uddea\ud83c\uddec\ud83c\udde7\ud83c\uddf2\ud83c\udde6\ud83c\uddea\ud83c\uddf8\ud83c\uddf5\ud83c\uddf9\ud83c\udff4\udb40\udc67\udb40\udc62\udb40\udc65\udb40\udc6e\udb40\udc67\udb40\udc7f\u27a1\ufe0f\ud83c\uddef\ud83c\uddf5", "id": "36469282", "verified": false, "public_metrics": {"followers_count": 1253, "following_count": 805, "tweet_count": 73979, "listed_count": 22}, "username": "freddrdz", "name": "Fredd \ud83c\udff3\ufe0f\u200d\ud83c\udf08"}]}, "matching_rules": [{"id": 1401764684680683523, "tag": "Samuel Garcia"}, {"id": 1401764684680683522, "tag": "Adrian de la Garza"}]}