{"data": {"author_id": "2867996743", "source": "Twitter for Android", "created_at": "2021-06-07T04:59:12.000Z", "text": "Mira @rochaperiodista , tu candidata \" festejando \" con todos sus simpatizantes. https://t.co/qCVadEyPEX", "id": "1401765663987798016", "entities": {"mentions": [{"start": 5, "end": 21, "username": "rochaperiodista"}], "urls": [{"start": 81, "end": 104, "url": "https://t.co/qCVadEyPEX", "expanded_url": "https://twitter.com/claraluzflores/status/1399841627699486720", "display_url": "twitter.com/claraluzflores\u2026"}]}, "referenced_tweets": [{"type": "quoted", "id": "1399841627699486720"}], "public_metrics": {"retweet_count": 0, "reply_count": 0, "like_count": 0, "quote_count": 0}}, "includes": {"users": [{"protected": false, "created_at": "2014-10-20T19:01:54.000Z", "description": "Ingeniero, me agrada la pol\u00edtica, deportes, naturaleza, buena m\u00fasica, buen libro, la vida, mi familia.", "id": "2867996743", "verified": false, "public_metrics": {"followers_count": 275, "following_count": 1086, "tweet_count": 11475, "listed_count": 0}, "username": "j_sauque", "name": "Javier Sauqu\u00e9"}]}, "matching_rules": [{"id": 1401764684680683524, "tag": "Clara Luz"}]}