{"data": {"entities": {"annotations": [{"start": 93, "end": 98, "probability": 0.9945, "type": "Person", "normalized_text": "Samuel"}, {"start": 105, "end": 114, "probability": 0.9556, "type": "Person", "normalized_text": "Larrazabal"}, {"start": 119, "end": 124, "probability": 0.6693, "type": "Person", "normalized_text": "Adrian"}, {"start": 131, "end": 135, "probability": 0.8251, "type": "Person", "normalized_text": "Clara"}], "mentions": [{"start": 3, "end": 19, "username": "luispadua_info7"}, {"start": 40, "end": 55, "username": "samuel_garcias"}, {"start": 62, "end": 70, "username": "ceenlmx"}]}, "author_id": "2982017099", "source": "Twitter Web App", "created_at": "2021-06-07T04:59:19.000Z", "text": "RT @luispadua_info7: Declaran ganador a @samuel_garcias en la @ceenlmx con estos resultados: Samuel 37.2 Larrazabal 19 Adrian 28.5 Clara 15\u2026", "id": "1401765693654249476", "referenced_tweets": [{"type": "retweeted", "id": "1401764277720027136"}], "public_metrics": {"retweet_count": 13, "reply_count": 0, "like_count": 0, "quote_count": 0}}, "includes": {"users": [{"protected": false, "created_at": "2015-01-17T01:48:32.000Z", "description": "", "id": "2982017099", "verified": false, "public_metrics": {"followers_count": 455, "following_count": 1609, "tweet_count": 53122, "listed_count": 1}, "username": "MeendozaLuis", "name": "Luis Mendoza"}]}, "matching_rules": [{"id": 1401764684680683523, "tag": "Samuel Garcia"}]}