{"data": {"author_id": "237381095", "source": "Twitter Web App", "created_at": "2021-06-07T04:59:20.000Z", "text": "RT @infobaemexico: @lorenzocordovav @INEMexico @googlemexico @M_OlgaSCordero @Claudiashein @GN_MEXICO_ @VicenteFoxQue @DiegoFC @HLGatell @f\u2026", "id": "1401765696565088256", "entities": {"mentions": [{"start": 3, "end": 17, "username": "infobaemexico"}, {"start": 19, "end": 35, "username": "lorenzocordovav"}, {"start": 36, "end": 46, "username": "INEMexico"}, {"start": 47, "end": 60, "username": "googlemexico"}, {"start": 61, "end": 76, "username": "M_OlgaSCordero"}, {"start": 77, "end": 90, "username": "Claudiashein"}, {"start": 91, "end": 102, "username": "GN_MEXICO_"}, {"start": 103, "end": 117, "username": "VicenteFoxQue"}, {"start": 118, "end": 126, "username": "DiegoFC"}, {"start": 127, "end": 136, "username": "HLGatell"}]}, "referenced_tweets": [{"type": "retweeted", "id": "1401759329435406338"}], "context_annotations": [{"domain": {"id": "46", "name": "Brand Category", "description": "Categories within Brand Verticals that narrow down the scope of Brands"}, "entity": {"id": "781974596157181956", "name": "Online Site"}}, {"domain": {"id": "46", "name": "Brand Category", "description": "Categories within Brand Verticals that narrow down the scope of Brands"}, "entity": {"id": "781974596752842752", "name": "Services"}}, {"domain": {"id": "47", "name": "Brand", "description": "Brands and Companies"}, "entity": {"id": "10026378521", "name": "Google "}}, {"domain": {"id": "47", "name": "Brand", "description": "Brands and Companies"}, "entity": {"id": "1108424811208835078", "name": "Infobae", "description": "Infobae"}}, {"domain": {"id": "10", "name": "Person", "description": "Named people in the world like Nelson Mandela"}, "entity": {"id": "912378776016711680", "name": "Claudia Sheinbaum", "description": "Claudia Sheinbaum"}}, {"domain": {"id": "35", "name": "Politician", "description": "Politicians in the world, like Joe Biden"}, "entity": {"id": "912378776016711680", "name": "Claudia Sheinbaum", "description": "Claudia Sheinbaum"}}], "public_metrics": {"retweet_count": 6, "reply_count": 0, "like_count": 0, "quote_count": 0}}, "includes": {"users": [{"protected": false, "created_at": "2011-01-12T18:26:53.000Z", "description": "", "id": "237381095", "verified": false, "public_metrics": {"followers_count": 44, "following_count": 147, "tweet_count": 8133, "listed_count": 0}, "username": "David_Ingeniero", "name": "David G."}]}, "matching_rules": [{"id": 1401764684680683523, "tag": "Samuel Garcia"}, {"id": 1401764684680683522, "tag": "Adrian de la Garza"}]}