{"data": {"author_id": "264030560", "source": "Twitter for Android", "created_at": "2021-06-07T04:59:20.000Z", "text": "Mi samy de or\u00f3, ech\u00e1ndose NL a la espalda. @samuel_garcias \ud83d\udc4d\ud83c\udffb\ud83c\udf4a https://t.co/or7G2tfRKG", "id": "1401765697181655044", "entities": {"mentions": [{"start": 43, "end": 58, "username": "samuel_garcias"}], "urls": [{"start": 63, "end": 86, "url": "https://t.co/or7G2tfRKG", "expanded_url": "https://twitter.com/roberdobleL/status/1401765697181655044/photo/1", "display_url": "pic.twitter.com/or7G2tfRKG"}]}, "attachments": {"media_keys": ["16_1401765691175456768"]}, "public_metrics": {"retweet_count": 0, "reply_count": 0, "like_count": 0, "quote_count": 0}}, "includes": {"users": [{"location": "San Nicol\u00e1s de los Garza", "protected": false, "created_at": "2011-03-11T05:54:46.000Z", "description": "Leal a los m\u00edos. \ud83e\udd1f\ud83c\udffb\n\nTIGRES DE M\u00c9XICO \u24c2 \ud83c\udde7\ud83c\udde7\n\n\n\n\n\n\n\n\n\n\n\n\n|_| F| |\\| |_\u2665\u26bdBERISO\ud83c\udfb8CALLEJEROS\n\ud83d\udd25VELA PUERCA\n\n@BVB\n \ud83d\udcf8 IG' @roberdobleL", "id": "264030560", "verified": false, "public_metrics": {"followers_count": 872, "following_count": 843, "tweet_count": 36751, "listed_count": 3}, "username": "roberdobleL", "name": "\ud83c\uddfa\ud83c\udde6 \ud835\udcc5\ud835\udcbe\ud835\udcca \ud835\udcb6\ud835\udccb\ud835\udcb6\ud835\udcc3\ud835\udcc9\ud835\udcbe \ud83d\udd5b"}]}, "matching_rules": [{"id": 1401764684680683523, "tag": "Samuel Garcia"}]}