{"data": {"in_reply_to_user_id": "361072388", "author_id": "123070829", "source": "Twitter Web App", "created_at": "2021-06-07T04:59:21.000Z", "text": "@memorycuiz @samuel_garcias LOL, tenemos lo que merecemos", "id": "1401765700360982533", "entities": {"mentions": [{"start": 0, "end": 11, "username": "memorycuiz"}, {"start": 12, "end": 27, "username": "samuel_garcias"}]}, "referenced_tweets": [{"type": "replied_to", "id": "1401765591287881728"}], "public_metrics": {"retweet_count": 0, "reply_count": 0, "like_count": 0, "quote_count": 0}}, "includes": {"users": [{"protected": false, "created_at": "2010-03-14T22:15:50.000Z", "description": "Soy todo y nada a la vez", "id": "123070829", "verified": false, "public_metrics": {"followers_count": 715, "following_count": 798, "tweet_count": 9438, "listed_count": 1}, "username": "karinardzgarza", "name": "kerry"}]}, "matching_rules": [{"id": 1401764684680683523, "tag": "Samuel Garcia"}]}