{"data": {"entities": {"annotations": [{"start": 19, "end": 31, "probability": 0.9974, "type": "Person", "normalized_text": "Samuel Garcia"}, {"start": 38, "end": 47, "probability": 0.4902, "type": "Place", "normalized_text": "Nuevo Leon"}], "urls": [{"start": 77, "end": 100, "url": "https://t.co/KPY4Iqwbui", "expanded_url": "https://twitter.com/mariianna8a/status/1401765706366996481/photo/1", "display_url": "pic.twitter.com/KPY4Iqwbui"}]}, "author_id": "2291731129", "source": "Twitter for Android", "created_at": "2021-06-07T04:59:22.000Z", "text": "Tanto criticaron a Samuel Garcia y en Nuevo Leon va ganando \u00e9l \ud83e\udd14 entonces... https://t.co/KPY4Iqwbui", "id": "1401765706366996481", "attachments": {"media_keys": ["16_1401765699496841223"]}, "public_metrics": {"retweet_count": 0, "reply_count": 0, "like_count": 0, "quote_count": 0}}, "includes": {"users": [{"location": "M\u00e9xico ", "protected": false, "created_at": "2014-01-14T21:35:05.000Z", "description": "I love ChocoLate \ud83d\ude0d\ud83d\ude1c # Our Faith Can Move Mountains!! \ud83d\ude09", "id": "2291731129", "verified": false, "public_metrics": {"followers_count": 225, "following_count": 150, "tweet_count": 2085, "listed_count": 1}, "username": "mariianna8a", "name": "Mariana de la Noche\u2122 \ud83c\udf0f"}]}, "matching_rules": [{"id": 1401764684680683523, "tag": "Samuel Garcia"}]}