{"data": {"author_id": "4434569287", "source": "Twitter for iPhone", "created_at": "2021-06-07T04:59:22.000Z", "text": "RT @ClementeCH: \u00a1La apuesta de @MovCiudadanoMX fue la correcta! Los resultados que tenemos hasta el momento de la jornada electoral, lo con\u2026", "id": "1401765707948380163", "entities": {"mentions": [{"start": 3, "end": 14, "username": "ClementeCH"}, {"start": 31, "end": 46, "username": "MovCiudadanoMX"}]}, "referenced_tweets": [{"type": "retweeted", "id": "1401765682174304256"}], "public_metrics": {"retweet_count": 1, "reply_count": 0, "like_count": 0, "quote_count": 0}}, "includes": {"users": [{"location": "Ciudad de Chetumal", "protected": false, "created_at": "2015-12-02T20:06:10.000Z", "description": "Ciudadanos libres y valientes demostrando el poder, para que se haga valer en los puestos de elecci\u00f3n popular, el pueblo te pone el pueblo te quita.", "id": "4434569287", "verified": false, "public_metrics": {"followers_count": 456, "following_count": 1529, "tweet_count": 7118, "listed_count": 1}, "username": "movciudadanoopb", "name": "Movimiento Ciudadano OPB | Movimiento Naranja"}]}, "matching_rules": [{"id": 1401764684680683523, "tag": "Samuel Garcia"}]}