{"data": {"author_id": "93922911", "source": "Twitter Media Studio - LiveCut", "created_at": "2021-06-07T04:59:33.000Z", "text": "#Meta21 | Los resultados preliminares hasta el momento posicionan a @Samuel_garcias a la cabeza en la #Elecci\u00f3n2021 a la gubernatura de #NuevoLe\u00f3n, seguido por @AdrianDeLaGarza y @ClaraLuzFlores hasta la cuarta posici\u00f3n https://t.co/L5MLvqwcwF", "id": "1401765750147325954", "entities": {"mentions": [{"start": 68, "end": 83, "username": "samuel_garcias"}, {"start": 160, "end": 176, "username": "AdrianDeLaGarza"}, {"start": 179, "end": 194, "username": "claraluzflores"}], "urls": [{"start": 220, "end": 243, "url": "https://t.co/L5MLvqwcwF", "expanded_url": "https://twitter.com/azucenau/status/1401765750147325954/video/1", "display_url": "pic.twitter.com/L5MLvqwcwF"}], "hashtags": [{"start": 0, "end": 7, "tag": "Meta21"}, {"start": 102, "end": 115, "tag": "Elecci\u00f3n2021"}, {"start": 136, "end": 146, "tag": "NuevoLe\u00f3n"}]}, "attachments": {"media_keys": ["13_1401765438103592963"]}, "public_metrics": {"retweet_count": 0, "reply_count": 0, "like_count": 0, "quote_count": 0}}, "includes": {"users": [{"protected": false, "created_at": "2009-12-01T19:14:53.000Z", "description": "Enamorada de la vida y del presente. Conductora en #MilenioTV #RadioF\u00f3rmula y #TelediarioEnEl6. Opiniones son personales. Tuits de Azucena firmados como: AU", "id": "93922911", "verified": true, "public_metrics": {"followers_count": 365523, "following_count": 3083, "tweet_count": 97046, "listed_count": 1194}, "username": "azucenau", "name": "Azucena Uresti"}]}, "matching_rules": [{"id": 1401764684680683524, "tag": "Clara Luz"}, {"id": 1401764684680683523, "tag": "Samuel Garcia"}, {"id": 1401764684680683522, "tag": "Adrian de la Garza"}]}