{"data": {"in_reply_to_user_id": "106326436", "author_id": "4171702402", "source": "Twitter for Android", "created_at": "2021-06-07T04:59:37.000Z", "text": "@luispadua_info7 @jera_suarez @samuel_garcias @ceenlmx @info7mty @ElHorizontemx Tan r\u00e1pido?.. a\u00fan faltan muchas boletas por contar hasta ma\u00f1ana ser\u00e1 oficial..", "id": "1401765766790193156", "entities": {"mentions": [{"start": 0, "end": 16, "username": "luispadua_info7"}, {"start": 17, "end": 29, "username": "jera_suarez"}, {"start": 30, "end": 45, "username": "samuel_garcias"}, {"start": 46, "end": 54, "username": "ceenlmx"}, {"start": 55, "end": 64, "username": "info7mty"}, {"start": 65, "end": 79, "username": "ElHorizontemx"}]}, "referenced_tweets": [{"type": "replied_to", "id": "1401764277720027136"}], "public_metrics": {"retweet_count": 0, "reply_count": 0, "like_count": 0, "quote_count": 0}}, "includes": {"users": [{"location": "Nuevo Le\u00f3n, M\u00e9xico", "protected": false, "created_at": "2015-11-12T13:52:01.000Z", "description": "!Periodista Independiente M\u00e9xicano!.", "id": "4171702402", "verified": false, "public_metrics": {"followers_count": 4379, "following_count": 4240, "tweet_count": 14927, "listed_count": 22}, "username": "Pavelrosales10", "name": "Pavel Rosales"}]}, "matching_rules": [{"id": 1401764684680683523, "tag": "Samuel Garcia"}]}