{"data": {"entities": {"annotations": [{"start": 64, "end": 73, "probability": 0.875, "type": "Person", "normalized_text": "Larrazabal"}], "mentions": [{"start": 3, "end": 19, "username": "araceli03956935"}, {"start": 21, "end": 29, "username": "ZMyBerg"}, {"start": 30, "end": 46, "username": "FaustoM11245891"}, {"start": 47, "end": 63, "username": "AdrianDeLaGarza"}]}, "author_id": "1102667702802501633", "source": "Twitter for iPhone", "created_at": "2021-06-07T04:59:39.000Z", "text": "RT @araceli03956935: @ZMyBerg @FaustoM11245891 @AdrianDeLaGarza Larrazabal es un traidor pudo haber inclinado la balanza.", "id": "1401765776995008512", "referenced_tweets": [{"type": "retweeted", "id": "1401762310641930243"}], "public_metrics": {"retweet_count": 2, "reply_count": 0, "like_count": 0, "quote_count": 0}}, "includes": {"users": [{"location": "Mexico", "protected": false, "created_at": "2019-03-04T20:30:41.000Z", "description": "Fifi, Neoliberal, Capitalista, Conservador y todo lo que el ganso que se hace pato me diga! Ap\u00fantenme en la lista!", "id": "1102667702802501633", "verified": false, "public_metrics": {"followers_count": 374, "following_count": 394, "tweet_count": 77993, "listed_count": 0}, "username": "Diosmanuel1", "name": "Diosmanuel"}]}, "matching_rules": [{"id": 1401764684680683522, "tag": "Adrian de la Garza"}]}