{"data": {"entities": {"annotations": [{"start": 45, "end": 54, "probability": 0.9176, "type": "Place", "normalized_text": "Nuevo Le\u00f3n"}], "mentions": [{"start": 3, "end": 11, "username": "ZMyBerg"}]}, "author_id": "3163053067", "source": "Twitter for Android", "created_at": "2021-06-07T04:59:41.000Z", "text": "RT @ZMyBerg: Lo que hicieron los panistas en Nuevo Le\u00f3n debe ser considerado traici\u00f3n a la patria. Hagan chang\u00fcitos para que @AdrianDeLaGar\u2026", "id": "1401765786147082240", "referenced_tweets": [{"type": "retweeted", "id": "1401743820899893249"}], "public_metrics": {"retweet_count": 202, "reply_count": 0, "like_count": 0, "quote_count": 0}}, "includes": {"users": [{"protected": false, "created_at": "2015-04-18T21:52:52.000Z", "description": "", "id": "3163053067", "verified": false, "public_metrics": {"followers_count": 250, "following_count": 386, "tweet_count": 32437, "listed_count": 3}, "username": "Miguel_angelare", "name": "Miguel Angel"}]}, "matching_rules": [{"id": 1401764684680683522, "tag": "Adrian de la Garza"}]}