{"data": {"entities": {"annotations": [{"start": 44, "end": 48, "probability": 0.6974, "type": "Person", "normalized_text": "Clara"}, {"start": 73, "end": 82, "probability": 0.5017, "type": "Person", "normalized_text": "Larrazabal"}], "mentions": [{"start": 3, "end": 17, "username": "DonPorfifirio"}, {"start": 19, "end": 34, "username": "claraluzflores"}]}, "author_id": "1251953774509174785", "source": "Twitter for iPhone", "created_at": "2021-06-07T04:59:49.000Z", "text": "RT @DonPorfifirio: @claraluzflores 14% -16% Clara. Esta bien cerrado con Larrazabal!\u270d\ufe0f\ud83e\uddd0", "id": "1401765819072188421", "referenced_tweets": [{"type": "retweeted", "id": "1401727667972489216"}], "public_metrics": {"retweet_count": 25, "reply_count": 0, "like_count": 0, "quote_count": 0}}, "includes": {"users": [{"location": "M\u00e9xico", "protected": false, "created_at": "2020-04-19T19:20:59.000Z", "description": "Mi Energ\u00eda", "id": "1251953774509174785", "verified": false, "public_metrics": {"followers_count": 115, "following_count": 171, "tweet_count": 9637, "listed_count": 0}, "username": "monterrosashf", "name": "Fernando Monterrosas"}]}, "matching_rules": [{"id": 1401764684680683524, "tag": "Clara Luz"}]}