{"data": {"entities": {"annotations": [{"start": 36, "end": 48, "probability": 0.9983, "type": "Person", "normalized_text": "Samuel Garcia"}, {"start": 133, "end": 138, "probability": 0.9851, "type": "Person", "normalized_text": "Marian"}], "mentions": [{"start": 3, "end": 15, "username": "ZizinetteSN"}]}, "author_id": "4147670240", "source": "Twitter for iPhone", "created_at": "2021-06-07T04:59:51.000Z", "text": "RT @ZizinetteSN: No puedo creer que Samuel Garcia vaya ganando no cabe duda que el pueblo tiene al gobernante que merece.\nA la pobre Marian\u2026", "id": "1401765826877923332", "referenced_tweets": [{"type": "retweeted", "id": "1401741355534200833"}], "public_metrics": {"retweet_count": 31, "reply_count": 0, "like_count": 0, "quote_count": 0}}, "includes": {"users": [{"location": "Monterrey, Nuevo Le\u00f3n", "protected": false, "created_at": "2015-11-06T16:08:50.000Z", "description": "Catadora de Mac and Chesse y limonadas | A la due\u00f1a de este perfil no le gustan las parvadas y los provida.", "id": "4147670240", "verified": false, "public_metrics": {"followers_count": 361, "following_count": 292, "tweet_count": 14124, "listed_count": 2}, "username": "GiGallardoG", "name": "Gi\ud83e\ude85"}]}, "matching_rules": [{"id": 1401764684680683523, "tag": "Samuel Garcia"}]}