{"data": {"entities": {"annotations": [{"start": 102, "end": 105, "probability": 0.4753, "type": "Place", "normalized_text": "Le\u00f3n"}], "mentions": [{"start": 0, "end": 15, "username": "RickyElSicario"}, {"start": 16, "end": 29, "username": "TinyTinyhope"}, {"start": 30, "end": 45, "username": "samuel_garcias"}]}, "in_reply_to_user_id": "1266434042766872576", "author_id": "1212639195035914240", "source": "Twitter Web App", "created_at": "2021-06-07T04:59:53.000Z", "text": "@RickyElSicario @TinyTinyhope @samuel_garcias Ustedes pueden mencionar el mejor gobernador para nuevo Le\u00f3n ?", "id": "1401765836256337924", "referenced_tweets": [{"type": "replied_to", "id": "1401764732927832066"}], "public_metrics": {"retweet_count": 0, "reply_count": 0, "like_count": 0, "quote_count": 0}}, "includes": {"users": [{"protected": false, "created_at": "2020-01-02T07:38:15.000Z", "description": "\ud83e\udd4b Artes marciales \n\u2699\ufe0f Ingeniero Mec\u00e1nico Electricista", "id": "1212639195035914240", "verified": false, "public_metrics": {"followers_count": 8, "following_count": 72, "tweet_count": 206, "listed_count": 0}, "username": "rogersilva_97", "name": "ROGER"}]}, "matching_rules": [{"id": 1401764684680683523, "tag": "Samuel Garcia"}]}