{"data": {"entities": {"annotations": [{"start": 29, "end": 41, "probability": 0.9964, "type": "Person", "normalized_text": "Mario Delgado"}, {"start": 106, "end": 114, "probability": 0.9152, "type": "Person", "normalized_text": "Clara Luz"}], "mentions": [{"start": 3, "end": 14, "username": "DIVALUSTAR"}]}, "author_id": "3240113856", "source": "Twitter for iPhone", "created_at": "2021-06-07T04:59:55.000Z", "text": "RT @DIVALUSTAR: Espero que a Mario Delgado le haya quedado claro que desde el inicio la gente no acept\u00f3 a Clara Luz y si se perdi\u00f3 fue por\u2026", "id": "1401765844573560836", "referenced_tweets": [{"type": "retweeted", "id": "1401734871131828228"}], "public_metrics": {"retweet_count": 80, "reply_count": 0, "like_count": 0, "quote_count": 0}}, "includes": {"users": [{"protected": false, "created_at": "2015-06-08T19:08:48.000Z", "description": "", "id": "3240113856", "verified": false, "public_metrics": {"followers_count": 510, "following_count": 4802, "tweet_count": 84043, "listed_count": 3}, "username": "09Manuel09Ba", "name": "MB"}]}, "matching_rules": [{"id": 1401764684680683524, "tag": "Clara Luz"}]}