{"data": {"entities": {"annotations": [{"start": 58, "end": 67, "probability": 0.548, "type": "Place", "normalized_text": "Macroplaza"}, {"start": 103, "end": 115, "probability": 0.9953, "type": "Person", "normalized_text": "Samuel Garc\u00eda"}], "mentions": [{"start": 86, "end": 101, "username": "MovCiudadanoMX"}, {"start": 118, "end": 133, "username": "samuel_garcias"}], "urls": [{"start": 229, "end": 252, "url": "https://t.co/16xF8wHdQK", "expanded_url": "https://www.24-horas.mx/2021/06/06/samuel-garcia-pospone-festejo-para-este-lunes/", "display_url": "24-horas.mx/2021/06/06/sam\u2026", "images": [{"url": "https://pbs.twimg.com/news_img/1401764733649367040/kM61mgZW?format=jpg&name=orig", "width": 1200, "height": 800}, {"url": "https://pbs.twimg.com/news_img/1401764733649367040/kM61mgZW?format=jpg&name=150x150", "width": 150, "height": 150}], "status": 200, "title": "Samuel Garc\u00eda pospone festejo para este lunes | 24 Horas", "description": "Debido a que el gobierno de Nuevo Le\u00f3n no le prest\u00f3 la Macroplaza, el candidato de Movimiento Ciudadano a la gubernatura de esta entidad, Samuel Garc\u00eda, anu", "unwound_url": "https://www.24-horas.mx/2021/06/06/samuel-garcia-pospone-festejo-para-este-lunes/"}], "hashtags": [{"start": 41, "end": 44, "tag": "NL"}]}, "author_id": "357050985", "source": "TweetDeck", "created_at": "2021-06-07T04:55:30.000Z", "text": "\u00a1Se pospone! Luego de que el gobierno de #NL no prest\u00f3 la Macroplaza, el candidato de @MovCiudadanoMX, Samuel Garc\u00eda (@samuel_garcias), anunci\u00f3 que su festejo por el virtual triunfo, se llevar\u00e1 a cabo este lunes a las 20:00 hrs. https://t.co/16xF8wHdQK", "id": "1401764732642775040", "public_metrics": {"retweet_count": 0, "reply_count": 0, "like_count": 0, "quote_count": 0}}, "includes": {"users": [{"location": "M\u00e9xico", "protected": false, "created_at": "2011-08-17T19:30:28.000Z", "description": "El primer peri\u00f3dico sin costo, con informaci\u00f3n propia y de primera mano.", "id": "357050985", "verified": true, "public_metrics": {"followers_count": 361315, "following_count": 600, "tweet_count": 824778, "listed_count": 2422}, "username": "diario24horas", "name": "@diario24horas"}]}, "matching_rules": [{"id": 1401764684680683523, "tag": "Samuel Garcia"}]}