{"data": {"author_id": "1209470171364122624", "source": "Twitter Web App", "created_at": "2021-06-07T04:59:59.000Z", "text": "no lo puedo creer de verdad\n\ud83d\ude29 https://t.co/Ga6JiE6JBQ", "id": "1401765859144634368", "referenced_tweets": [{"type": "quoted", "id": "1401698749265723392"}], "entities": {"urls": [{"start": 30, "end": 53, "url": "https://t.co/Ga6JiE6JBQ", "expanded_url": "https://twitter.com/eduardoavelarc/status/1401698749265723392", "display_url": "twitter.com/eduardoavelarc\u2026"}]}, "public_metrics": {"retweet_count": 0, "reply_count": 0, "like_count": 0, "quote_count": 0}}, "includes": {"users": [{"protected": false, "created_at": "2019-12-24T13:45:51.000Z", "description": "\ud83c\uddf2\ud83c\uddfd // 20", "id": "1209470171364122624", "verified": false, "public_metrics": {"followers_count": 141, "following_count": 261, "tweet_count": 8623, "listed_count": 0}, "username": "princesaxlatina", "name": "Valentina."}]}, "matching_rules": [{"id": 1401764684680683523, "tag": "Samuel Garcia"}]}