{"data": {"entities": {"annotations": [{"start": 324, "end": 326, "probability": 0.9256, "type": "Organization", "normalized_text": "PAN"}, {"start": 328, "end": 330, "probability": 0.8366, "type": "Organization", "normalized_text": "PRI"}, {"start": 332, "end": 334, "probability": 0.8551, "type": "Organization", "normalized_text": "PRD"}], "mentions": [{"start": 0, "end": 15, "username": "alvaro_delgado"}, {"start": 16, "end": 30, "username": "DanyBarraganG"}, {"start": 31, "end": 42, "username": "paezvarela"}, {"start": 43, "end": 59, "username": "lorenzocordovav"}, {"start": 60, "end": 75, "username": "RomiinaGandara"}, {"start": 76, "end": 86, "username": "lupita_GD"}, {"start": 87, "end": 96, "username": "ilsegarc"}, {"start": 97, "end": 113, "username": "CiroMurayamaINE"}, {"start": 114, "end": 129, "username": "marcosvizcarra"}, {"start": 130, "end": 145, "username": "mundovelazquez"}, {"start": 146, "end": 156, "username": "INEMexico"}, {"start": 157, "end": 172, "username": "BlancaHerediaR"}, {"start": 173, "end": 188, "username": "badillo_contra"}, {"start": 189, "end": 201, "username": "contralinea"}, {"start": 202, "end": 215, "username": "jorgezepedap"}, {"start": 216, "end": 231, "username": "samuel_garcias"}], "urls": [{"start": 417, "end": 440, "url": "https://t.co/EDLQnNs3mn", "expanded_url": "https://www.youtube.com/watch?v=JloX1aFSIJg", "display_url": "youtube.com/watch?v=JloX1a\u2026", "images": [{"url": "https://pbs.twimg.com/news_img/1401675794296971271/-g74m-hO?format=jpg&name=orig", "width": 1280, "height": 720}, {"url": "https://pbs.twimg.com/news_img/1401675794296971271/-g74m-hO?format=jpg&name=150x150", "width": 150, "height": 150}], "status": 200, "title": "#EnVivo | #CoberturaEspecial | Cierran las casillas. Los primeros resultados", "description": "Visita www.sinembargo.mxFacebook: www.facebook.com/SinEmbargoMXTwitter: www.twitter.com/SinEmbargoMXInstagram: www.instagram.com/sinembargomx#Pol\u00edtica #Notic...", "unwound_url": "https://www.youtube.com/watch?v=JloX1aFSIJg"}, {"start": 441, "end": 464, "url": "https://t.co/ClyAHPu2MA", "expanded_url": "https://twitter.com/SinEmbargoMX/status/1401765866551848964/photo/1", "display_url": "pic.twitter.com/ClyAHPu2MA"}], "hashtags": [{"start": 232, "end": 247, "tag": "Elecciones2021"}]}, "in_reply_to_user_id": "244218738", "author_id": "244218738", "source": "TweetDeck", "created_at": "2021-06-07T05:00:00.000Z", "text": "@alvaro_delgado @DanyBarraganG @paezvarela @lorenzocordovav @RomiinaGandara @lupita_GD @ilsegarc @CiroMurayamaINE @marcosvizcarra @mundovelazquez @INEMexico @BlancaHerediaR @badillo_contra @contralinea @jorgezepedap @samuel_garcias #Elecciones2021\n\ud83d\udccd CDMX\n\nEn la capital mexicana, as\u00ed luce el mapa electoral; alianza por el PAN-PRI-PRD mantiene al corte de las 23:50hrs ventaja en el n\u00famero de candidaturas obtenidas  https://t.co/EDLQnNs3mn https://t.co/ClyAHPu2MA", "id": "1401765866551848964", "referenced_tweets": [{"type": "replied_to", "id": "1401758015351574530"}], "attachments": {"media_keys": ["3_1401765494684852225"]}, "public_metrics": {"retweet_count": 0, "reply_count": 0, "like_count": 0, "quote_count": 0}}, "includes": {"users": [{"location": "M\u00e9xico", "protected": false, "created_at": "2011-01-28T20:21:23.000Z", "description": "Rigor, Responsabilidad y Libertad", "id": "244218738", "verified": true, "public_metrics": {"followers_count": 1550932, "following_count": 400, "tweet_count": 1070243, "listed_count": 6320}, "username": "SinEmbargoMX", "name": "SinEmbargo"}]}, "matching_rules": [{"id": 1401764684680683523, "tag": "Samuel Garcia"}]}