{"data": {"author_id": "1390293193988657157", "source": "Twitter for Android", "created_at": "2021-06-07T04:55:30.000Z", "text": "RT @LaEstherMaria: @samuel_garcias Deja de desinformar a la gente, bien sabes que esto a\u00fan no se acaba, c\u00f3mo te atreves a decir que ganaste\u2026", "id": "1401764734819463171", "entities": {"mentions": [{"start": 3, "end": 17, "username": "LaEstherMaria"}, {"start": 19, "end": 34, "username": "samuel_garcias"}]}, "referenced_tweets": [{"type": "retweeted", "id": "1401762730466365448"}], "public_metrics": {"retweet_count": 11, "reply_count": 0, "like_count": 0, "quote_count": 0}}, "includes": {"users": [{"location": "Mexico", "protected": false, "created_at": "2021-05-06T13:11:56.000Z", "description": "Mexa, Chef e inteligente", "id": "1390293193988657157", "verified": false, "public_metrics": {"followers_count": 180, "following_count": 350, "tweet_count": 736, "listed_count": 0}, "username": "MauriJimenezS", "name": "Mauricio Jimenez"}]}, "matching_rules": [{"id": 1401764684680683523, "tag": "Samuel Garcia"}]}