{"data": {"entities": {"urls": [{"start": 105, "end": 128, "url": "https://t.co/FnINnnUBWE", "expanded_url": "https://twitter.com/Erivlt/status/1398284358113533962", "display_url": "twitter.com/Erivlt/status/\u2026"}], "annotations": [{"start": 11, "end": 23, "probability": 0.9946, "type": "Person", "normalized_text": "Samuel Garcia"}]}, "id": "1401766461207625730", "text": "Pusieron a Samuel Garcia de gobernador, nos podemos seguir burlando hasta que la tierra deje de existir. https://t.co/FnINnnUBWE", "context_annotations": [{"domain": {"id": "119", "name": "Holiday", "description": "Holidays like Christmas or Halloween"}, "entity": {"id": "1286645331686350848", "name": "Dia de la Independencia (Grito de Dolores) ", "description": "This entity includes conversations about Dia de la Independencia (Grito de Dolores) for all years."}}], "created_at": "2021-06-07T05:02:22.000Z", "referenced_tweets": [{"type": "quoted", "id": "1398284358113533962"}], "public_metrics": {"retweet_count": 0, "reply_count": 0, "like_count": 0, "quote_count": 0}, "source": "Twitter Web App", "author_id": "131350935"}, "includes": {"users": [{"public_metrics": {"followers_count": 1119, "following_count": 275, "tweet_count": 65413, "listed_count": 30}, "username": "theOzcorp", "name": "SusanOz Distancia", "id": "131350935", "description": "Not living.Just killing time.", "verified": false, "created_at": "2010-04-10T01:09:45.000Z", "location": "mexicou of the tunas", "protected": false}]}, "matching_rules": [{"id": 1401766500256546822, "tag": "Samuel Garcia"}]}