{"data": {"entities": {"urls": [{"start": 57, "end": 80, "url": "https://t.co/IN29VOqoFI", "expanded_url": "https://twitter.com/ateneam/status/1401765870393823234", "display_url": "twitter.com/ateneam/status\u2026"}], "annotations": [{"start": 50, "end": 54, "probability": 0.9692, "type": "Person", "normalized_text": "Anaya"}]}, "id": "1401766467318681603", "text": "Se les dijo y se le dijo y se les dijo. Igual que Anaya. https://t.co/IN29VOqoFI", "context_annotations": [{"domain": {"id": "65", "name": "Interests and Hobbies Vertical", "description": "Top level interests and hobbies groupings, like Food or Travel"}, "entity": {"id": "847529762566230016", "name": "Business and finance", "description": "Business"}}, {"domain": {"id": "66", "name": "Interests and Hobbies Category", "description": "A grouping of interests and hobbies entities, like Novelty Food or Destinations"}, "entity": {"id": "857878521472888832", "name": "Advertising", "description": "Advertising"}}, {"domain": {"id": "10", "name": "Person", "description": "Named people in the world like Nelson Mandela"}, "entity": {"id": "905179827732283393", "name": "Ricardo Anaya Cort\u00e9s", "description": "Ricardo Anaya Cort\u00e9s"}}, {"domain": {"id": "35", "name": "Politician", "description": "Politicians in the world, like Joe Biden"}, "entity": {"id": "905179827732283393", "name": "Ricardo Anaya Cort\u00e9s", "description": "Ricardo Anaya Cort\u00e9s"}}], "created_at": "2021-06-07T05:02:24.000Z", "referenced_tweets": [{"type": "quoted", "id": "1401765870393823234"}], "public_metrics": {"retweet_count": 0, "reply_count": 0, "like_count": 0, "quote_count": 0}, "source": "Twitter for iPhone", "author_id": "15347035"}, "includes": {"users": [{"public_metrics": {"followers_count": 699, "following_count": 579, "tweet_count": 13552, "listed_count": 11}, "username": "Mala_influencia", "name": "Daniel Vargas", "id": "15347035", "description": "Inerme y semin\u00f3mada. Tomo fotos \ud83d\udcf7", "verified": false, "created_at": "2008-07-07T22:03:26.000Z", "location": "Mexico", "protected": false}]}, "matching_rules": [{"id": 1401766500256546822, "tag": "Samuel Garcia"}]}