{"data": {"entities": {"mentions": [{"start": 0, "end": 14, "username": "Parescobedo21"}, {"start": 15, "end": 26, "username": "JosePradaa"}, {"start": 27, "end": 42, "username": "samuel_garcias"}]}, "id": "1401766490471288838", "text": "@Parescobedo21 @JosePradaa @samuel_garcias Los mismos rateros de siempre.alabenlos besenle los zapatos", "context_annotations": [{"domain": {"id": "65", "name": "Interests and Hobbies Vertical", "description": "Top level interests and hobbies groupings, like Food or Travel"}, "entity": {"id": "844603730221707264", "name": "Fashion", "description": "Fashion"}}, {"domain": {"id": "65", "name": "Interests and Hobbies Vertical", "description": "Top level interests and hobbies groupings, like Food or Travel"}, "entity": {"id": "847868745150119936", "name": "Home & family", "description": "Hobbies and interests"}}, {"domain": {"id": "66", "name": "Interests and Hobbies Category", "description": "A grouping of interests and hobbies entities, like Novelty Food or Destinations"}, "entity": {"id": "844604232737087488", "name": "General Fashion", "description": "General Fashion"}}, {"domain": {"id": "67", "name": "Interests and Hobbies", "description": "Interests, opinions, and behaviors of individuals, groups, or cultures; like Speciality Cooking or Theme Parks"}, "entity": {"id": "846810837301932032", "name": "Shoes", "description": "Fashion"}}], "created_at": "2021-06-07T05:02:29.000Z", "referenced_tweets": [{"type": "replied_to", "id": "1401758995250098177"}], "in_reply_to_user_id": "829786094136868864", "public_metrics": {"retweet_count": 0, "reply_count": 0, "like_count": 0, "quote_count": 0}, "source": "Twitter Web App", "author_id": "1393150205294309378"}, "includes": {"users": [{"public_metrics": {"followers_count": 11, "following_count": 224, "tweet_count": 488, "listed_count": 0}, "username": "ChiveroS", "name": "Chivero De Sierra", "id": "1393150205294309378", "description": "", "verified": false, "created_at": "2021-05-14T10:26:26.000Z", "protected": false}]}, "matching_rules": [{"id": 1401766500256546822, "tag": "Samuel Garcia"}]}