{"data": {"entities": {"mentions": [{"start": 3, "end": 11, "username": "ZMyBerg"}], "annotations": [{"start": 45, "end": 54, "probability": 0.9176, "type": "Place", "normalized_text": "Nuevo Le\u00f3n"}]}, "id": "1401766491536736258", "text": "RT @ZMyBerg: Lo que hicieron los panistas en Nuevo Le\u00f3n debe ser considerado traici\u00f3n a la patria. Hagan chang\u00fcitos para que @AdrianDeLaGar\u2026", "created_at": "2021-06-07T05:02:29.000Z", "referenced_tweets": [{"type": "retweeted", "id": "1401743820899893249"}], "public_metrics": {"retweet_count": 208, "reply_count": 0, "like_count": 0, "quote_count": 0}, "source": "Twitter for Android", "author_id": "1310335577590562817"}, "includes": {"users": [{"public_metrics": {"followers_count": 2041, "following_count": 1680, "tweet_count": 4080, "listed_count": 2}, "username": "Vanesa_Faure", "name": "\ud835\udcb1\ud835\udcb6\ud835\udcc3\u212f\ud835\udcc8\ud835\udcb6 \u2131\ud835\udcb6\ud835\udcca\ud835\udcc7\u212f \ud83d\udc99", "id": "1310335577590562817", "description": "Es Dif\u00edcil Liberar A Los Necios De Las Cadenas Que Veneran. \ud83c\uddf2\ud83c\uddfd", "verified": false, "created_at": "2020-09-27T21:49:12.000Z", "location": "Monterrey, Nuevo Le\u00f3n", "protected": false}]}, "matching_rules": [{"id": 1401766500256546820, "tag": "Adrian de la Garza"}]}