{"data": {"entities": {"mentions": [{"start": 3, "end": 16, "username": "pacopernico9"}], "annotations": [{"start": 67, "end": 83, "probability": 0.9985, "type": "Person", "normalized_text": "Mariana Rodriguez"}, {"start": 112, "end": 124, "probability": 0.9951, "type": "Person", "normalized_text": "Samuel Garcia"}]}, "id": "1401766549061517315", "text": "RT @pacopernico9: La cara de la anor\u00e9xica y fifi del narcotr\u00e1fico, Mariana Rodriguez, esposa del narcojunior de Samuel Garcia, lo dice abso\u2026", "created_at": "2021-06-07T05:02:43.000Z", "referenced_tweets": [{"type": "retweeted", "id": "1401705023151742979"}], "public_metrics": {"retweet_count": 82, "reply_count": 0, "like_count": 0, "quote_count": 0}, "source": "Twitter for Android", "author_id": "2233910527"}, "includes": {"users": [{"public_metrics": {"followers_count": 251, "following_count": 184, "tweet_count": 19253, "listed_count": 1}, "username": "alann727", "name": "a l a n \ud83d\udc23", "id": "2233910527", "description": "\ud83d\udcf8: alann727", "verified": false, "created_at": "2013-12-07T04:00:04.000Z", "location": "Monterrey, Nuevo Le\u00f3n", "protected": false}]}, "matching_rules": [{"id": 1401766500256546822, "tag": "Samuel Garcia"}]}