{"data": {"entities": {"annotations": [{"start": 93, "end": 98, "probability": 0.9945, "type": "Person", "normalized_text": "Samuel"}, {"start": 105, "end": 114, "probability": 0.9556, "type": "Person", "normalized_text": "Larrazabal"}, {"start": 119, "end": 124, "probability": 0.6693, "type": "Person", "normalized_text": "Adrian"}, {"start": 131, "end": 135, "probability": 0.8251, "type": "Person", "normalized_text": "Clara"}], "mentions": [{"start": 3, "end": 19, "username": "luispadua_info7"}, {"start": 40, "end": 55, "username": "samuel_garcias"}, {"start": 62, "end": 70, "username": "ceenlmx"}]}, "author_id": "556298800", "source": "Twitter Web App", "created_at": "2021-06-07T04:55:33.000Z", "text": "RT @luispadua_info7: Declaran ganador a @samuel_garcias en la @ceenlmx con estos resultados: Samuel 37.2 Larrazabal 19 Adrian 28.5 Clara 15\u2026", "id": "1401764747335421952", "referenced_tweets": [{"type": "retweeted", "id": "1401764277720027136"}], "public_metrics": {"retweet_count": 6, "reply_count": 0, "like_count": 0, "quote_count": 0}}, "includes": {"users": [{"protected": false, "created_at": "2012-04-17T21:27:13.000Z", "description": "", "id": "556298800", "verified": false, "public_metrics": {"followers_count": 488, "following_count": 4999, "tweet_count": 32297, "listed_count": 5}, "username": "Sempo78", "name": "\u30a8\u30f3\u30ea\u30b1"}]}, "matching_rules": [{"id": 1401764684680683523, "tag": "Samuel Garcia"}]}