{"data": {"entities": {"mentions": [{"start": 0, "end": 12, "username": "luisghernan"}, {"start": 13, "end": 28, "username": "claraluzflores"}, {"start": 29, "end": 45, "username": "PartidoMorenaMx"}, {"start": 46, "end": 60, "username": "mario_delgado"}], "annotations": [{"start": 75, "end": 81, "probability": 0.9914, "type": "Person", "normalized_text": "Delgado"}, {"start": 200, "end": 203, "probability": 0.9083, "type": "Person", "normalized_text": "AMLO"}]}, "id": "1401766558842621953", "text": "@luisghernan @claraluzflores @PartidoMorenaMx @mario_delgado La gesti\u00f3n de Delgado va m\u00e1s all\u00e1 de una sola gubernatura... aunque es obvio que no es brillante, si logra sacar adelante los proyectos de AMLO, se quedar\u00e1 en MORENA", "created_at": "2021-06-07T05:02:45.000Z", "referenced_tweets": [{"type": "replied_to", "id": "1401682306738294785"}], "in_reply_to_user_id": "53907743", "public_metrics": {"retweet_count": 0, "reply_count": 0, "like_count": 0, "quote_count": 0}, "source": "Twitter Web App", "author_id": "2904786684"}, "includes": {"users": [{"public_metrics": {"followers_count": 1362, "following_count": 1162, "tweet_count": 23531, "listed_count": 4}, "username": "MasterDavidSG", "name": "M\u00e1ster Sanchez", "id": "2904786684", "description": "Buscador y promotor del pensamiento racional, estructurado, profundo y real. No me vendo ni compro mentiras. Libertad total. Anarqu\u00eda racional!", "verified": false, "created_at": "2014-11-20T05:08:25.000Z", "location": "El Universo Chilango", "protected": false}]}, "matching_rules": [{"id": 1401766500256546821, "tag": "Clara Luz"}]}