{"data": {"entities": {"annotations": [{"start": 45, "end": 54, "probability": 0.9176, "type": "Place", "normalized_text": "Nuevo Le\u00f3n"}], "mentions": [{"start": 3, "end": 11, "username": "ZMyBerg"}]}, "author_id": "481747934", "source": "Twitter for Android", "created_at": "2021-06-07T04:55:34.000Z", "text": "RT @ZMyBerg: Lo que hicieron los panistas en Nuevo Le\u00f3n debe ser considerado traici\u00f3n a la patria. Hagan chang\u00fcitos para que @AdrianDeLaGar\u2026", "id": "1401764749864488960", "referenced_tweets": [{"type": "retweeted", "id": "1401743820899893249"}], "public_metrics": {"retweet_count": 194, "reply_count": 0, "like_count": 0, "quote_count": 0}}, "includes": {"users": [{"location": "Monterrey", "protected": false, "created_at": "2012-02-03T04:05:30.000Z", "description": "De aqu\u00ed a las elecciones del 6 de junio vamos con todo contra Morena, los chairos y el peje. Por ti, por mi y sobre todo por M\u00e9xico. \n\n\n\ud83d\udc2f\ud83d\udc99\ud83d\udc9b", "id": "481747934", "verified": false, "public_metrics": {"followers_count": 2829, "following_count": 3411, "tweet_count": 29445, "listed_count": 8}, "username": "shabedotcom", "name": "Isabela"}]}, "matching_rules": [{"id": 1401764684680683522, "tag": "Adrian de la Garza"}]}