{"data": {"entities": {"mentions": [{"start": 3, "end": 12, "username": "Chokko30"}, {"start": 93, "end": 108, "username": "samuel_garcias"}], "annotations": [{"start": 49, "end": 62, "probability": 0.3971, "type": "Person", "normalized_text": "Nuevoleonenses"}]}, "id": "1401766623187509250", "text": "RT @Chokko30: Aqu\u00ed les tra\u00edgo su medicina a esos Nuevoleonenses que votaron por este Pendej0 @samuel_garcias \n\n\u00bfCuantas cajas quieren? Son\u2026", "created_at": "2021-06-07T05:03:01.000Z", "referenced_tweets": [{"type": "retweeted", "id": "1401717971077058563"}], "public_metrics": {"retweet_count": 99, "reply_count": 0, "like_count": 0, "quote_count": 0}, "source": "Twitter for Android", "author_id": "838075323124178944"}, "includes": {"users": [{"public_metrics": {"followers_count": 388, "following_count": 501, "tweet_count": 4119, "listed_count": 0}, "username": "jesus_odon", "name": "J. O. M", "id": "838075323124178944", "description": "Cuando cambia la mentalidad de un pueblo, cambia todo. #AMLO", "verified": false, "created_at": "2017-03-04T17:15:02.000Z", "location": "Nuevo Le\u00f3n, M\u00e9xico", "protected": false}]}, "matching_rules": [{"id": 1401766500256546822, "tag": "Samuel Garcia"}]}