{"data": {"entities": {"mentions": [{"start": 100, "end": 115, "username": "claraluzflores"}], "urls": [{"start": 135, "end": 158, "url": "https://t.co/DTwqHLlVwI", "expanded_url": "https://twitter.com/MVPIII18/status/1401766631752273926/photo/1", "display_url": "pic.twitter.com/DTwqHLlVwI"}], "annotations": [{"start": 21, "end": 25, "probability": 0.5998, "type": "Person", "normalized_text": "Clara"}]}, "id": "1401766631752273926", "attachments": {"media_keys": ["3_1401766629650862081"]}, "text": "Como la Perdedora de Clara luz te bloquea por decirle que ya perdi\u00f3 jajajajja se noto la mentirosa  @Claraluzflores  jajajaja ridicula https://t.co/DTwqHLlVwI", "created_at": "2021-06-07T05:03:03.000Z", "public_metrics": {"retweet_count": 0, "reply_count": 0, "like_count": 0, "quote_count": 0}, "source": "Twitter for Android", "author_id": "1364978886166118406"}, "includes": {"users": [{"public_metrics": {"followers_count": 8, "following_count": 194, "tweet_count": 774, "listed_count": 0}, "username": "MVPIII18", "name": "Whisky con Botana", "id": "1364978886166118406", "description": "", "verified": false, "created_at": "2021-02-25T16:41:51.000Z", "protected": false}]}, "matching_rules": [{"id": 1401766500256546821, "tag": "Clara Luz"}]}