{"data": {"entities": {"mentions": [{"start": 3, "end": 10, "username": "xqtzal"}], "annotations": [{"start": 18, "end": 35, "probability": 0.6911, "type": "Person", "normalized_text": "Adri\u00e1n de la Garza"}, {"start": 55, "end": 60, "probability": 0.94, "type": "Person", "normalized_text": "Samuel"}, {"start": 80, "end": 88, "probability": 0.6732, "type": "Person", "normalized_text": "Clara Luz"}, {"start": 106, "end": 124, "probability": 0.1994, "type": "Place", "normalized_text": "Colosio, Cienfuegos"}, {"start": 127, "end": 136, "probability": 0.4716, "type": "Place", "normalized_text": "Larrazabal"}]}, "id": "1401766634629611529", "text": "RT @xqtzal: Eee a Adri\u00e1n de la Garza le vales verga.\nA Samuel le vales verga.\nA Clara Luz le vales verga.\nColosio, Cienfuegos, Larrazabal,\u2026", "created_at": "2021-06-07T05:03:03.000Z", "referenced_tweets": [{"type": "retweeted", "id": "1401695735796613121"}], "public_metrics": {"retweet_count": 104, "reply_count": 0, "like_count": 0, "quote_count": 0}, "source": "Twitter for iPhone", "author_id": "355637799"}, "includes": {"users": [{"public_metrics": {"followers_count": 516, "following_count": 591, "tweet_count": 22889, "listed_count": 4}, "username": "lesliemgallegos", "name": "Leslie Michelle", "id": "355637799", "description": "instagram:lesliemgallegos", "verified": false, "created_at": "2011-08-15T17:24:48.000Z", "protected": false}]}, "matching_rules": [{"id": 1401766500256546821, "tag": "Clara Luz"}]}