{"data": {"entities": {"urls": [{"start": 7, "end": 30, "url": "https://t.co/Lq6NJBMfPi", "expanded_url": "https://twitter.com/zmyberg/status/1401743820899893249", "display_url": "twitter.com/zmyberg/status\u2026"}]}, "id": "1401766705349619716", "text": "Asi es https://t.co/Lq6NJBMfPi", "created_at": "2021-06-07T05:03:20.000Z", "referenced_tweets": [{"type": "quoted", "id": "1401743820899893249"}], "public_metrics": {"retweet_count": 0, "reply_count": 0, "like_count": 0, "quote_count": 0}, "source": "Twitter for iPhone", "author_id": "1361897849626136579"}, "includes": {"users": [{"public_metrics": {"followers_count": 21, "following_count": 32, "tweet_count": 832, "listed_count": 0}, "username": "Claudia98448872", "name": "Claudia Veronica Reyes Fierro", "id": "1361897849626136579", "description": "", "verified": false, "created_at": "2021-02-17T04:39:00.000Z", "protected": false}]}, "matching_rules": [{"id": 1401766500256546820, "tag": "Adrian de la Garza"}]}