{"data": {"entities": {"hashtags": [{"start": 21, "end": 31, "tag": "NuevoLe\u00f3n"}], "mentions": [{"start": 3, "end": 17, "username": "GustavoRocMtz"}, {"start": 33, "end": 49, "username": "PartidoMorenaMx"}, {"start": 122, "end": 138, "username": "PartidoMorenaMx"}], "annotations": [{"start": 82, "end": 90, "probability": 0.6194, "type": "Person", "normalized_text": "Clara Luz"}, {"start": 109, "end": 120, "probability": 0.25, "type": "Other", "normalized_text": "Neo Leoneses"}]}, "id": "1401766708218675202", "text": "RT @GustavoRocMtz: A #NuevoLe\u00f3n  @PartidoMorenaMx lo entreg\u00f3 desde la elecci\u00f3n de Clara Luz, a nosotros, los Neo Leoneses @PartidoMorenaMx\u2026", "created_at": "2021-06-07T05:03:21.000Z", "referenced_tweets": [{"type": "retweeted", "id": "1401711713343492097"}], "public_metrics": {"retweet_count": 282, "reply_count": 0, "like_count": 0, "quote_count": 0}, "source": "Twitter for Android", "author_id": "151909817"}, "includes": {"users": [{"public_metrics": {"followers_count": 392, "following_count": 1129, "tweet_count": 9350, "listed_count": 0}, "username": "sandiegolito", "name": "tatoaimar", "id": "151909817", "description": "'los caminos de la vida, no son como yo pensaba' U. A. D. de U.A.N.", "verified": false, "created_at": "2010-06-04T15:20:57.000Z", "location": "tepic", "protected": false}]}, "matching_rules": [{"id": 1401766500256546821, "tag": "Clara Luz"}]}