{"data": {"entities": {"mentions": [{"start": 0, "end": 14, "username": "Rosco78217310"}, {"start": 15, "end": 30, "username": "samuel_garcias"}]}, "id": "1401766800933621761", "text": "@Rosco78217310 @samuel_garcias Que r\u00e1pidos los Bots", "created_at": "2021-06-07T05:03:43.000Z", "referenced_tweets": [{"type": "replied_to", "id": "1401766364973604867"}], "in_reply_to_user_id": "1100848289505628160", "public_metrics": {"retweet_count": 0, "reply_count": 0, "like_count": 0, "quote_count": 0}, "source": "Twitter for Android", "author_id": "1258486993153122306"}, "includes": {"users": [{"public_metrics": {"followers_count": 259, "following_count": 547, "tweet_count": 934, "listed_count": 0}, "username": "Braulio2404", "name": "Braulio\u00ae", "id": "1258486993153122306", "description": "Por que quiero un pa\u00eds mejor construyo @ValorXMexico", "verified": false, "created_at": "2020-05-07T20:01:04.000Z", "protected": false}]}, "matching_rules": [{"id": 1401766500256546822, "tag": "Samuel Garcia"}]}