{"data": {"id": "1401766802233901056", "text": "Motivaci\u00f3n del d\u00eda: Samuel Garcia como gobernador de nuevo le\u00f3n, arrancate", "entities": {"annotations": [{"start": 20, "end": 32, "probability": 0.9959, "type": "Person", "normalized_text": "Samuel Garcia"}]}, "created_at": "2021-06-07T05:03:43.000Z", "public_metrics": {"retweet_count": 0, "reply_count": 0, "like_count": 0, "quote_count": 0}, "source": "Twitter for Android", "author_id": "1234192243956817921"}, "includes": {"users": [{"public_metrics": {"followers_count": 113, "following_count": 362, "tweet_count": 8378, "listed_count": 1}, "username": "OmarASP09", "name": "\u3116\u5342\u4e02 \ud83d\udc99", "id": "1234192243956817921", "description": "Tu, tu y tu, me la pelan\n\nPonte nuevo, ponte le\u00f3n, ponte nuevo, nuevo le\u00f3n\n\nMamberroi", "verified": false, "created_at": "2020-03-01T19:02:24.000Z", "location": "Culiac\u00e1n, Sinaloa", "protected": false}]}, "matching_rules": [{"id": 1401766500256546822, "tag": "Samuel Garcia"}]}