{"data": {"entities": {"mentions": [{"start": 3, "end": 15, "username": "EFToussaint"}, {"start": 46, "end": 61, "username": "samuel_garcias"}], "annotations": [{"start": 31, "end": 40, "probability": 0.2597, "type": "Person", "normalized_text": "Nuevo Le\u00f3n"}, {"start": 81, "end": 90, "probability": 0.6641, "type": "Place", "normalized_text": "Nuevo Le\u00f3n"}, {"start": 120, "end": 137, "probability": 0.9239, "type": "Person", "normalized_text": "Adri\u00e1n de la Garza"}]}, "id": "1401766809179607048", "text": "RT @EFToussaint: Conteo r\u00e1pido Nuevo Le\u00f3n: \n\n.@samuel_garcias ser\u00e1 gobernador de Nuevo Le\u00f3n. Le saca casi dos d\u00edgitos a Adri\u00e1n de la Garza.", "created_at": "2021-06-07T05:03:45.000Z", "referenced_tweets": [{"type": "retweeted", "id": "1401765032996786176"}], "public_metrics": {"retweet_count": 7, "reply_count": 0, "like_count": 0, "quote_count": 0}, "source": "Twitter for Android", "author_id": "903893100"}, "includes": {"users": [{"public_metrics": {"followers_count": 724, "following_count": 3200, "tweet_count": 17212, "listed_count": 11}, "username": "jlalfarocinico", "name": "Jose L Alfaro", "id": "903893100", "description": "Gdl", "verified": false, "created_at": "2012-10-25T13:22:58.000Z", "location": "Zapopan", "protected": false}]}, "matching_rules": [{"id": 1401766500256546822, "tag": "Samuel Garcia"}]}