{"data": {"entities": {"mentions": [{"start": 3, "end": 14, "username": "Karileon__"}], "annotations": [{"start": 53, "end": 65, "probability": 0.9984, "type": "Person", "normalized_text": "Samuel Garc\u00eda"}]}, "id": "1401766897293594628", "text": "RT @Karileon__: Todos esos que se quejan de que gan\u00f3 Samuel Garc\u00eda y la chingada wey que quer\u00edas?? que ganara clara luz de morena con su pi\u2026", "created_at": "2021-06-07T05:04:06.000Z", "referenced_tweets": [{"type": "retweeted", "id": "1401766413870592007"}], "public_metrics": {"retweet_count": 1, "reply_count": 0, "like_count": 0, "quote_count": 0}, "source": "Twitter for Android", "author_id": "1236200825912991748"}, "includes": {"users": [{"public_metrics": {"followers_count": 93, "following_count": 936, "tweet_count": 1739, "listed_count": 0}, "username": "riiiiick23", "name": "Dr. Katze MCMXCI \ud83d\udc08", "id": "1236200825912991748", "description": "El gato de la mipera\nT.U.M., MCP, MPSS (Cuenta de respaldo)\nFuturo R1 Cirug\u00eda Gral.", "verified": false, "created_at": "2020-03-07T08:03:47.000Z", "location": "Monterrey, Nuevo Le\u00f3n", "protected": false}]}, "matching_rules": [{"id": 1401766500256546821, "tag": "Clara Luz"}]}