{"data": {"entities": {"urls": [{"start": 40, "end": 63, "url": "https://t.co/1K46IF78Ys", "expanded_url": "https://twitter.com/sinembargomx/status/1401765866551848964", "display_url": "twitter.com/sinembargomx/s\u2026"}]}, "id": "1401766906856673280", "text": "Y ahora... \u00bftemblamos? \ud83e\udd26\ud83c\udffb\u200d\u2642\ufe0fQue muerda. https://t.co/1K46IF78Ys", "created_at": "2021-06-07T05:04:08.000Z", "referenced_tweets": [{"type": "quoted", "id": "1401765866551848964"}], "public_metrics": {"retweet_count": 0, "reply_count": 0, "like_count": 0, "quote_count": 0}, "source": "Twitter for iPhone", "author_id": "402164626"}, "includes": {"users": [{"public_metrics": {"followers_count": 485, "following_count": 661, "tweet_count": 35249, "listed_count": 5}, "username": "KarlosLopezH", "name": "Karli Uchis", "id": "402164626", "description": "Mi nombre s\u00ed es con K | Copywriter & Music Journalist | Torpe por naturaleza", "verified": false, "created_at": "2011-10-31T17:05:28.000Z", "location": "M\u00e9xico, D.F.", "protected": false}]}, "matching_rules": [{"id": 1401766500256546822, "tag": "Samuel Garcia"}]}