{"data": {"entities": {"urls": [{"start": 90, "end": 113, "url": "https://t.co/dRIzcclVez", "expanded_url": "https://twitter.com/sinembargomx/status/1401765866551848964", "display_url": "twitter.com/sinembargomx/s\u2026"}], "annotations": [{"start": 0, "end": 3, "probability": 0.7566, "type": "Place", "normalized_text": "CDMX"}]}, "geo": {"place_id": "0ac8a42f23e8f736"}, "id": "1401766917745135619", "text": "CDMX, por d\u00e9cadas gobernada por la izquierda, ahora tiene mayor\u00eda de alcald\u00edas panistas.\ud83d\udc40 https://t.co/dRIzcclVez", "created_at": "2021-06-07T05:04:11.000Z", "referenced_tweets": [{"type": "quoted", "id": "1401765866551848964"}], "public_metrics": {"retweet_count": 0, "reply_count": 0, "like_count": 0, "quote_count": 0}, "source": "Twitter for iPhone", "author_id": "150358786"}, "includes": {"users": [{"public_metrics": {"followers_count": 7156, "following_count": 3240, "tweet_count": 64240, "listed_count": 81}, "username": "mundovelazquez", "name": "\ud83c\udf08MundoVel\u00e1zquez\ud83c\udf0f", "id": "150358786", "description": "Me gusta contar historias en @LaPaginaNegraMX, @CentralPuebla y el podcast @quierenchou", "verified": false, "created_at": "2010-05-31T18:50:38.000Z", "location": "Puebla, Mx.", "protected": false}]}, "matching_rules": [{"id": 1401766500256546822, "tag": "Samuel Garcia"}]}