{"data": {"entities": {"mentions": [{"start": 0, "end": 15, "username": "MovCiudadanoMX"}, {"start": 16, "end": 31, "username": "samuel_garcias"}]}, "id": "1401766920152662016", "text": "@MovCiudadanoMX @samuel_garcias Wow ahora si fosfos para todos", "created_at": "2021-06-07T05:04:11.000Z", "referenced_tweets": [{"type": "replied_to", "id": "1401766125625516032"}], "in_reply_to_user_id": "141260426", "public_metrics": {"retweet_count": 0, "reply_count": 0, "like_count": 0, "quote_count": 0}, "source": "Twitter for iPhone", "author_id": "1180896626409398272"}, "includes": {"users": [{"public_metrics": {"followers_count": 645, "following_count": 671, "tweet_count": 16666, "listed_count": 1}, "username": "angelme71185306", "name": "angel mejia", "id": "1180896626409398272", "description": "Cuando aceptemos nuestra realidad avanzaremos/ When we accept our reality we will advance.", "verified": false, "created_at": "2019-10-06T17:24:59.000Z", "protected": false}]}, "matching_rules": [{"id": 1401766500256546822, "tag": "Samuel Garcia"}]}