{"data": {"entities": {"hashtags": [{"start": 17, "end": 34, "tag": "Elecciones2021Mx"}], "mentions": [{"start": 3, "end": 15, "username": "CarlosLoret"}, {"start": 59, "end": 70, "username": "latinus_us"}, {"start": 72, "end": 87, "username": "samuel_garcias"}, {"start": 115, "end": 130, "username": "MovCiudadanoMX"}], "annotations": [{"start": 101, "end": 110, "probability": 0.3609, "type": "Place", "normalized_text": "Nuevo Le\u00f3n"}]}, "id": "1401766959893692416", "text": "RT @CarlosLoret: #Elecciones2021Mx transmisi\u00f3n especial en @latinus_us. @samuel_garcias candidato de Nuevo Le\u00f3n de @MovCiudadanoMX habla de\u2026", "context_annotations": [{"domain": {"id": "10", "name": "Person", "description": "Named people in the world like Nelson Mandela"}, "entity": {"id": "809506024583360512", "name": "Carlos Loret de Mola", "description": "Carlos Loret de Mola"}}, {"domain": {"id": "94", "name": "Journalist", "description": "A journalist like 'Anderson Cooper'"}, "entity": {"id": "809506024583360512", "name": "Carlos Loret de Mola", "description": "Carlos Loret de Mola"}}], "created_at": "2021-06-07T05:04:21.000Z", "referenced_tweets": [{"type": "retweeted", "id": "1401748999925870592"}], "public_metrics": {"retweet_count": 58, "reply_count": 0, "like_count": 0, "quote_count": 0}, "source": "Twitter for iPhone", "author_id": "116791815"}, "includes": {"users": [{"public_metrics": {"followers_count": 113, "following_count": 191, "tweet_count": 9572, "listed_count": 2}, "username": "AllSportsGeek", "name": "David", "id": "116791815", "description": "Sports,Finance,Meditation & Resilience for Life. \u26bd\ufe0fTigres \ud83c\uddf2\ud83c\uddfd, \u26bd\ufe0fReal Madrid \ud83c\uddea\ud83c\uddf8, \u26bd\ufe0fMan. United \ud83c\uddec\ud83c\udde7, \ud83c\udfc8Raiders, \u26be\ufe0fDodgers, \ud83c\udfc0Lakers, \ud83c\udfbeR. Nadal, \u26f3\ufe0fT. Woods", "verified": false, "created_at": "2010-02-23T15:51:13.000Z", "location": "Singapore", "protected": false}]}, "matching_rules": [{"id": 1401766500256546820, "tag": "Adrian de la Garza"}, {"id": 1401766500256546822, "tag": "Samuel Garcia"}]}