{"data": {"entities": {"urls": [{"start": 70, "end": 93, "url": "https://t.co/LuJO7rkbLA", "expanded_url": "https://twitter.com/eduardoavelarc/status/1401698749265723392", "display_url": "twitter.com/eduardoavelarc\u2026"}], "annotations": [{"start": 61, "end": 69, "probability": 0.5596, "type": "Person", "normalized_text": "Samuel \ud83e\udd2e"}]}, "id": "1401766960472412160", "text": "Ya no vivo haya pero les deseo buena suerte con el payaso de Samuel \ud83e\udd2e https://t.co/LuJO7rkbLA", "created_at": "2021-06-07T05:04:21.000Z", "referenced_tweets": [{"type": "quoted", "id": "1401698749265723392"}], "public_metrics": {"retweet_count": 0, "reply_count": 0, "like_count": 0, "quote_count": 0}, "source": "Twitter for Android", "author_id": "1215812156354179073"}, "includes": {"users": [{"public_metrics": {"followers_count": 173, "following_count": 295, "tweet_count": 28060, "listed_count": 0}, "username": "Aaron_Cohen_333", "name": "Aaron Cohen", "id": "1215812156354179073", "description": "yo soy aquel\n\nLibre pensador UVM- ITESM", "verified": false, "created_at": "2020-01-11T01:46:35.000Z", "protected": false}]}, "matching_rules": [{"id": 1401766500256546822, "tag": "Samuel Garcia"}]}