{"data": {"entities": {"urls": [{"start": 6, "end": 29, "url": "https://t.co/yM6awqS3Ym", "expanded_url": "https://twitter.com/movciudadanomx/status/1401766125625516032", "display_url": "twitter.com/movciudadanomx\u2026"}]}, "id": "1401766971692261376", "text": "Ayuds https://t.co/yM6awqS3Ym", "created_at": "2021-06-07T05:04:24.000Z", "referenced_tweets": [{"type": "quoted", "id": "1401766125625516032"}], "public_metrics": {"retweet_count": 0, "reply_count": 0, "like_count": 0, "quote_count": 0}, "source": "Twitter for iPhone", "author_id": "1293995557023776775"}, "includes": {"users": [{"public_metrics": {"followers_count": 887, "following_count": 703, "tweet_count": 17911, "listed_count": 32}, "username": "bestlouaylor", "name": "\u064b", "id": "1293995557023776775", "description": "https://t.co/8o4LX1F8R6", "verified": false, "created_at": "2020-08-13T19:39:35.000Z", "location": "1991", "protected": false}]}, "matching_rules": [{"id": 1401766500256546822, "tag": "Samuel Garcia"}]}