{"data": {"entities": {"mentions": [{"start": 3, "end": 14, "username": "ClementeCH"}, {"start": 72, "end": 86, "username": "colosioriojas"}, {"start": 104, "end": 116, "username": "PabloLemusN"}], "annotations": [{"start": 58, "end": 66, "probability": 0.8717, "type": "Place", "normalized_text": "Monterrey"}, {"start": 88, "end": 98, "probability": 0.9373, "type": "Place", "normalized_text": "Guadalajara"}, {"start": 119, "end": 126, "probability": 0.8829, "type": "Place", "normalized_text": "Campeche"}]}, "id": "1401766974116352006", "text": "RT @ClementeCH: Tambi\u00e9n estamos arriba en tres capitales: Monterrey con @colosioriojas, Guadalajara con @PabloLemusN y Campeche capital con\u2026", "created_at": "2021-06-07T05:04:24.000Z", "referenced_tweets": [{"type": "retweeted", "id": "1401765685471154177"}], "public_metrics": {"retweet_count": 4, "reply_count": 0, "like_count": 0, "quote_count": 0}, "source": "Twitter for iPhone", "author_id": "172413820"}, "includes": {"users": [{"public_metrics": {"followers_count": 7625, "following_count": 1923, "tweet_count": 27023, "listed_count": 33}, "username": "__fatyca", "name": "F\u1f71ty\u2022'", "id": "172413820", "description": "\u2022 @CruzAzul \u2b50\ufe0f\u2b50\ufe0f\u2b50\ufe0f\u2b50\ufe0f \ud83c\udf1f \u2b50\ufe0f\u2b50\ufe0f\u2b50\ufe0f\u2b50\ufe0f \u2022\ud83d\udc99\ud83c\udfc6", "verified": false, "created_at": "2010-07-29T17:14:49.000Z", "location": "Jalisco, M\u00e9xico", "protected": false}]}, "matching_rules": [{"id": 1401766500256546822, "tag": "Samuel Garcia"}]}