{"data": {"entities": {"hashtags": [{"start": 95, "end": 107, "tag": "VaPorMexico"}, {"start": 168, "end": 181, "tag": "samuelgarcia"}], "mentions": [{"start": 0, "end": 9, "username": "azucenau"}, {"start": 10, "end": 22, "username": "MarkoCortes"}, {"start": 46, "end": 62, "username": "FerLarrazabalNL"}], "annotations": [{"start": 117, "end": 126, "probability": 0.4868, "type": "Place", "normalized_text": "Nuevo Le\u00f3n"}, {"start": 223, "end": 232, "probability": 0.9023, "type": "Place", "normalized_text": "Nuevo Le\u00f3n"}]}, "id": "1401766996383985664", "text": "@azucenau @MarkoCortes Debi\u00f3 haber dejado que @FerLarrazabalNL declinara a favor de la alianza #VaPorMexico para que Nuevo Le\u00f3n tuviera un gobernador no un payaso como #samuelgarcia. Nosotros salimos a votar pero el PAN en Nuevo Le\u00f3n no nos ayud\u00f3. Es una decepci\u00f3n..", "created_at": "2021-06-07T05:04:30.000Z", "referenced_tweets": [{"type": "replied_to", "id": "1401764173160267782"}], "in_reply_to_user_id": "93922911", "public_metrics": {"retweet_count": 0, "reply_count": 0, "like_count": 0, "quote_count": 0}, "source": "Twitter for Android", "author_id": "1303037856470962178"}, "includes": {"users": [{"public_metrics": {"followers_count": 305, "following_count": 625, "tweet_count": 3278, "listed_count": 0}, "username": "casa_lau", "name": "Laura V \ud83d\ude37\ud83d\udc4d", "id": "1303037856470962178", "description": "La lectura, la historia, la genealog\u00eda y la m\u00fasica son mis aficiones preferidas. Agradecida por aprender de todo y de todos cada d\u00eda.", "verified": false, "created_at": "2020-09-07T18:31:04.000Z", "location": "Monterrey, Nuevo Le\u00f3n", "protected": false}]}, "matching_rules": [{"id": 1401766500256546819, "tag": "Fernando Larrazabal"}]}