{"data": {"entities": {"mentions": [{"start": 3, "end": 18, "username": "samuel_garcias"}], "annotations": [{"start": 45, "end": 48, "probability": 0.9521, "type": "Organization", "normalized_text": "PREP"}]}, "id": "1401767005099810818", "text": "RT @samuel_garcias: Estamos muy contentos,el PREP confirma la tendencia favorable de 10% de ventaja sobre el candidato m\u00e1s cercano.Todos qu\u2026", "created_at": "2021-06-07T05:04:32.000Z", "referenced_tweets": [{"type": "retweeted", "id": "1401748701450625030"}], "public_metrics": {"retweet_count": 157, "reply_count": 0, "like_count": 0, "quote_count": 0}, "source": "Twitter for iPhone", "author_id": "124821660"}, "includes": {"users": [{"public_metrics": {"followers_count": 697, "following_count": 705, "tweet_count": 4251, "listed_count": 0}, "username": "Braulio_A13", "name": "Braulio A'l", "id": "124821660", "description": "Soccer player #HALAMADRID", "verified": false, "created_at": "2010-03-20T17:48:57.000Z", "location": "Mexico", "protected": false}]}, "matching_rules": [{"id": 1401766500256546822, "tag": "Samuel Garcia"}]}