{"data": {"entities": {"hashtags": [{"start": 21, "end": 27, "tag": "HUMOR"}], "mentions": [{"start": 3, "end": 19, "username": "CodigoMagentaMx"}, {"start": 96, "end": 111, "username": "samuel_garcias"}, {"start": 113, "end": 129, "username": "FerLarrazabalNL"}], "annotations": [{"start": 34, "end": 37, "probability": 0.4159, "type": "Place", "normalized_text": "Le\u00f3n"}]}, "id": "1401767008534990855", "text": "RT @CodigoMagentaMx: #HUMOR Nuevo Le\u00f3n es el primer estado con 4 gobernadores. \ud83d\ude31 Los candidatos @samuel_garcias, @FerLarrazabalNL , @Adrian\u2026", "created_at": "2021-06-07T05:04:33.000Z", "referenced_tweets": [{"type": "retweeted", "id": "1401741836826419200"}], "public_metrics": {"retweet_count": 3, "reply_count": 0, "like_count": 0, "quote_count": 0}, "source": "Twitter for iPhone", "author_id": "76528775"}, "includes": {"users": [{"public_metrics": {"followers_count": 312, "following_count": 220, "tweet_count": 15484, "listed_count": 4}, "username": "julieelizondo", "name": "Julieta Elizondo", "id": "76528775", "description": "Licenciada en Ciencias de la Educaci\u00f3n Especializaci\u00f3n en Educaci\u00f3n Especial", "verified": false, "created_at": "2009-09-23T02:08:45.000Z", "location": "Monterrey, NL", "protected": false}]}, "matching_rules": [{"id": 1401766500256546821, "tag": "Clara Luz"}, {"id": 1401766500256546820, "tag": "Adrian de la Garza"}, {"id": 1401766500256546822, "tag": "Samuel Garcia"}, {"id": 1401766500256546819, "tag": "Fernando Larrazabal"}]}