{"data": {"entities": {"mentions": [{"start": 3, "end": 16, "username": "SinEmbargoMX"}, {"start": 18, "end": 33, "username": "alvaro_delgado"}, {"start": 34, "end": 48, "username": "DanyBarraganG"}, {"start": 49, "end": 60, "username": "paezvarela"}, {"start": 61, "end": 77, "username": "lorenzocordovav"}, {"start": 78, "end": 93, "username": "RomiinaGandara"}, {"start": 94, "end": 104, "username": "lupita_GD"}, {"start": 105, "end": 114, "username": "ilsegarc"}, {"start": 115, "end": 131, "username": "CiroMurayamaINE"}]}, "id": "1401767016172822531", "text": "RT @SinEmbargoMX: @alvaro_delgado @DanyBarraganG @paezvarela @lorenzocordovav @RomiinaGandara @lupita_GD @ilsegarc @CiroMurayamaINE @marcos\u2026", "created_at": "2021-06-07T05:04:34.000Z", "referenced_tweets": [{"type": "retweeted", "id": "1401765866551848964"}], "public_metrics": {"retweet_count": 8, "reply_count": 0, "like_count": 0, "quote_count": 0}, "source": "Twitter Web App", "author_id": "83743024"}, "includes": {"users": [{"public_metrics": {"followers_count": 0, "following_count": 1428, "tweet_count": 13727, "listed_count": 5}, "username": "i9m0DrWyo8", "name": "\u00b0 \u00b0", "id": "83743024", "description": "", "verified": false, "created_at": "2009-10-20T01:50:17.000Z", "protected": false}]}, "matching_rules": [{"id": 1401766500256546822, "tag": "Samuel Garcia"}]}