{"data": {"entities": {"mentions": [{"start": 3, "end": 15, "username": "EFToussaint"}, {"start": 46, "end": 61, "username": "samuel_garcias"}], "annotations": [{"start": 31, "end": 40, "probability": 0.2597, "type": "Person", "normalized_text": "Nuevo Le\u00f3n"}, {"start": 81, "end": 90, "probability": 0.6641, "type": "Place", "normalized_text": "Nuevo Le\u00f3n"}, {"start": 120, "end": 137, "probability": 0.9239, "type": "Person", "normalized_text": "Adri\u00e1n de la Garza"}]}, "id": "1401767068018618368", "text": "RT @EFToussaint: Conteo r\u00e1pido Nuevo Le\u00f3n: \n\n.@samuel_garcias ser\u00e1 gobernador de Nuevo Le\u00f3n. Le saca casi dos d\u00edgitos a Adri\u00e1n de la Garza.", "created_at": "2021-06-07T05:04:47.000Z", "referenced_tweets": [{"type": "retweeted", "id": "1401765032996786176"}], "public_metrics": {"retweet_count": 8, "reply_count": 0, "like_count": 0, "quote_count": 0}, "source": "Twitter for Android", "author_id": "3498651"}, "includes": {"users": [{"public_metrics": {"followers_count": 1763, "following_count": 1406, "tweet_count": 29950, "listed_count": 44}, "username": "jockravez", "name": "Juan Manuel Ram\u00edrez Velasco", "id": "3498651", "description": "Abogado (@UAMAzcOficial). Derecho Constitucional y DDHH (@CentroCarbonell). @senadomexicano. Activista de escritorio. M\u00fasico de ocasi\u00f3n.", "verified": false, "created_at": "2007-04-05T07:13:50.000Z", "location": "Everywhere but home", "protected": false}]}, "matching_rules": [{"id": 1401766500256546822, "tag": "Samuel Garcia"}]}