{"data": {"entities": {"mentions": [{"start": 3, "end": 19, "username": "DanteCo94150246"}], "annotations": [{"start": 70, "end": 75, "probability": 0.8112, "type": "Person", "normalized_text": "Morena"}]}, "id": "1401767068706525186", "text": "RT @DanteCo94150246: Hace algunos d\u00edas escrib\u00ed que habia que apoyar a Morena porque era el veh\u00edculo para sostener al presidente, y que desp\u2026", "created_at": "2021-06-07T05:04:47.000Z", "referenced_tweets": [{"type": "retweeted", "id": "1401733438743494656"}], "public_metrics": {"retweet_count": 96, "reply_count": 0, "like_count": 0, "quote_count": 0}, "source": "Twitter for Android", "author_id": "1307152998850859012"}, "includes": {"users": [{"public_metrics": {"followers_count": 154, "following_count": 424, "tweet_count": 7131, "listed_count": 0}, "username": "JesusRd83800065", "name": "Jesus Rdz", "id": "1307152998850859012", "description": "Me gusta las series de suspenso y ciencia ficci\u00f3n ademas de leer  y APOYO TOTAL #AMLO\ud83d\udcaf \ud83e\udd1c\ud83e\udd1b\ud83d\udcaa\ud83d\udcaa hasta hoy el mejor presidente que me a tocado ver \ud83d\udc4a\ud83d\ude0e #POWER4T", "verified": false, "created_at": "2020-09-19T03:02:34.000Z", "protected": false}]}, "matching_rules": [{"id": 1401766500256546821, "tag": "Clara Luz"}]}