{"data": {"entities": {"mentions": [{"start": 3, "end": 18, "username": "samuel_garcias"}], "annotations": [{"start": 45, "end": 48, "probability": 0.9521, "type": "Organization", "normalized_text": "PREP"}]}, "id": "1401767076503511043", "text": "RT @samuel_garcias: Estamos muy contentos,el PREP confirma la tendencia favorable de 10% de ventaja sobre el candidato m\u00e1s cercano.Todos qu\u2026", "created_at": "2021-06-07T05:04:49.000Z", "referenced_tweets": [{"type": "retweeted", "id": "1401748701450625030"}], "public_metrics": {"retweet_count": 159, "reply_count": 0, "like_count": 0, "quote_count": 0}, "source": "Twitter for Android", "author_id": "1094456918599495686"}, "includes": {"users": [{"public_metrics": {"followers_count": 161, "following_count": 483, "tweet_count": 26797, "listed_count": 0}, "username": "Manguito_28", "name": "Ary \ud83e\udd6d", "id": "1094456918599495686", "description": "Si el mundo se va acabar no perdamos el tiempo ya \ud83c\uddf9\ud83c\uddf7\ud83c\uddf2\ud83c\uddfd\ud83c\udff3\ufe0f\u200d\ud83c\udf08 #Ya\u011fhaz #ZehSer #FreeBritney #Maderismo", "verified": false, "created_at": "2019-02-10T04:43:58.000Z", "location": "Destino", "protected": false}]}, "matching_rules": [{"id": 1401766500256546822, "tag": "Samuel Garcia"}]}