{"data": {"entities": {"hashtags": [{"start": 14, "end": 21, "tag": "Meta21"}, {"start": 116, "end": 129, "tag": "Elecci\u00f3n2021"}], "mentions": [{"start": 3, "end": 12, "username": "azucenau"}, {"start": 82, "end": 97, "username": "samuel_garcias"}]}, "id": "1401767087324991490", "text": "RT @azucenau: #Meta21 | Los resultados preliminares hasta el momento posicionan a @Samuel_garcias a la cabeza en la #Elecci\u00f3n2021 a la gube\u2026", "created_at": "2021-06-07T05:04:51.000Z", "referenced_tweets": [{"type": "retweeted", "id": "1401765750147325954"}], "public_metrics": {"retweet_count": 8, "reply_count": 0, "like_count": 0, "quote_count": 0}, "source": "Twitter for Android", "author_id": "910216267335733249"}, "includes": {"users": [{"public_metrics": {"followers_count": 575, "following_count": 1193, "tweet_count": 32283, "listed_count": 0}, "username": "JoelR14638146", "name": "Joel Rios", "id": "910216267335733249", "description": "No soy esclavo de un partido politico, busco la sinceridad de las personas para que den lo mejor de ellas en beneficio de los demas y de sus comunidades.", "verified": false, "created_at": "2017-09-19T18:57:23.000Z", "location": "M\u00e9xico", "protected": false}]}, "matching_rules": [{"id": 1401766500256546821, "tag": "Clara Luz"}, {"id": 1401766500256546820, "tag": "Adrian de la Garza"}, {"id": 1401766500256546822, "tag": "Samuel Garcia"}]}