{"data": {"entities": {"mentions": [{"start": 3, "end": 13, "username": "ChicShion"}]}, "id": "1401767100939575307", "text": "RT @ChicShion: Todos uds tambien tiene culpa si se confirma lo de NL\n\nQue tal muy jiji jaja con el fosfo fosfo mont\u00e1ndose en estas estupide\u2026", "created_at": "2021-06-07T05:04:55.000Z", "referenced_tweets": [{"type": "retweeted", "id": "1401739800206512134"}], "public_metrics": {"retweet_count": 126, "reply_count": 0, "like_count": 0, "quote_count": 0}, "source": "Twitter for Android", "author_id": "361442374"}, "includes": {"users": [{"public_metrics": {"followers_count": 484, "following_count": 513, "tweet_count": 69662, "listed_count": 6}, "username": "aeml22", "name": "Alex Mendez", "id": "361442374", "description": "podr\u00e9 no estar de acuerdo con tus ideas, pero defender\u00e9 hasta la muerte tu derecho a manifestarlas: Asesor en Comercio exterior y Aduanas, las playas mi delirio", "verified": false, "created_at": "2011-08-24T19:59:04.000Z", "location": "Playa del Carmen QR", "protected": false}]}, "matching_rules": [{"id": 1401766500256546821, "tag": "Clara Luz"}]}