{"data": {"entities": {"mentions": [{"start": 3, "end": 12, "username": "LCUgalde"}, {"start": 48, "end": 63, "username": "samuel_garcias"}], "annotations": [{"start": 86, "end": 95, "probability": 0.916, "type": "Place", "normalized_text": "Nuevo Le\u00f3n"}]}, "id": "1401767103384915969", "text": "RT @LCUgalde: Ya empez\u00f3 la irresponsabilidad. \n\n@samuel_garcias se declara ganador en Nuevo Le\u00f3n. \n\nSi va arriba, \u00bfcu\u00e1l es la prisa? \n\nY ll\u2026", "created_at": "2021-06-07T05:04:55.000Z", "referenced_tweets": [{"type": "retweeted", "id": "1401678219040940032"}], "public_metrics": {"retweet_count": 294, "reply_count": 0, "like_count": 0, "quote_count": 0}, "source": "Twitter for Android", "author_id": "1341116507669983235"}, "includes": {"users": [{"public_metrics": {"followers_count": 99, "following_count": 507, "tweet_count": 7167, "listed_count": 0}, "username": "AngelSiguiente", "name": "Angel Siguiente \ud83d\uddfd", "id": "1341116507669983235", "description": "Lo que DICE y HACE el #socialismo MORENA por gente inocente y sobre todo ignorante, a los que quieren muertos y sin embargo le votan\n#NiUnVotoAMorenaNiAliados", "verified": false, "created_at": "2020-12-21T20:22:43.000Z", "protected": false}]}, "matching_rules": [{"id": 1401766500256546822, "tag": "Samuel Garcia"}]}