{"data": {"entities": {"mentions": [{"start": 3, "end": 19, "username": "DanteCo94150246"}], "annotations": [{"start": 70, "end": 75, "probability": 0.8112, "type": "Person", "normalized_text": "Morena"}]}, "id": "1401767144853999619", "text": "RT @DanteCo94150246: Hace algunos d\u00edas escrib\u00ed que habia que apoyar a Morena porque era el veh\u00edculo para sostener al presidente, y que desp\u2026", "created_at": "2021-06-07T05:05:05.000Z", "referenced_tweets": [{"type": "retweeted", "id": "1401733438743494656"}], "public_metrics": {"retweet_count": 97, "reply_count": 0, "like_count": 0, "quote_count": 0}, "source": "Twitter for Android", "author_id": "898978135097659395"}, "includes": {"users": [{"public_metrics": {"followers_count": 6077, "following_count": 4997, "tweet_count": 36045, "listed_count": 3}, "username": "santana_ius", "name": "Juli\u00e1n Santana Bustamante", "id": "898978135097659395", "description": "A luchar x la justicia!!!\nQ Dios bendiga a mi presidente AMLO y a mi M\u00e9xico lindo y querido!!!!\n#RedAMLOVE", "verified": false, "created_at": "2017-08-19T18:41:04.000Z", "protected": false}]}, "matching_rules": [{"id": 1401766500256546821, "tag": "Clara Luz"}]}