{"data": {"entities": {"hashtags": [{"start": 14, "end": 21, "tag": "Meta21"}, {"start": 116, "end": 129, "tag": "Elecci\u00f3n2021"}], "mentions": [{"start": 3, "end": 12, "username": "azucenau"}, {"start": 82, "end": 97, "username": "samuel_garcias"}]}, "id": "1401767168635637763", "text": "RT @azucenau: #Meta21 | Los resultados preliminares hasta el momento posicionan a @Samuel_garcias a la cabeza en la #Elecci\u00f3n2021 a la gube\u2026", "created_at": "2021-06-07T05:05:11.000Z", "referenced_tweets": [{"type": "retweeted", "id": "1401765750147325954"}], "public_metrics": {"retweet_count": 10, "reply_count": 0, "like_count": 0, "quote_count": 0}, "source": "Twitter for iPhone", "author_id": "244790211"}, "includes": {"users": [{"public_metrics": {"followers_count": 249, "following_count": 244, "tweet_count": 24123, "listed_count": 2}, "username": "joaquingzz96", "name": "Joaquin Gonzalez O.", "id": "244790211", "description": "It doesn\u2019t matter who we are, what matters is our plan", "verified": false, "created_at": "2011-01-30T04:13:53.000Z", "location": "Mexico", "protected": false}]}, "matching_rules": [{"id": 1401766500256546821, "tag": "Clara Luz"}, {"id": 1401766500256546820, "tag": "Adrian de la Garza"}, {"id": 1401766500256546822, "tag": "Samuel Garcia"}]}