{"data": {"entities": {"hashtags": [{"start": 14, "end": 21, "tag": "Meta21"}, {"start": 116, "end": 129, "tag": "Elecci\u00f3n2021"}], "mentions": [{"start": 3, "end": 12, "username": "azucenau"}, {"start": 82, "end": 97, "username": "samuel_garcias"}]}, "id": "1401767169206091777", "text": "RT @azucenau: #Meta21 | Los resultados preliminares hasta el momento posicionan a @Samuel_garcias a la cabeza en la #Elecci\u00f3n2021 a la gube\u2026", "created_at": "2021-06-07T05:05:11.000Z", "referenced_tweets": [{"type": "retweeted", "id": "1401765750147325954"}], "public_metrics": {"retweet_count": 10, "reply_count": 0, "like_count": 0, "quote_count": 0}, "source": "Twitter for Android", "author_id": "336866319"}, "includes": {"users": [{"public_metrics": {"followers_count": 2200, "following_count": 3002, "tweet_count": 137301, "listed_count": 62}, "username": "luis20725", "name": "dragon master", "id": "336866319", "description": "soy el drag\u00f3n  con piel de humano sexrol --  freerol y una  cosa mas  todo lo que entra  a mi TL puede ser  usado  para mi beneficio", "verified": false, "created_at": "2011-07-17T01:56:30.000Z", "location": "Apodaca, Nuevo Le\u00f3n", "protected": false}]}, "matching_rules": [{"id": 1401766500256546821, "tag": "Clara Luz"}, {"id": 1401766500256546820, "tag": "Adrian de la Garza"}, {"id": 1401766500256546822, "tag": "Samuel Garcia"}]}