{"data": {"entities": {"mentions": [{"start": 3, "end": 14, "username": "ClementeCH"}, {"start": 31, "end": 46, "username": "MovCiudadanoMX"}]}, "id": "1401767172687372291", "text": "RT @ClementeCH: \u00a1La apuesta de @MovCiudadanoMX fue la correcta! Los resultados que tenemos hasta el momento de la jornada electoral, lo con\u2026", "created_at": "2021-06-07T05:05:12.000Z", "referenced_tweets": [{"type": "retweeted", "id": "1401765682174304256"}], "public_metrics": {"retweet_count": 4, "reply_count": 0, "like_count": 0, "quote_count": 0}, "source": "Twitter Web App", "author_id": "277272344"}, "includes": {"users": [{"public_metrics": {"followers_count": 325, "following_count": 1591, "tweet_count": 2667, "listed_count": 0}, "username": "evelrossen", "name": "RossendoH", "id": "277272344", "description": "", "verified": false, "created_at": "2011-04-05T01:35:15.000Z", "protected": false}]}, "matching_rules": [{"id": 1401766500256546822, "tag": "Samuel Garcia"}]}