{"data": {"entities": {"urls": [{"start": 71, "end": 94, "url": "https://t.co/dZXsLKcngO", "expanded_url": "https://twitter.com/Carolina_Lunach/status/1401767186448977920/photo/1", "display_url": "pic.twitter.com/dZXsLKcngO"}, {"start": 95, "end": 118, "url": "https://t.co/zQLo6EWTDO", "expanded_url": "https://twitter.com/sinembargomx/status/1401765866551848964", "display_url": "twitter.com/sinembargomx/s\u2026"}]}, "id": "1401767186448977920", "attachments": {"media_keys": ["16_1401767180102942726"]}, "text": "La ciudad que se dice ser la m\u00e1s progresista del pa\u00eds nos sali\u00f3 facha. https://t.co/dZXsLKcngO https://t.co/zQLo6EWTDO", "created_at": "2021-06-07T05:05:15.000Z", "referenced_tweets": [{"type": "quoted", "id": "1401765866551848964"}], "public_metrics": {"retweet_count": 0, "reply_count": 0, "like_count": 0, "quote_count": 0}, "source": "Twitter for iPhone", "author_id": "26907612"}, "includes": {"users": [{"public_metrics": {"followers_count": 523, "following_count": 2073, "tweet_count": 35608, "listed_count": 3}, "username": "Carolina_Lunach", "name": "Caro Lunacharsky", "id": "26907612", "description": "Wake me up when pademic ends. Un oiseau chante, je ne sais o\u00f9. Historiadora y viajera del tiempo, entusiasta aprendiz de cine, sue\u00f1a en otros idiomas.", "verified": false, "created_at": "2009-03-27T00:59:57.000Z", "location": "Planet Earth", "protected": false}]}, "matching_rules": [{"id": 1401766500256546822, "tag": "Samuel Garcia"}]}