{"data": {"entities": {"annotations": [{"start": 105, "end": 110, "probability": 0.9741, "type": "Place", "normalized_text": "M\u00e9rida"}], "mentions": [{"start": 3, "end": 16, "username": "AtzPalomares"}]}, "author_id": "961457614851858432", "source": "Twitter for Android", "created_at": "2021-06-07T04:55:42.000Z", "text": "RT @AtzPalomares: Mientras en el sur se construyen trenes, complejos tur\u00edsticos, refiner\u00edas y declaran a M\u00e9rida la ciudad m\u00e1s segura para v\u2026", "id": "1401764784719155201", "referenced_tweets": [{"type": "retweeted", "id": "1401733534012874760"}], "public_metrics": {"retweet_count": 92, "reply_count": 0, "like_count": 0, "quote_count": 0}}, "includes": {"users": [{"location": "Mundo Maya", "protected": false, "created_at": "2018-02-08T04:32:13.000Z", "description": "En lucha por un M\u00e9xico pr\u00f3spero e igualitario. Ideas y coraz\u00f3n del lado correcto. Con AMLO.\ud83c\uddf2\ud83c\uddfd\ud83c\udff3\ufe0f\u200d\ud83c\udf08", "id": "961457614851858432", "verified": false, "public_metrics": {"followers_count": 4590, "following_count": 4993, "tweet_count": 57996, "listed_count": 3}, "username": "doktochiapas", "name": "Doktochiapas"}]}, "matching_rules": [{"id": 1401764684680683523, "tag": "Samuel Garcia"}]}