{"data": {"entities": {"mentions": [{"start": 0, "end": 10, "username": "absalon78"}, {"start": 11, "end": 26, "username": "samuel_garcias"}]}, "id": "1401767245953515522", "text": "@absalon78 @samuel_garcias Van a tratar de anularlo", "created_at": "2021-06-07T05:05:29.000Z", "referenced_tweets": [{"type": "replied_to", "id": "1401765593582288902"}], "in_reply_to_user_id": "65392343", "public_metrics": {"retweet_count": 0, "reply_count": 0, "like_count": 0, "quote_count": 0}, "source": "Twitter for Android", "author_id": "74884181"}, "includes": {"users": [{"public_metrics": {"followers_count": 6299, "following_count": 1175, "tweet_count": 26961, "listed_count": 12}, "username": "ivanezkoo", "name": "Vic #26\ud83c\uddeb\ud83c\uddee", "id": "74884181", "description": "\ud83c\uddeb\ud83c\uddee #RayadoDe\ud83d\udc99 \ud83c\uddeb\ud83c\uddee", "verified": false, "created_at": "2009-09-17T00:26:01.000Z", "location": "monterrey nuevo leon", "protected": false}]}, "matching_rules": [{"id": 1401766500256546822, "tag": "Samuel Garcia"}]}