{"data": {"entities": {"mentions": [{"start": 0, "end": 9, "username": "azucenau"}, {"start": 10, "end": 24, "username": "cecysalamanca"}, {"start": 25, "end": 40, "username": "samuel_garcias"}, {"start": 41, "end": 57, "username": "AdrianDeLaGarza"}, {"start": 58, "end": 73, "username": "claraluzflores"}]}, "id": "1401767247199223812", "text": "@azucenau @cecysalamanca @samuel_garcias @AdrianDeLaGarza @claraluzflores Parece que los regios ser\u00e1n el hazme re\u00edr los pr\u00f3ximos 6 a\u00f1os \ud83d\ude02", "created_at": "2021-06-07T05:05:29.000Z", "referenced_tweets": [{"type": "replied_to", "id": "1401765750147325954"}], "in_reply_to_user_id": "93922911", "public_metrics": {"retweet_count": 0, "reply_count": 0, "like_count": 0, "quote_count": 0}, "source": "Twitter for Android", "author_id": "1131165193"}, "includes": {"users": [{"public_metrics": {"followers_count": 33, "following_count": 100, "tweet_count": 5472, "listed_count": 0}, "username": "Lenykravis", "name": "SpiderOne", "id": "1131165193", "description": "", "verified": false, "created_at": "2013-01-29T14:15:51.000Z", "protected": false}]}, "matching_rules": [{"id": 1401766500256546821, "tag": "Clara Luz"}, {"id": 1401766500256546820, "tag": "Adrian de la Garza"}, {"id": 1401766500256546822, "tag": "Samuel Garcia"}]}