{"data": {"entities": {"mentions": [{"start": 3, "end": 18, "username": "samuel_garcias"}], "annotations": [{"start": 45, "end": 48, "probability": 0.9521, "type": "Organization", "normalized_text": "PREP"}]}, "id": "1401767253511753730", "text": "RT @samuel_garcias: Estamos muy contentos,el PREP confirma la tendencia favorable de 10% de ventaja sobre el candidato m\u00e1s cercano.Todos qu\u2026", "created_at": "2021-06-07T05:05:31.000Z", "referenced_tweets": [{"type": "retweeted", "id": "1401748701450625030"}], "public_metrics": {"retweet_count": 160, "reply_count": 0, "like_count": 0, "quote_count": 0}, "source": "Twitter for iPhone", "author_id": "14997116"}, "includes": {"users": [{"public_metrics": {"followers_count": 13052, "following_count": 9052, "tweet_count": 18304, "listed_count": 712}, "username": "DavidTaboada", "name": "David Taboada \ud83c\udf10", "id": "14997116", "description": "Repartido entre @codigoverde (#Consultor\u00eda) y el @CONSEJOSIAC. En ambos casos enfocado en #SeguridaddelaInformaci\u00f3n y #Ciberseguridad (#InfoSec #CyberSecurity).", "verified": false, "created_at": "2008-06-03T20:38:42.000Z", "location": "Monterrey, Nuevo Le\u00f3n, M\u00e9xico", "protected": false}]}, "matching_rules": [{"id": 1401766500256546822, "tag": "Samuel Garcia"}]}