{"data": {"entities": {"hashtags": [{"start": 130, "end": 140, "tag": "NuevoLeon"}, {"start": 164, "end": 186, "tag": "cuentasMochasDeMedina"}], "mentions": [{"start": 8, "end": 24, "username": "AdrianDeLaGarza"}, {"start": 54, "end": 66, "username": "ildefonsogv"}], "urls": [{"start": 279, "end": 302, "url": "https://t.co/bbsN2nqvOX", "expanded_url": "https://twitter.com/GallinitaRegia/status/1401767253197066241/photo/1", "display_url": "pic.twitter.com/bbsN2nqvOX"}]}, "geo": {"place_id": "b19e24ce42ccd6aa"}, "id": "1401767253197066241", "attachments": {"media_keys": ["3_1401767250990862336"]}, "text": "Te dije @AdrianDeLaGarza que deb\u00eda estar en la boleta @ildefonsogv no me crey\u00f3 ah\u00ed est\u00e1 el resulta la segunda ocasi\u00f3n que pierden #NuevoLeon por haber aprobado las #cuentasMochasDeMedina la pr\u00f3xima escuch\u00e9n al ciudadano no es concurso de popularidad es la voluntad del ciudadano https://t.co/bbsN2nqvOX", "created_at": "2021-06-07T05:05:31.000Z", "public_metrics": {"retweet_count": 0, "reply_count": 0, "like_count": 0, "quote_count": 0}, "source": "Twitter for Android", "author_id": "1266275562756009985"}, "includes": {"users": [{"public_metrics": {"followers_count": 200, "following_count": 158, "tweet_count": 10577, "listed_count": 0}, "username": "GallinitaRegia", "name": "GallinitaRegia", "id": "1266275562756009985", "description": "Mujer, Mexicana, Regia, Hija, Economista, Mam\u00e1, Apartidista. Viva m\u00ed \ud83c\uddf2\ud83c\uddfd.", "verified": false, "created_at": "2020-05-29T07:50:18.000Z", "location": "Monterrey, Nuevo Le\u00f3n", "protected": false}]}, "matching_rules": [{"id": 1401766500256546820, "tag": "Adrian de la Garza"}]}