{"data": {"author_id": "113237200", "source": "Twitter for iPhone", "created_at": "2021-06-07T04:55:43.000Z", "text": "Que gusto verte hasta abajo @claraluzflores .", "id": "1401764787038527490", "entities": {"mentions": [{"start": 28, "end": 43, "username": "claraluzflores"}]}, "public_metrics": {"retweet_count": 0, "reply_count": 0, "like_count": 0, "quote_count": 0}}, "includes": {"users": [{"protected": false, "created_at": "2010-02-11T04:11:03.000Z", "description": "", "id": "113237200", "verified": false, "public_metrics": {"followers_count": 262, "following_count": 646, "tweet_count": 6353, "listed_count": 0}, "username": "walo_garza", "name": "gualo gza"}]}, "matching_rules": [{"id": 1401764684680683524, "tag": "Clara Luz"}]}