{"data": {"entities": {"mentions": [{"start": 0, "end": 14, "username": "bisbalmistico"}, {"start": 15, "end": 31, "username": "FerLarrazabalNL"}]}, "id": "1401767269219201028", "text": "@bisbalmistico @FerLarrazabalNL Y por el querian votar muchos", "created_at": "2021-06-07T05:05:35.000Z", "referenced_tweets": [{"type": "replied_to", "id": "1401753314895794179"}], "in_reply_to_user_id": "170937288", "public_metrics": {"retweet_count": 0, "reply_count": 0, "like_count": 0, "quote_count": 0}, "source": "Twitter for iPhone", "author_id": "587633651"}, "includes": {"users": [{"public_metrics": {"followers_count": 33, "following_count": 477, "tweet_count": 1449, "listed_count": 1}, "username": "hugoenriquerdz", "name": "hugo rdz", "id": "587633651", "description": "", "verified": false, "created_at": "2012-05-22T18:17:03.000Z", "protected": false}]}, "matching_rules": [{"id": 1401766500256546819, "tag": "Fernando Larrazabal"}]}