{"data": {"entities": {"mentions": [{"start": 0, "end": 16, "username": "Angelor99970278"}, {"start": 17, "end": 33, "username": "CodigoMagentaMx"}, {"start": 34, "end": 49, "username": "samuel_garcias"}, {"start": 50, "end": 66, "username": "AdrianDeLaGarza"}]}, "id": "1401767275275833350", "text": "@Angelor99970278 @CodigoMagentaMx @samuel_garcias @AdrianDeLaGarza \ud83e\udd23\ud83e\udd23\ud83e\udd23 que descanses\ud83d\ude4b\u200d\u2640\ufe0f\ud83d\ude4c", "created_at": "2021-06-07T05:05:36.000Z", "referenced_tweets": [{"type": "replied_to", "id": "1401766175282024451"}], "in_reply_to_user_id": "1251220598317092866", "public_metrics": {"retweet_count": 0, "reply_count": 0, "like_count": 0, "quote_count": 0}, "source": "Twitter for Android", "author_id": "976243516308299776"}, "includes": {"users": [{"public_metrics": {"followers_count": 177, "following_count": 102, "tweet_count": 7675, "listed_count": 0}, "username": "MaryluFlores8", "name": "LULI\ud83d\ude37", "id": "976243516308299776", "description": "", "verified": false, "created_at": "2018-03-20T23:46:06.000Z", "protected": false}]}, "matching_rules": [{"id": 1401766500256546820, "tag": "Adrian de la Garza"}, {"id": 1401766500256546822, "tag": "Samuel Garcia"}]}