{"data": {"entities": {"hashtags": [{"start": 14, "end": 23, "tag": "Lo\u00daltimo"}], "mentions": [{"start": 3, "end": 12, "username": "PollsMX_"}, {"start": 60, "end": 68, "username": "ceenlmx"}, {"start": 114, "end": 129, "username": "samuel_garcias"}], "annotations": [{"start": 70, "end": 82, "probability": 0.9991, "type": "Person", "normalized_text": "Samuel Garc\u00eda"}, {"start": 101, "end": 110, "probability": 0.9412, "type": "Place", "normalized_text": "Nuevo Le\u00f3n"}]}, "id": "1401767303885246465", "text": "RT @PollsMX_: #Lo\u00daltimo | De acuerdo al conteo r\u00e1pido de la @ceenlmx, Samuel Garc\u00eda tiene ventaja en Nuevo Le\u00f3n.\n\n@samuel_garcias: 35.4 % a\u2026", "created_at": "2021-06-07T05:05:43.000Z", "referenced_tweets": [{"type": "retweeted", "id": "1401763240082825216"}], "public_metrics": {"retweet_count": 19, "reply_count": 0, "like_count": 0, "quote_count": 0}, "source": "Twitter for Android", "author_id": "132714372"}, "includes": {"users": [{"public_metrics": {"followers_count": 2447, "following_count": 1084, "tweet_count": 47703, "listed_count": 10}, "username": "DiegoI_Lopez", "name": "Diego I. L\u00f3pez", "id": "132714372", "description": "Periodista, columnista y analista pol\u00edtico. Alma mater @UNAM_MX. Autor de la columna #PuntoCr\u00edtico. Opini\u00f3n en @SinLinea_Mx y @ElSoberano_mx.", "verified": false, "created_at": "2010-04-14T00:28:08.000Z", "location": "Ciudad de M\u00e9xico ", "protected": false}]}, "matching_rules": [{"id": 1401766500256546821, "tag": "Clara Luz"}, {"id": 1401766500256546820, "tag": "Adrian de la Garza"}, {"id": 1401766500256546822, "tag": "Samuel Garcia"}, {"id": 1401766500256546819, "tag": "Fernando Larrazabal"}]}