{"data": {"entities": {"mentions": [{"start": 3, "end": 18, "username": "MovCiudadanoMX"}, {"start": 106, "end": 120, "username": "colosioriojas"}], "annotations": [{"start": 53, "end": 61, "probability": 0.8931, "type": "Place", "normalized_text": "Monterrey"}]}, "id": "1401767305235906564", "text": "RT @MovCiudadanoMX: Hoy inicia un nuevo renacer para Monterrey gracias a las y los regios que eligieron a @colosioriojas como pr\u00f3ximo presi\u2026", "created_at": "2021-06-07T05:05:43.000Z", "referenced_tweets": [{"type": "retweeted", "id": "1401767118740148227"}], "public_metrics": {"retweet_count": 1, "reply_count": 0, "like_count": 0, "quote_count": 0}, "source": "Twitter for iPhone", "author_id": "2754587752"}, "includes": {"users": [{"public_metrics": {"followers_count": 171, "following_count": 2332, "tweet_count": 7103, "listed_count": 0}, "username": "DanielChedan", "name": "Daniel", "id": "2754587752", "description": "", "verified": false, "created_at": "2014-08-29T13:40:27.000Z", "protected": false}]}, "matching_rules": [{"id": 1401766500256546822, "tag": "Samuel Garcia"}]}