{"data": {"entities": {"mentions": [{"start": 3, "end": 18, "username": "samuel_garcias"}], "annotations": [{"start": 28, "end": 37, "probability": 0.3005, "type": "Place", "normalized_text": "Nuevo Le\u00f3n"}, {"start": 48, "end": 56, "probability": 0.9625, "type": "Place", "normalized_text": "Monterrey"}, {"start": 67, "end": 73, "probability": 0.6058, "type": "Place", "normalized_text": "Colosio"}, {"start": 117, "end": 122, "probability": 0.905, "type": "Person", "normalized_text": "Maril\u00fa"}, {"start": 133, "end": 138, "probability": 0.9815, "type": "Person", "normalized_text": "Marian"}]}, "id": "1401767316845641731", "text": "RT @samuel_garcias: Gracias Nuevo Le\u00f3n, gracias Monterrey, gracias Colosio por acompa\u00f1arnos en esta batalla, gracias Maril\u00fa, gracias Marian\u2026", "created_at": "2021-06-07T05:05:46.000Z", "referenced_tweets": [{"type": "retweeted", "id": "1401734693049946115"}], "public_metrics": {"retweet_count": 110, "reply_count": 0, "like_count": 0, "quote_count": 0}, "source": "Twitter for Android", "author_id": "135704324"}, "includes": {"users": [{"public_metrics": {"followers_count": 11, "following_count": 146, "tweet_count": 24, "listed_count": 0}, "username": "caremipego", "name": "carlos emilio perez", "id": "135704324", "description": "", "verified": false, "created_at": "2010-04-22T01:56:47.000Z", "protected": false}]}, "matching_rules": [{"id": 1401766500256546822, "tag": "Samuel Garcia"}]}