{"data": {"entities": {"mentions": [{"start": 0, "end": 14, "username": "AlvarezMaynez"}, {"start": 15, "end": 30, "username": "samuel_garcias"}]}, "id": "1401767318259126273", "text": "@AlvarezMaynez @samuel_garcias No mmn, neta, no todos somos pendejos c\u00f3mo ustedes!!! Calamados que se ven mal", "created_at": "2021-06-07T05:05:46.000Z", "referenced_tweets": [{"type": "replied_to", "id": "1401676551276666880"}], "in_reply_to_user_id": "201171691", "public_metrics": {"retweet_count": 0, "reply_count": 0, "like_count": 0, "quote_count": 0}, "source": "Twitter for iPhone", "author_id": "2782365912"}, "includes": {"users": [{"public_metrics": {"followers_count": 225, "following_count": 374, "tweet_count": 18941, "listed_count": 0}, "username": "gregoris1022", "name": "Salom\u00e9 Castro", "id": "2782365912", "description": "\u00c9chame a los lobos y liderar\u00e9 la manada \ud83d\udc3a", "verified": false, "created_at": "2014-08-31T14:43:09.000Z", "protected": false}]}, "matching_rules": [{"id": 1401766500256546822, "tag": "Samuel Garcia"}]}