{"data": {"entities": {"annotations": [{"start": 0, "end": 15, "probability": 0.8536, "type": "Person", "normalized_text": "Clara Luz Flores"}, {"start": 36, "end": 45, "probability": 0.9309, "type": "Place", "normalized_text": "Nuevo Le\u00f3n"}]}, "author_id": "147649797", "source": "Twitter Web App", "created_at": "2021-06-07T04:55:45.000Z", "text": "Clara Luz Flores al cuarto lugar en Nuevo Le\u00f3n. Nadie lo esperaba...Ja.", "id": "1401764797503389706", "public_metrics": {"retweet_count": 0, "reply_count": 0, "like_count": 0, "quote_count": 0}}, "includes": {"users": [{"location": "Tenochtitlan", "protected": false, "created_at": "2010-05-24T17:51:59.000Z", "description": "Periodista, cin\u00e9filo en la vida, guionista... \"No me gusta decirles, se los dije, pero una servidora, se los dijo\"", "id": "147649797", "verified": false, "public_metrics": {"followers_count": 1097, "following_count": 4347, "tweet_count": 11887, "listed_count": 10}, "username": "guskubrick", "name": "Gustavo A. A. Bonilla"}]}, "matching_rules": [{"id": 1401764684680683524, "tag": "Clara Luz"}]}