{"data": {"entities": {"mentions": [{"start": 3, "end": 14, "username": "CiroGomezL"}, {"start": 71, "end": 86, "username": "samuel_garcias"}], "annotations": [{"start": 59, "end": 68, "probability": 0.6231, "type": "Place", "normalized_text": "Nuevo Le\u00f3n"}]}, "id": "1401767358033588226", "text": "RT @CiroGomezL: Aunque se dijo ganador a la gubernatura de Nuevo Le\u00f3n, @samuel_garcias pospone su festejo para este lunes, asegur\u00f3 que no l\u2026", "created_at": "2021-06-07T05:05:56.000Z", "referenced_tweets": [{"type": "retweeted", "id": "1401767281647132672"}], "public_metrics": {"retweet_count": 1, "reply_count": 0, "like_count": 0, "quote_count": 0}, "source": "Twitter for Android", "author_id": "705618630927634432"}, "includes": {"users": [{"public_metrics": {"followers_count": 298, "following_count": 784, "tweet_count": 36006, "listed_count": 1}, "username": "Fco_Morales_H", "name": "Francisco M.", "id": "705618630927634432", "description": "", "verified": false, "created_at": "2016-03-04T04:59:26.000Z", "protected": false}]}, "matching_rules": [{"id": 1401766500256546822, "tag": "Samuel Garcia"}]}