{"data": {"entities": {"mentions": [{"start": 3, "end": 16, "username": "SinEmbargoMX"}, {"start": 18, "end": 33, "username": "alvaro_delgado"}, {"start": 34, "end": 48, "username": "DanyBarraganG"}, {"start": 49, "end": 60, "username": "paezvarela"}, {"start": 61, "end": 77, "username": "lorenzocordovav"}, {"start": 78, "end": 93, "username": "RomiinaGandara"}, {"start": 94, "end": 104, "username": "lupita_GD"}, {"start": 105, "end": 114, "username": "ilsegarc"}, {"start": 115, "end": 131, "username": "CiroMurayamaINE"}]}, "id": "1401767361124855810", "text": "RT @SinEmbargoMX: @alvaro_delgado @DanyBarraganG @paezvarela @lorenzocordovav @RomiinaGandara @lupita_GD @ilsegarc @CiroMurayamaINE @marcos\u2026", "created_at": "2021-06-07T05:05:57.000Z", "referenced_tweets": [{"type": "retweeted", "id": "1401765866551848964"}], "public_metrics": {"retweet_count": 9, "reply_count": 0, "like_count": 0, "quote_count": 0}, "source": "Twitter for iPhone", "author_id": "307767528"}, "includes": {"users": [{"public_metrics": {"followers_count": 609, "following_count": 721, "tweet_count": 14494, "listed_count": 4}, "username": "DanielCanoJ", "name": "Daniel Cano", "id": "307767528", "description": "Ceremonial. Choose life and be present. Atrevido pero casual. Chemical Engineer, working on Carbon Capture & Utilization Technology", "verified": false, "created_at": "2011-05-30T07:49:33.000Z", "location": "Cuautitl\u00e1n Izcalli, M\u00e9xico", "protected": false}]}, "matching_rules": [{"id": 1401766500256546822, "tag": "Samuel Garcia"}]}