{"data": {"author_id": "1399065594562031619", "source": "Twitter for iPhone", "created_at": "2021-06-07T04:55:46.000Z", "text": "RT @Susanadaz71: @samuel_garcias Todav\u00eda no terminan el conteo, c\u00e1llate un rato y d\u00e9jalos hacer su trabajo. No celebres algo que todav\u00eda no\u2026", "id": "1401764800124919812", "entities": {"mentions": [{"start": 3, "end": 15, "username": "Susanadaz71"}, {"start": 17, "end": 32, "username": "samuel_garcias"}]}, "referenced_tweets": [{"type": "retweeted", "id": "1401762747059167234"}], "public_metrics": {"retweet_count": 16, "reply_count": 0, "like_count": 0, "quote_count": 0}}, "includes": {"users": [{"protected": false, "created_at": "2021-05-30T18:10:15.000Z", "description": "", "id": "1399065594562031619", "verified": false, "public_metrics": {"followers_count": 10, "following_count": 22, "tweet_count": 258, "listed_count": 0}, "username": "DanaeCG8", "name": "Danae CG"}]}, "matching_rules": [{"id": 1401764684680683523, "tag": "Samuel Garcia"}]}