{"data": {"entities": {"mentions": [{"start": 3, "end": 14, "username": "CiroGomezL"}, {"start": 71, "end": 86, "username": "samuel_garcias"}], "annotations": [{"start": 59, "end": 68, "probability": 0.6231, "type": "Place", "normalized_text": "Nuevo Le\u00f3n"}]}, "id": "1401767403399303168", "text": "RT @CiroGomezL: Aunque se dijo ganador a la gubernatura de Nuevo Le\u00f3n, @samuel_garcias pospone su festejo para este lunes, asegur\u00f3 que no l\u2026", "created_at": "2021-06-07T05:06:07.000Z", "referenced_tweets": [{"type": "retweeted", "id": "1401767281647132672"}], "public_metrics": {"retweet_count": 3, "reply_count": 0, "like_count": 0, "quote_count": 0}, "source": "Twitter Web App", "author_id": "1366759459188592645"}, "includes": {"users": [{"public_metrics": {"followers_count": 1, "following_count": 18, "tweet_count": 242, "listed_count": 0}, "username": "Luzmarena777", "name": "Luzmarena", "id": "1366759459188592645", "description": "no soy especial, soy una humana fel\u00edz..", "verified": false, "created_at": "2021-03-02T14:38:31.000Z", "location": "Puebla, M\u00e9xico", "protected": false}]}, "matching_rules": [{"id": 1401766500256546822, "tag": "Samuel Garcia"}]}