{"data": {"entities": {"mentions": [{"start": 49, "end": 64, "username": "samuel_garcias"}], "annotations": [{"start": 10, "end": 19, "probability": 0.3674, "type": "Person", "normalized_text": "Nuevo Le\u00f3n"}]}, "id": "1401767404926025728", "text": "Ah chinga Nuevo Le\u00f3n, no era puro cotorreo lo de @samuel_garcias ganando?", "created_at": "2021-06-07T05:06:07.000Z", "public_metrics": {"retweet_count": 0, "reply_count": 0, "like_count": 0, "quote_count": 0}, "source": "Twitter for iPhone", "author_id": "1185779396822487040"}, "includes": {"users": [{"public_metrics": {"followers_count": 2, "following_count": 9, "tweet_count": 37, "listed_count": 0}, "username": "GringodePastor", "name": "Emilio AJ", "id": "1185779396822487040", "description": "Economista. Mx.", "verified": false, "created_at": "2019-10-20T04:47:04.000Z", "protected": false}]}, "matching_rules": [{"id": 1401766500256546822, "tag": "Samuel Garcia"}]}