{"data": {"entities": {"mentions": [{"start": 3, "end": 19, "username": "DanteCo94150246"}], "annotations": [{"start": 70, "end": 75, "probability": 0.8112, "type": "Person", "normalized_text": "Morena"}]}, "id": "1401767414711341056", "text": "RT @DanteCo94150246: Hace algunos d\u00edas escrib\u00ed que habia que apoyar a Morena porque era el veh\u00edculo para sostener al presidente, y que desp\u2026", "created_at": "2021-06-07T05:06:09.000Z", "referenced_tweets": [{"type": "retweeted", "id": "1401733438743494656"}], "public_metrics": {"retweet_count": 98, "reply_count": 0, "like_count": 0, "quote_count": 0}, "source": "Twitter for Android", "author_id": "35803940"}, "includes": {"users": [{"public_metrics": {"followers_count": 1636, "following_count": 3393, "tweet_count": 46412, "listed_count": 40}, "username": "Cumorahnet", "name": "Antonio Hern\u00e1ndez", "id": "35803940", "description": "Nac\u00ed de buenos padres, mi pasi\u00f3n:la tecnolog\u00eda, coraz\u00f3n bien a la izquierda, corredor por convicci\u00f3n, loco so\u00f1ador", "verified": false, "created_at": "2009-04-27T17:39:47.000Z", "location": "Tlalnepantla Mexico", "protected": false}]}, "matching_rules": [{"id": 1401766500256546821, "tag": "Clara Luz"}]}