{"data": {"entities": {"mentions": [{"start": 0, "end": 14, "username": "Fitzgeraldo92"}, {"start": 15, "end": 25, "username": "absalon78"}, {"start": 26, "end": 41, "username": "samuel_garcias"}], "annotations": [{"start": 172, "end": 177, "probability": 0.9772, "type": "Person", "normalized_text": "Adri\u00e1n"}]}, "id": "1401767425457143811", "text": "@Fitzgeraldo92 @absalon78 @samuel_garcias Por votos no pero por todas las investigaciones que trae encima de financiamiento il\u00edcito de campa\u00f1a y lavado de dinero s\u00ed podr\u00eda Adri\u00e1n buscar una anulaci\u00f3n", "created_at": "2021-06-07T05:06:12.000Z", "referenced_tweets": [{"type": "replied_to", "id": "1401765812206063619"}], "in_reply_to_user_id": "53780699", "public_metrics": {"retweet_count": 0, "reply_count": 0, "like_count": 0, "quote_count": 0}, "source": "Twitter for iPhone", "author_id": "55698373"}, "includes": {"users": [{"public_metrics": {"followers_count": 5425, "following_count": 686, "tweet_count": 55209, "listed_count": 51}, "username": "ericsalinas", "name": "\u00e9ric salinas \ud83d\udc9c\u271d\ufe0f", "id": "55698373", "description": "humor. sarcasm. geek. Rayado. solutions architect. #wizeliner. @soccertunes owner. mensa member. IMA @ itesm. NICU dad^2. this is my mr. robot tweeting, not me.", "verified": true, "created_at": "2009-07-10T23:36:19.000Z", "location": "Huixquilucan, M\u00e9xico", "protected": false}]}, "matching_rules": [{"id": 1401766500256546822, "tag": "Samuel Garcia"}]}