{"data": {"entities": {"mentions": [{"start": 0, "end": 11, "username": "elregi0mty"}, {"start": 12, "end": 27, "username": "samuel_garcias"}, {"start": 28, "end": 39, "username": "columnaria"}]}, "id": "1401767472806699011", "text": "@elregi0mty @samuel_garcias @columnaria Ya se teni\u00e1n grupos criminales en el estado, no va para mal porque todos son lo mismo.", "created_at": "2021-06-07T05:06:23.000Z", "referenced_tweets": [{"type": "replied_to", "id": "1401752189874409478"}], "in_reply_to_user_id": "470834683", "public_metrics": {"retweet_count": 0, "reply_count": 0, "like_count": 0, "quote_count": 0}, "source": "Twitter Web App", "author_id": "1146976505022558209"}, "includes": {"users": [{"public_metrics": {"followers_count": 1, "following_count": 11, "tweet_count": 31, "listed_count": 0}, "username": "iwill_spect_you", "name": "\u2623", "id": "1146976505022558209", "description": "Dar corazoncito es de gays.", "verified": false, "created_at": "2019-07-05T02:58:03.000Z", "protected": false}]}, "matching_rules": [{"id": 1401766500256546822, "tag": "Samuel Garcia"}]}