{"data": {"entities": {"mentions": [{"start": 3, "end": 16, "username": "Pat_MercadoC"}, {"start": 29, "end": 44, "username": "samuel_garcias"}, {"start": 47, "end": 61, "username": "colosioriojas"}, {"start": 120, "end": 135, "username": "MovCiudadanoMX"}]}, "id": "1401767473863532549", "text": "RT @Pat_MercadoC: Felicito a @samuel_garcias y @colosioriojas por los resultados favorables que se van confirmando para @MovCiudadanoMX en\u2026", "created_at": "2021-06-07T05:06:24.000Z", "referenced_tweets": [{"type": "retweeted", "id": "1401750842584322052"}], "public_metrics": {"retweet_count": 7, "reply_count": 0, "like_count": 0, "quote_count": 0}, "source": "Twitter for Android", "author_id": "705618630927634432"}, "includes": {"users": [{"public_metrics": {"followers_count": 298, "following_count": 784, "tweet_count": 36007, "listed_count": 1}, "username": "Fco_Morales_H", "name": "Francisco M.", "id": "705618630927634432", "description": "", "verified": false, "created_at": "2016-03-04T04:59:26.000Z", "protected": false}]}, "matching_rules": [{"id": 1401766500256546822, "tag": "Samuel Garcia"}]}