{"data": {"entities": {"urls": [{"start": 32, "end": 55, "url": "https://t.co/N45YEiFIK6", "expanded_url": "https://twitter.com/narvaecita/status/1401749388037394436", "display_url": "twitter.com/narvaecita/sta\u2026"}]}, "id": "1401767499637608451", "text": "El \u00faltimo! PD Ya valimos madre. https://t.co/N45YEiFIK6", "created_at": "2021-06-07T05:06:30.000Z", "referenced_tweets": [{"type": "quoted", "id": "1401749388037394436"}], "public_metrics": {"retweet_count": 0, "reply_count": 0, "like_count": 0, "quote_count": 0}, "source": "Twitter for Android", "author_id": "4072656441"}, "includes": {"users": [{"public_metrics": {"followers_count": 95, "following_count": 178, "tweet_count": 3524, "listed_count": 0}, "username": "mtynl70", "name": "Gerardo Guzm\u00e1n", "id": "4072656441", "description": "Matehualense, padre de unos huercos. Amante de la carne asada, cerveza, el cabrito, s\u00ed vivo en MTY, N.L.", "verified": false, "created_at": "2015-10-30T04:31:59.000Z", "location": "Monterrey, Nuevo Le\u00f3n", "protected": false}]}, "matching_rules": [{"id": 1401766500256546822, "tag": "Samuel Garcia"}]}