{"data": {"entities": {"mentions": [{"start": 3, "end": 18, "username": "eduardoavelarc"}], "urls": [{"start": 104, "end": 127, "url": "https://t.co/SdpbLvbLJc", "expanded_url": "https://twitter.com/eduardoavelarc/status/1401698749265723392/photo/1", "display_url": "pic.twitter.com/SdpbLvbLJc"}], "annotations": [{"start": 21, "end": 33, "probability": 0.9969, "type": "Person", "normalized_text": "Samuel Garcia"}, {"start": 58, "end": 67, "probability": 0.3195, "type": "Person", "normalized_text": "Nuevo Leon"}, {"start": 92, "end": 101, "probability": 0.2994, "type": "Person", "normalized_text": "Nuevo Leon"}]}, "id": "1401767501088886786", "attachments": {"media_keys": ["3_1401698745775968259"]}, "text": "RT @eduardoavelarc: *Samuel Garcia gana la gobernatura de Nuevo Leon*\n\n-Los que no somos de Nuevo Leon: https://t.co/SdpbLvbLJc", "created_at": "2021-06-07T05:06:30.000Z", "referenced_tweets": [{"type": "retweeted", "id": "1401698749265723392"}], "public_metrics": {"retweet_count": 560, "reply_count": 0, "like_count": 0, "quote_count": 0}, "source": "Twitter for Android", "author_id": "1066851399768657920"}, "includes": {"users": [{"public_metrics": {"followers_count": 40, "following_count": 43, "tweet_count": 870, "listed_count": 0}, "username": "JacomerdzV2", "name": "Jorge", "id": "1066851399768657920", "description": "lv20\n70%", "verified": false, "created_at": "2018-11-26T00:29:29.000Z", "location": "Xalapa, Veracruz de Ignacio de", "protected": false}]}, "matching_rules": [{"id": 1401766500256546822, "tag": "Samuel Garcia"}]}