{"data": {"entities": {"mentions": [{"start": 0, "end": 12, "username": "Tigre_Alien"}, {"start": 13, "end": 29, "username": "_georgeespinosa"}, {"start": 30, "end": 46, "username": "herreragonzalo3"}, {"start": 47, "end": 55, "username": "rocp098"}, {"start": 56, "end": 66, "username": "GERAMITZU"}, {"start": 67, "end": 76, "username": "jerryfon"}, {"start": 77, "end": 88, "username": "a_chatly69"}, {"start": 89, "end": 102, "username": "CarlosGignak"}, {"start": 103, "end": 118, "username": "viejopizarrino"}, {"start": 119, "end": 134, "username": "samuel_garcias"}, {"start": 135, "end": 149, "username": "LuisDonaldoCo"}, {"start": 150, "end": 165, "username": "AsiEsMonterrey"}, {"start": 166, "end": 178, "username": "QuePasaEnSN"}, {"start": 179, "end": 191, "username": "MtyFollowMx"}, {"start": 192, "end": 206, "username": "ConociendoMTY"}]}, "id": "1401767544348983297", "text": "@Tigre_Alien @_georgeespinosa @herreragonzalo3 @rocp098 @GERAMITZU @jerryfon @a_chatly69 @CarlosGignak @viejopizarrino @samuel_garcias @LuisDonaldoCo @AsiEsMonterrey @QuePasaEnSN @MtyFollowMx @ConociendoMTY Ya du\u00e9rmanse.  .... Para ustedes es media noche", "created_at": "2021-06-07T05:06:40.000Z", "referenced_tweets": [{"type": "replied_to", "id": "1401767267675877376"}], "in_reply_to_user_id": "901656309547839490", "public_metrics": {"retweet_count": 0, "reply_count": 0, "like_count": 0, "quote_count": 0}, "source": "Twitter for Android", "author_id": "2942200915"}, "includes": {"users": [{"public_metrics": {"followers_count": 813, "following_count": 866, "tweet_count": 33764, "listed_count": 2}, "username": "jesusmh194", "name": "@Mendoza \ud83c\udfc6\ud83c\udfc6\ud83c\udfc6\ud83c\udfc6\ud83c\udfc6\ud83c\udfc6\ud83c\udfc6", "id": "2942200915", "description": "Desde la cuna hasta el cajon...Tigre de \ud83d\udc9b\ud83d\udc99 por siempre \ud83d\udc2f   \ud83c\udfc6 77-78 \ud83c\udfc6 81-82   \ud83c\udfc6'11 \ud83c\udfc6 '15  \ud83c\udfc6'16 \ud83c\udfc6'17   \ud83c\udfc6 '19   pittsburgh steelers \ud83d\udc9b\u263b\ud83d\udda4", "verified": false, "created_at": "2014-12-24T18:49:37.000Z", "location": "Hawaii \ud83c\uddf2\ud83c\uddfd\ud83c\udde7\ud83c\uddf7\ud83c\uddf1\ud83c\uddf7\ud83c\udde8\ud83c\udde6\ud83c\udde8\ud83c\uddf1", "protected": false}]}, "matching_rules": [{"id": 1401766500256546822, "tag": "Samuel Garcia"}]}