{"data": {"entities": {"hashtags": [{"start": 79, "end": 89, "tag": "NuevoLeon"}, {"start": 90, "end": 105, "tag": "Elecciones2021"}], "mentions": [{"start": 0, "end": 15, "username": "samuel_garcias"}, {"start": 18, "end": 34, "username": "AdrianDeLaGarza"}], "urls": [{"start": 106, "end": 129, "url": "https://t.co/pcgQk46wZV", "expanded_url": "https://twitter.com/JosLuis54983792/status/1401767551919656963/photo/1", "display_url": "pic.twitter.com/pcgQk46wZV"}]}, "id": "1401767551919656963", "attachments": {"media_keys": ["3_1401767549579284481"]}, "text": "@samuel_garcias y @AdrianDeLaGarza cuando les preguntan sobre las elecciones:\n\n#NuevoLeon #Elecciones2021 https://t.co/pcgQk46wZV", "created_at": "2021-06-07T05:06:42.000Z", "in_reply_to_user_id": "258973851", "public_metrics": {"retweet_count": 0, "reply_count": 0, "like_count": 0, "quote_count": 0}, "source": "Twitter for Android", "author_id": "1259128327287091200"}, "includes": {"users": [{"public_metrics": {"followers_count": 19, "following_count": 415, "tweet_count": 108, "listed_count": 0}, "username": "JosLuis54983792", "name": "Jos\u00e9 Luis", "id": "1259128327287091200", "description": "", "verified": false, "created_at": "2020-05-09T14:30:23.000Z", "location": "Monterrey, Nuevo Le\u00f3n", "protected": false}]}, "matching_rules": [{"id": 1401766500256546820, "tag": "Adrian de la Garza"}, {"id": 1401766500256546822, "tag": "Samuel Garcia"}]}