{"data": {"entities": {"mentions": [{"start": 0, "end": 10, "username": "jolutrece"}, {"start": 11, "end": 23, "username": "rayadomaton"}, {"start": 24, "end": 40, "username": "AdrianDeLaGarza"}], "annotations": [{"start": 57, "end": 67, "probability": 0.9687, "type": "Place", "normalized_text": "Guadalajara"}]}, "id": "1401767565127475200", "text": "@jolutrece @rayadomaton @AdrianDeLaGarza Estaba peor que Guadalajara para las 12:00 pm ya no hab\u00eda nadie en la calle, los tapados, los secuestros, los robos a veh\u00edculos y las muertes \u2620\ufe0f de eso no se acuerdan \ud83e\udd26\ud83c\udffb", "created_at": "2021-06-07T05:06:45.000Z", "referenced_tweets": [{"type": "replied_to", "id": "1401700617589080071"}], "in_reply_to_user_id": "252913409", "public_metrics": {"retweet_count": 0, "reply_count": 0, "like_count": 0, "quote_count": 0}, "source": "Twitter for iPhone", "author_id": "1312873345029898240"}, "includes": {"users": [{"public_metrics": {"followers_count": 12, "following_count": 113, "tweet_count": 237, "listed_count": 0}, "username": "raulramro", "name": "raulramro", "id": "1312873345029898240", "description": "", "verified": false, "created_at": "2020-10-04T21:53:04.000Z", "protected": false}]}, "matching_rules": [{"id": 1401766500256546820, "tag": "Adrian de la Garza"}]}