{"data": {"entities": {"mentions": [{"start": 3, "end": 15, "username": "cesarulloag"}, {"start": 76, "end": 91, "username": "samuel_garcias"}], "annotations": [{"start": 37, "end": 46, "probability": 0.9164, "type": "Place", "normalized_text": "Nuevo Le\u00f3n"}]}, "id": "1401767631066075136", "text": "RT @cesarulloag: As\u00ed dormimos hoy en Nuevo Le\u00f3n:\n\nVentaja de 10 puntos para @samuel_garcias como gobernador.\n\nVentaja de 12 puntos para @co\u2026", "created_at": "2021-06-07T05:07:01.000Z", "referenced_tweets": [{"type": "retweeted", "id": "1401762988781092865"}], "public_metrics": {"retweet_count": 27, "reply_count": 0, "like_count": 0, "quote_count": 0}, "source": "Twitter for iPhone", "author_id": "105879107"}, "includes": {"users": [{"public_metrics": {"followers_count": 432, "following_count": 1960, "tweet_count": 30087, "listed_count": 10}, "username": "alinspring", "name": "Allin", "id": "105879107", "description": "Quien tiene un porque para vivir, encontrar\u00e1 casi siempre el como... \u00abCarpe diem, quam minimum credula postero\u00bb", "verified": false, "created_at": "2010-01-17T20:11:57.000Z", "location": "Monterrey, Nuevo Le\u00f3n, M\u00e9xico", "protected": false}]}, "matching_rules": [{"id": 1401766500256546822, "tag": "Samuel Garcia"}]}