{"data": {"entities": {"mentions": [{"start": 0, "end": 15, "username": "MovCiudadanoMX"}, {"start": 16, "end": 31, "username": "samuel_garcias"}], "urls": [{"start": 55, "end": 78, "url": "https://t.co/J03JO73HCt", "expanded_url": "https://twitter.com/gabrcga/status/1401767631225454593/photo/1", "display_url": "pic.twitter.com/J03JO73HCt"}], "annotations": [{"start": 46, "end": 51, "probability": 0.9641, "type": "Person", "normalized_text": "Samuel"}]}, "id": "1401767631225454593", "attachments": {"media_keys": ["3_1401767622975184897"]}, "text": "@MovCiudadanoMX @samuel_garcias No nos falles Samuel \ud83d\udc4d https://t.co/J03JO73HCt", "created_at": "2021-06-07T05:07:01.000Z", "referenced_tweets": [{"type": "replied_to", "id": "1401766125625516032"}], "in_reply_to_user_id": "141260426", "public_metrics": {"retweet_count": 0, "reply_count": 0, "like_count": 0, "quote_count": 0}, "source": "Twitter for iPhone", "author_id": "72432828"}, "includes": {"users": [{"public_metrics": {"followers_count": 220, "following_count": 2437, "tweet_count": 1895, "listed_count": 0}, "username": "gabrcga", "name": "Gabo Chavez", "id": "72432828", "description": "Mexicano, Neoleones y regiomontano.", "verified": false, "created_at": "2009-09-08T01:01:32.000Z", "location": "Monterrey, Nuevo Le\u00f3n", "protected": false}]}, "matching_rules": [{"id": 1401766500256546822, "tag": "Samuel Garcia"}]}