{"data": {"entities": {"mentions": [{"start": 3, "end": 14, "username": "CiroGomezL"}, {"start": 71, "end": 86, "username": "samuel_garcias"}], "annotations": [{"start": 59, "end": 68, "probability": 0.6231, "type": "Place", "normalized_text": "Nuevo Le\u00f3n"}]}, "id": "1401767689014550528", "text": "RT @CiroGomezL: Aunque se dijo ganador a la gubernatura de Nuevo Le\u00f3n, @samuel_garcias pospone su festejo para este lunes, asegur\u00f3 que no l\u2026", "created_at": "2021-06-07T05:07:15.000Z", "referenced_tweets": [{"type": "retweeted", "id": "1401767281647132672"}], "public_metrics": {"retweet_count": 4, "reply_count": 0, "like_count": 0, "quote_count": 0}, "source": "Twitter for iPhone", "author_id": "1127406478132858880"}, "includes": {"users": [{"public_metrics": {"followers_count": 23, "following_count": 91, "tweet_count": 560, "listed_count": 0}, "username": "rreynoso08", "name": "Raul Reynoso", "id": "1127406478132858880", "description": "Contador P\u00fablico. Esposo y aprendiz de pap\u00e1. Amante de la cheve artesanal \ud83c\udf7a", "verified": false, "created_at": "2019-05-12T02:53:45.000Z", "location": "Chihuahua, M\u00e9xico", "protected": false}]}, "matching_rules": [{"id": 1401766500256546822, "tag": "Samuel Garcia"}]}