{"data": {"entities": {"mentions": [{"start": 3, "end": 11, "username": "jjjt000"}]}, "id": "1401767698305069056", "text": "RT @jjjt000: mi abuelo quer\u00eda votar x clara luz y pos nimoro a esconderle la ine", "created_at": "2021-06-07T05:07:17.000Z", "referenced_tweets": [{"type": "retweeted", "id": "1401571779190177795"}], "public_metrics": {"retweet_count": 200, "reply_count": 0, "like_count": 0, "quote_count": 0}, "source": "Twitter Web App", "author_id": "274863435"}, "includes": {"users": [{"public_metrics": {"followers_count": 364, "following_count": 780, "tweet_count": 2000, "listed_count": 47}, "username": "QuererB", "name": "Querer Bonito", "id": "274863435", "description": "tu actitud hace tu d\u00eda a d\u00eda.", "verified": false, "created_at": "2011-03-31T05:01:42.000Z", "location": "monterrey ", "protected": false}]}, "matching_rules": [{"id": 1401766500256546821, "tag": "Clara Luz"}]}