{"data": {"entities": {"mentions": [{"start": 0, "end": 15, "username": "QuesaVerdadess"}, {"start": 16, "end": 31, "username": "samuel_garcias"}]}, "id": "1401767704214736898", "text": "@QuesaVerdadess @samuel_garcias Pues el inepto no parece ser el cara el mingitorio, si no quienes votaron por el, merecido se lo tienen por p3nd3j0s, con todo respeto para los que votaron diferente.", "created_at": "2021-06-07T05:07:18.000Z", "referenced_tweets": [{"type": "replied_to", "id": "1401714615369752579"}], "in_reply_to_user_id": "986841875452694529", "public_metrics": {"retweet_count": 0, "reply_count": 0, "like_count": 0, "quote_count": 0}, "source": "Twitter for Android", "author_id": "804571443077881856"}, "includes": {"users": [{"public_metrics": {"followers_count": 401, "following_count": 1315, "tweet_count": 11468, "listed_count": 0}, "username": "aarceoro", "name": "AAO", "id": "804571443077881856", "description": "Ing. En Sistemas de Informaci\u00f3n, conciencia, lealtad y congruencia, Convencido de la realidad de cambio, M\u00e9xico es diferente con este gobierno trascendente.\ud83e\udd1d", "verified": false, "created_at": "2016-12-02T06:22:35.000Z", "location": "Mexico", "protected": false}]}, "matching_rules": [{"id": 1401766500256546822, "tag": "Samuel Garcia"}]}