{"data": {"entities": {"annotations": [{"start": 21, "end": 33, "probability": 0.9969, "type": "Person", "normalized_text": "Samuel Garcia"}, {"start": 58, "end": 67, "probability": 0.3195, "type": "Person", "normalized_text": "Nuevo Leon"}, {"start": 92, "end": 101, "probability": 0.2994, "type": "Person", "normalized_text": "Nuevo Leon"}], "mentions": [{"start": 3, "end": 18, "username": "eduardoavelarc"}], "urls": [{"start": 104, "end": 127, "url": "https://t.co/SdpbLvbLJc", "expanded_url": "https://twitter.com/eduardoavelarc/status/1401698749265723392/photo/1", "display_url": "pic.twitter.com/SdpbLvbLJc"}]}, "author_id": "96276747", "source": "Twitter for Android", "created_at": "2021-06-07T04:55:12.000Z", "text": "RT @eduardoavelarc: *Samuel Garcia gana la gobernatura de Nuevo Leon*\n\n-Los que no somos de Nuevo Leon: https://t.co/SdpbLvbLJc", "id": "1401764659368280070", "referenced_tweets": [{"type": "retweeted", "id": "1401698749265723392"}], "attachments": {"media_keys": ["3_1401698745775968259"]}, "public_metrics": {"retweet_count": 506, "reply_count": 0, "like_count": 0, "quote_count": 0}}, "includes": {"users": [{"location": "Monterrey, Nuevo Le\u00f3n", "protected": false, "created_at": "2009-12-12T04:42:44.000Z", "description": "A little funny\ud83c\udf42.\nDe todo un poco con tem\u00e1tica\ud83c\udf9e.\nWe all are freaks\ud83c\udfa9.", "id": "96276747", "verified": false, "public_metrics": {"followers_count": 202, "following_count": 64, "tweet_count": 12702, "listed_count": 6}, "username": "echimga", "name": "Javier"}]}, "matching_rules": [{"id": 1401764684680683523, "tag": "Samuel Garcia"}]}