{"data": {"entities": {"mentions": [{"start": 0, "end": 15, "username": "CarlosG_AMLOVE"}, {"start": 16, "end": 31, "username": "samuel_garcias"}], "annotations": [{"start": 44, "end": 50, "probability": 0.7924, "type": "Place", "normalized_text": "Jalisco"}]}, "id": "1401767713920462851", "text": "@CarlosG_AMLOVE @samuel_garcias Lo peor que Jalisco no aprendi\u00f3 y sigui\u00f3 con el asco de naranja podrida \ud83d\ude2d\ud83e\udd7a\ud83e\udd2c", "created_at": "2021-06-07T05:07:21.000Z", "referenced_tweets": [{"type": "replied_to", "id": "1401741732644102151"}], "in_reply_to_user_id": "1143321508875558915", "public_metrics": {"retweet_count": 0, "reply_count": 0, "like_count": 0, "quote_count": 0}, "source": "Twitter for Android", "author_id": "1372843875644047362"}, "includes": {"users": [{"public_metrics": {"followers_count": 880, "following_count": 935, "tweet_count": 5104, "listed_count": 0}, "username": "TherCobia", "name": "TherCobia", "id": "1372843875644047362", "description": "Regresando... Jalisco/Dgo", "verified": false, "created_at": "2021-03-19T09:34:32.000Z", "protected": false}]}, "matching_rules": [{"id": 1401766500256546822, "tag": "Samuel Garcia"}]}