{"data": {"entities": {"annotations": [{"start": 38, "end": 47, "probability": 0.3717, "type": "Person", "normalized_text": "Nuevo Le\u00f3n"}, {"start": 73, "end": 92, "probability": 0.9092, "type": "Organization", "normalized_text": "Movimiento Ciudadano"}, {"start": 96, "end": 108, "probability": 0.9978, "type": "Person", "normalized_text": "Samuel Garc\u00eda"}, {"start": 124, "end": 130, "probability": 0.3577, "type": "Person", "normalized_text": "Adri\u00e1n"}], "mentions": [{"start": 3, "end": 19, "username": "carolina_rocha_"}]}, "author_id": "450085219", "source": "Twitter Web App", "created_at": "2021-06-07T05:08:06.000Z", "text": "RT @carolina_rocha_: Conteo R\u00e1pido de Nuevo Le\u00f3n es amplia la ventaja de Movimiento Ciudadano y Samuel Garc\u00eda 35.4% al 37.2%\nAdri\u00e1n de la G\u2026", "id": "1401767904656384001", "referenced_tweets": [{"type": "retweeted", "id": "1401767042366201856"}], "context_annotations": [{"domain": {"id": "3", "name": "TV Shows", "description": "Television shows from around the world"}, "entity": {"id": "10046698463", "name": "Nada Es lo Que Parece"}}], "public_metrics": {"retweet_count": 5, "reply_count": 0, "like_count": 0, "quote_count": 0}}, "includes": {"users": [{"location": "Ciudad de M\u00e9xico, M\u00e9xico", "protected": false, "created_at": "2011-12-29T21:18:42.000Z", "description": "Asesor inmobiliario \u00a1Adquiere tu depa ideal con nosotros! Tenemos m\u00e1s de 100 desarrollos en la Ciudad de M\u00e9xico y \u00c1rea metropolitana.", "id": "450085219", "verified": false, "public_metrics": {"followers_count": 99, "following_count": 305, "tweet_count": 3409, "listed_count": 1}, "username": "EmiDeux", "name": "Emiliano Esp\u00edndola Esquivel"}]}, "matching_rules": [{"id": 1401767939779436549, "tag": "Clara Luz"}]}