{"data": {"author_id": "1021799363700514816", "source": "Twitter for iPhone", "created_at": "2021-06-07T05:08:07.000Z", "text": "RT @Reporte_Indigo: #ElValorDelVoto | Fosfo-Fosfo\u2026 @samuel_garcias est\u00e1 a la cabeza en el conteo r\u00e1pido y se perfila como ganador a la gube\u2026", "id": "1401767908808687618", "entities": {"mentions": [{"start": 3, "end": 18, "username": "Reporte_Indigo"}, {"start": 51, "end": 66, "username": "samuel_garcias"}], "hashtags": [{"start": 20, "end": 35, "tag": "ElValorDelVoto"}]}, "referenced_tweets": [{"type": "retweeted", "id": "1401765530869153792"}], "public_metrics": {"retweet_count": 4, "reply_count": 0, "like_count": 0, "quote_count": 0}}, "includes": {"users": [{"location": "CDMX ", "protected": false, "created_at": "2018-07-24T16:48:47.000Z", "description": "Cuento historias a trav\u00e9s del periodismo \ud83d\uddde\ud83d\udcf0  Soy ayudante del SNI del Conacyt \ud83d\udcda\ud83d\udcd6", "id": "1021799363700514816", "verified": false, "public_metrics": {"followers_count": 597, "following_count": 1324, "tweet_count": 1817, "listed_count": 5}, "username": "LuzGrimaldy", "name": "Luz Rangel"}]}, "matching_rules": [{"id": 1401767939779436548, "tag": "Samuel Garcia"}]}