{"data": {"entities": {"annotations": [{"start": 142, "end": 159, "probability": 0.2819, "type": "Person", "normalized_text": "Laura de monterrey"}], "mentions": [{"start": 0, "end": 12, "username": "CarlosLoret"}, {"start": 13, "end": 28, "username": "samuel_garcias"}, {"start": 29, "end": 40, "username": "ClementeCH"}, {"start": 41, "end": 56, "username": "MovCiudadanoMX"}, {"start": 57, "end": 70, "username": "WRADIOMexico"}]}, "in_reply_to_user_id": "68844197", "author_id": "4766738581", "source": "Twitter for Android", "created_at": "2021-06-07T05:08:10.000Z", "text": "@CarlosLoret @samuel_garcias @ClementeCH @MovCiudadanoMX @WRADIOMexico Pinche vende patrias traidor ratero montajes amante de la hija de do\u00f1a Laura de monterrey la de sabadazo y el cochino que here's", "id": "1401767919487434752", "referenced_tweets": [{"type": "replied_to", "id": "1401680078564700163"}], "context_annotations": [{"domain": {"id": "10", "name": "Person", "description": "Named people in the world like Nelson Mandela"}, "entity": {"id": "809506024583360512", "name": "Carlos Loret de Mola", "description": "Carlos Loret de Mola"}}, {"domain": {"id": "94", "name": "Journalist", "description": "A journalist like 'Anderson Cooper'"}, "entity": {"id": "809506024583360512", "name": "Carlos Loret de Mola", "description": "Carlos Loret de Mola"}}], "public_metrics": {"retweet_count": 0, "reply_count": 0, "like_count": 0, "quote_count": 0}}, "includes": {"users": [{"protected": false, "created_at": "2016-01-16T05:12:42.000Z", "description": "", "id": "4766738581", "verified": false, "public_metrics": {"followers_count": 352, "following_count": 107, "tweet_count": 12231, "listed_count": 0}, "username": "lidiaortega785", "name": "lidia ortega"}]}, "matching_rules": [{"id": 1401767939779436548, "tag": "Samuel Garcia"}]}