{"data": {"in_reply_to_user_id": "1935742783", "author_id": "1243013800392974336", "source": "Twitter for iPhone", "created_at": "2021-06-07T05:08:17.000Z", "text": "@CiroGomezL @samuel_garcias Que idiotas los regios de votar por una persona como \u00e9l!  No se quejen despu\u00e9s los amantes de influencers y buenos para el golf!  Y ya", "id": "1401767950059655171", "entities": {"mentions": [{"start": 0, "end": 11, "username": "CiroGomezL"}, {"start": 12, "end": 27, "username": "samuel_garcias"}]}, "referenced_tweets": [{"type": "replied_to", "id": "1401767281647132672"}], "public_metrics": {"retweet_count": 0, "reply_count": 0, "like_count": 0, "quote_count": 0}}, "includes": {"users": [{"protected": false, "created_at": "2020-03-26T03:16:11.000Z", "description": "Simplemente aqu\u00ed para leer y opinar...", "id": "1243013800392974336", "verified": false, "public_metrics": {"followers_count": 36, "following_count": 153, "tweet_count": 2036, "listed_count": 0}, "username": "elmasdemas1", "name": "elmasdemas"}]}, "matching_rules": [{"id": 1401767939779436548, "tag": "Samuel Garcia"}]}