{"data": {"entities": {"annotations": [{"start": 39, "end": 47, "probability": 0.9654, "type": "Person", "normalized_text": "Clara Luz"}, {"start": 72, "end": 84, "probability": 0.9975, "type": "Person", "normalized_text": "Samuel Garcia"}], "mentions": [{"start": 3, "end": 13, "username": "SirChairo"}]}, "author_id": "1399737327262576641", "source": "Twitter for Android", "created_at": "2021-06-07T05:08:18.000Z", "text": "RT @SirChairo: Ni cuenta se dieron que Clara Luz ya habia declinado por Samuel Garcia.", "id": "1401767954413408258", "referenced_tweets": [{"type": "retweeted", "id": "1401766827475312641"}], "public_metrics": {"retweet_count": 3, "reply_count": 0, "like_count": 0, "quote_count": 0}}, "includes": {"users": [{"protected": false, "created_at": "2021-06-01T14:39:27.000Z", "description": "", "id": "1399737327262576641", "verified": false, "public_metrics": {"followers_count": 1, "following_count": 253, "tweet_count": 68, "listed_count": 0}, "username": "Paco18711955", "name": "Paco"}]}, "matching_rules": [{"id": 1401767939779436548, "tag": "Samuel Garcia"}, {"id": 1401767939779436549, "tag": "Clara Luz"}]}