{"data": {"entities": {"annotations": [{"start": 44, "end": 49, "probability": 0.9154, "type": "Person", "normalized_text": "Samuel"}], "mentions": [{"start": 0, "end": 12, "username": "CarlosLoret"}, {"start": 13, "end": 28, "username": "samuel_garcias"}, {"start": 29, "end": 43, "username": "ClaudioOchoaH"}]}, "in_reply_to_user_id": "68844197", "author_id": "304428259", "source": "Twitter for iPhone", "created_at": "2021-06-07T05:08:24.000Z", "text": "@CarlosLoret @samuel_garcias @ClaudioOchoaH Samuel eres la salvaci\u00f3n de Cretinus", "id": "1401767979075899393", "referenced_tweets": [{"type": "replied_to", "id": "1401767744123686918"}], "context_annotations": [{"domain": {"id": "10", "name": "Person", "description": "Named people in the world like Nelson Mandela"}, "entity": {"id": "809506024583360512", "name": "Carlos Loret de Mola", "description": "Carlos Loret de Mola"}}, {"domain": {"id": "94", "name": "Journalist", "description": "A journalist like 'Anderson Cooper'"}, "entity": {"id": "809506024583360512", "name": "Carlos Loret de Mola", "description": "Carlos Loret de Mola"}}], "public_metrics": {"retweet_count": 0, "reply_count": 0, "like_count": 0, "quote_count": 0}}, "includes": {"users": [{"protected": false, "created_at": "2011-05-24T14:04:00.000Z", "description": "", "id": "304428259", "verified": false, "public_metrics": {"followers_count": 136, "following_count": 467, "tweet_count": 6482, "listed_count": 0}, "username": "Teruk01", "name": "Tere Mar"}]}, "matching_rules": [{"id": 1401767939779436548, "tag": "Samuel Garcia"}]}