{"data": {"entities": {"annotations": [{"start": 158, "end": 164, "probability": 0.9732, "type": "Person", "normalized_text": "Mariana"}], "mentions": [{"start": 0, "end": 14, "username": "porktendencia"}, {"start": 15, "end": 23, "username": "ceenlmx"}, {"start": 24, "end": 39, "username": "samuel_garcias"}]}, "in_reply_to_user_id": "1366914800907931659", "author_id": "1129192266097221632", "source": "Twitter for Android", "created_at": "2021-06-07T05:08:27.000Z", "text": "@porktendencia @ceenlmx @samuel_garcias No llevan ni el 10% de los votos en el conteo, igual, si es que llega a ganar va a ser por el teatro que se monto con Mariana y no tanto por el", "id": "1401767993546260484", "referenced_tweets": [{"type": "replied_to", "id": "1401767367273713672"}], "public_metrics": {"retweet_count": 0, "reply_count": 0, "like_count": 0, "quote_count": 0}}, "includes": {"users": [{"location": "En Algun Bar Del Norte \ud83c\udf7a\ud83e\udd20", "protected": false, "created_at": "2019-05-17T01:09:50.000Z", "description": "Machukis in da House\u270c\ufe0f\ud83c\udf08 BEER LOVER \ud83c\udf7a\n#Juliantina Shipper \ud83d\udc69\u200d\u2764\ufe0f\u200d\ud83d\udc8b\u200d\ud83d\udc69\n(Aveces hago Threads \ud83d\udc36nes) \n*Marketing Consultant \ud83e\udd13\n MULTIFANDOM\ud83c\udff3\ufe0f\u200d\ud83c\udf08\n2nd AC @duekz18", "id": "1129192266097221632", "verified": false, "public_metrics": {"followers_count": 2343, "following_count": 742, "tweet_count": 52532, "listed_count": 2}, "username": "DuekzKnight", "name": "Marce A VOTAR SE HA DICHO! \ud83c\udf7a\ud83e\udd20\ud83c\udff3\ufe0f\u200d\ud83c\udf08"}]}, "matching_rules": [{"id": 1401767939779436548, "tag": "Samuel Garcia"}]}