{"data": {"entities": {"annotations": [{"start": 46, "end": 58, "probability": 0.9977, "type": "Person", "normalized_text": "Samuel Garcia"}], "mentions": [{"start": 3, "end": 16, "username": "AlexandraNT_"}]}, "author_id": "97598403", "source": "Twitter for Android", "created_at": "2021-06-07T05:08:30.000Z", "text": "RT @AlexandraNT_: ya me voy a dormir, si gana Samuel Garcia les pido que no me despierten nunca.", "id": "1401768005894348800", "referenced_tweets": [{"type": "retweeted", "id": "1401760583473577984"}], "public_metrics": {"retweet_count": 12, "reply_count": 0, "like_count": 0, "quote_count": 0}}, "includes": {"users": [{"location": "Monterrey, Nuevo Le\u00f3n", "protected": false, "created_at": "2009-12-18T04:37:27.000Z", "description": "Highway to hell \ud83e\udd18\ud83c\udffbCin\u00e9filo y caguamero nivel experto.  * -Rayado toda la puta vida-", "id": "97598403", "verified": false, "public_metrics": {"followers_count": 1351, "following_count": 1845, "tweet_count": 50731, "listed_count": 7}, "username": "towySpider", "name": "towy"}]}, "matching_rules": [{"id": 1401767939779436548, "tag": "Samuel Garcia"}]}