{"data": {"in_reply_to_user_id": "224678647", "author_id": "214910913", "source": "Twitter for Android", "created_at": "2021-06-07T05:08:36.000Z", "text": "@claraluzflores Pinchi mentirosa la cagastes", "id": "1401768031626227718", "entities": {"mentions": [{"start": 0, "end": 15, "username": "claraluzflores"}]}, "referenced_tweets": [{"type": "replied_to", "id": "1401692802854047745"}], "public_metrics": {"retweet_count": 0, "reply_count": 0, "like_count": 0, "quote_count": 0}}, "includes": {"users": [{"location": "Mexico", "protected": false, "created_at": "2010-11-12T14:48:40.000Z", "description": "Gran persona, entusiasta, enemigo de la injusticia, acciono a favor de mi propio bienestar pero sin dejar de ayudar a las dem\u00e1s personas.", "id": "214910913", "verified": false, "public_metrics": {"followers_count": 96, "following_count": 494, "tweet_count": 2542, "listed_count": 0}, "username": "MONCHILON", "name": "RAMONENSH\ud83c\uddf2\ud83c\uddfd"}]}, "matching_rules": [{"id": 1401767939779436549, "tag": "Clara Luz"}]}