{"data": {"entities": {"annotations": [{"start": 29, "end": 41, "probability": 0.9964, "type": "Person", "normalized_text": "Mario Delgado"}, {"start": 106, "end": 114, "probability": 0.9152, "type": "Person", "normalized_text": "Clara Luz"}], "mentions": [{"start": 3, "end": 14, "username": "DIVALUSTAR"}]}, "author_id": "906722251", "source": "Twitter for iPhone", "created_at": "2021-06-07T05:08:38.000Z", "text": "RT @DIVALUSTAR: Espero que a Mario Delgado le haya quedado claro que desde el inicio la gente no acept\u00f3 a Clara Luz y si se perdi\u00f3 fue por\u2026", "id": "1401768039083700226", "referenced_tweets": [{"type": "retweeted", "id": "1401734871131828228"}], "public_metrics": {"retweet_count": 82, "reply_count": 0, "like_count": 0, "quote_count": 0}}, "includes": {"users": [{"location": "Mexico", "protected": false, "created_at": "2012-10-26T20:21:52.000Z", "description": "", "id": "906722251", "verified": false, "public_metrics": {"followers_count": 627, "following_count": 1700, "tweet_count": 54515, "listed_count": 2}, "username": "NaborFelix", "name": "Nabor F\u00e9lix Olvera G"}]}, "matching_rules": [{"id": 1401767939779436549, "tag": "Clara Luz"}]}