{"data": {"in_reply_to_user_id": "244218738", "author_id": "1050474741335609344", "source": "Twitter for iPhone", "created_at": "2021-06-07T05:08:40.000Z", "text": "@SinEmbargoMX @alvaro_delgado @DanyBarraganG @paezvarela @lorenzocordovav @RomiinaGandara @lupita_GD @ilsegarc @CiroMurayamaINE @marcosvizcarra @mundovelazquez @INEMexico @BlancaHerediaR @badillo_contra @contralinea @jorgezepedap @samuel_garcias Madres", "id": "1401768047854170122", "entities": {"mentions": [{"start": 0, "end": 13, "username": "SinEmbargoMX"}, {"start": 14, "end": 29, "username": "alvaro_delgado"}, {"start": 30, "end": 44, "username": "DanyBarraganG"}, {"start": 45, "end": 56, "username": "paezvarela"}, {"start": 57, "end": 73, "username": "lorenzocordovav"}, {"start": 74, "end": 89, "username": "RomiinaGandara"}, {"start": 90, "end": 100, "username": "lupita_GD"}, {"start": 101, "end": 110, "username": "ilsegarc"}, {"start": 111, "end": 127, "username": "CiroMurayamaINE"}, {"start": 128, "end": 143, "username": "marcosvizcarra"}, {"start": 144, "end": 159, "username": "mundovelazquez"}, {"start": 160, "end": 170, "username": "INEMexico"}, {"start": 171, "end": 186, "username": "BlancaHerediaR"}, {"start": 187, "end": 202, "username": "badillo_contra"}, {"start": 203, "end": 215, "username": "contralinea"}, {"start": 216, "end": 229, "username": "jorgezepedap"}, {"start": 230, "end": 245, "username": "samuel_garcias"}]}, "referenced_tweets": [{"type": "replied_to", "id": "1401765866551848964"}], "context_annotations": [{"domain": {"id": "65", "name": "Interests and Hobbies Vertical", "description": "Top level interests and hobbies groupings, like Food or Travel"}, "entity": {"id": "864925500627484672", "name": "Family and life stages", "description": "Family and Life Stages"}}, {"domain": {"id": "66", "name": "Interests and Hobbies Category", "description": "A grouping of interests and hobbies entities, like Novelty Food or Destinations"}, "entity": {"id": "847545709800767488", "name": "Moms", "description": "Moms"}}], "public_metrics": {"retweet_count": 0, "reply_count": 0, "like_count": 0, "quote_count": 0}}, "includes": {"users": [{"location": "Guadalajara, Jalisco", "protected": false, "created_at": "2018-10-11T19:54:29.000Z", "description": "Se llama Gabriela y tiene historia, aunque m\u00e1s que historia sea un poema. Lo personal es pol\u00edtico.", "id": "1050474741335609344", "verified": false, "public_metrics": {"followers_count": 50, "following_count": 83, "tweet_count": 283, "listed_count": 0}, "username": "valdespinino", "name": "Gabriela"}]}, "matching_rules": [{"id": 1401767939779436548, "tag": "Samuel Garcia"}]}