{"data": {"entities": {"annotations": [{"start": 18, "end": 30, "probability": 0.9829, "type": "Person", "normalized_text": "Samuel Garcia"}, {"start": 35, "end": 43, "probability": 0.9901, "type": "Place", "normalized_text": "Monterrey"}], "mentions": [{"start": 3, "end": 11, "username": "panaclo"}]}, "author_id": "82646113", "source": "Twitter Web App", "created_at": "2021-06-07T05:08:41.000Z", "text": "RT @panaclo: Gana Samuel Garcia en Monterrey . Todo es posible . Al menos no se qued\u00f3 La dulce Clarita Luz", "id": "1401768049863061510", "referenced_tweets": [{"type": "retweeted", "id": "1401767040898134022"}], "public_metrics": {"retweet_count": 2, "reply_count": 0, "like_count": 0, "quote_count": 0}}, "includes": {"users": [{"location": "M\u00e9xico D. F.", "protected": false, "created_at": "2009-10-15T15:48:22.000Z", "description": "Radico en la #CDMX, tenemos ideas diferentes y podemos tener una #convivencia con #respeto y #tolerancia #AbrazodeOsoVirtual #Vida #Amor #Esperanza", "id": "82646113", "verified": false, "public_metrics": {"followers_count": 4446, "following_count": 5001, "tweet_count": 165433, "listed_count": 64}, "username": "JoselDuarte", "name": "Jos\u00e9 Luis Duarte"}]}, "matching_rules": [{"id": 1401767939779436548, "tag": "Samuel Garcia"}]}