{"data": {"author_id": "1015012931141070848", "source": "Twitter for Android", "created_at": "2021-06-07T05:08:42.000Z", "text": "Ya se me estaba olvidando #FueraManosGuangas https://t.co/7D1yqGQLF1", "id": "1401768056221802497", "referenced_tweets": [{"type": "quoted", "id": "1401716167438389252"}], "entities": {"urls": [{"start": 45, "end": 68, "url": "https://t.co/7D1yqGQLF1", "expanded_url": "https://twitter.com/JossMp97/status/1401716167438389252", "display_url": "twitter.com/JossMp97/statu\u2026"}], "hashtags": [{"start": 26, "end": 44, "tag": "FueraManosGuangas"}]}, "context_annotations": [{"domain": {"id": "46", "name": "Brand Category", "description": "Categories within Brand Verticals that narrow down the scope of Brands"}, "entity": {"id": "781974596752842752", "name": "Services"}}, {"domain": {"id": "47", "name": "Brand", "description": "Brands and Companies"}, "entity": {"id": "10045225402", "name": "Twitter"}}], "public_metrics": {"retweet_count": 0, "reply_count": 0, "like_count": 0, "quote_count": 0}}, "includes": {"users": [{"location": "Monterrey, Nuevo Le\u00f3n", "protected": false, "created_at": "2018-07-05T23:21:55.000Z", "description": "", "id": "1015012931141070848", "verified": false, "public_metrics": {"followers_count": 1407, "following_count": 1956, "tweet_count": 7643, "listed_count": 5}, "username": "esmeHotmailcom", "name": "ESME"}]}, "matching_rules": [{"id": 1401767939779436549, "tag": "Clara Luz"}]}