{"data": {"entities": {"annotations": [{"start": 73, "end": 75, "probability": 0.8098, "type": "Organization", "normalized_text": "UIF"}], "mentions": [{"start": 16, "end": 31, "username": "samuel_garcias"}, {"start": 95, "end": 109, "username": "lopezobrador_"}]}, "author_id": "29792296", "source": "Twitter for Android", "created_at": "2021-06-07T05:08:43.000Z", "text": "Hola gobernador @samuel_garcias en palacio nacional pondr\u00e1n en marcha la UIF contra tu familia @lopezobrador_ no se quedar\u00e1 tan tranquilo", "id": "1401768059942092801", "context_annotations": [{"domain": {"id": "10", "name": "Person", "description": "Named people in the world like Nelson Mandela"}, "entity": {"id": "905182543464472576", "name": "Andres Manuel Lopez Obrador", "description": "President of Mexico"}}, {"domain": {"id": "35", "name": "Politician", "description": "Politicians in the world, like Joe Biden"}, "entity": {"id": "905182543464472576", "name": "Andres Manuel Lopez Obrador", "description": "President of Mexico"}}], "public_metrics": {"retweet_count": 0, "reply_count": 0, "like_count": 0, "quote_count": 0}}, "includes": {"users": [{"location": "Zapopan", "protected": false, "created_at": "2009-04-08T19:09:18.000Z", "description": "Podr\u00eda estar de acuerdo con usted, pero entonces ambos estar\u00edamos equivocados \ud83d\ude2c  #Reflexionatuvoto", "id": "29792296", "verified": false, "public_metrics": {"followers_count": 341, "following_count": 300, "tweet_count": 62137, "listed_count": 11}, "username": "Chema_Quiroz_", "name": "Chema"}]}, "matching_rules": [{"id": 1401767939779436548, "tag": "Samuel Garcia"}]}