{"data": {"in_reply_to_user_id": "106326436", "author_id": "140638600", "source": "Twitter for Android", "created_at": "2021-06-07T04:55:53.000Z", "text": "@luispadua_info7 @samuel_garcias @ceenlmx @info7mty @ElHorizontemx Tan r\u00e1pido? No va ni el 10%", "id": "1401764831162769409", "entities": {"mentions": [{"start": 0, "end": 16, "username": "luispadua_info7"}, {"start": 17, "end": 32, "username": "samuel_garcias"}, {"start": 33, "end": 41, "username": "ceenlmx"}, {"start": 42, "end": 51, "username": "info7mty"}, {"start": 52, "end": 66, "username": "ElHorizontemx"}]}, "referenced_tweets": [{"type": "replied_to", "id": "1401764277720027136"}], "public_metrics": {"retweet_count": 0, "reply_count": 0, "like_count": 0, "quote_count": 0}}, "includes": {"users": [{"location": "Nuevo Le\u00f3n, M\u00e9xico", "protected": false, "created_at": "2010-05-06T01:36:17.000Z", "description": "IMA, MBA, GB, Ingeniero de Mantenimiento, 92, antes Regio que Mexicano.\n\n\n\n\n\n\n\n\n\nAntiprogresista", "id": "140638600", "verified": false, "public_metrics": {"followers_count": 102, "following_count": 499, "tweet_count": 7173, "listed_count": 0}, "username": "edgaarjimenez", "name": "edgaar"}]}, "matching_rules": [{"id": 1401764684680683523, "tag": "Samuel Garcia"}]}