{"data": {"author_id": "577547322", "source": "Twitter for iPhone", "created_at": "2021-06-07T05:08:52.000Z", "text": "RT @sainzcaccia: @EFToussaint @samuel_garcias Pero MC con CERO distritos locales. \ud83e\udd37\ud83c\udffb\u200d\u2642\ufe0f", "id": "1401768097380397056", "entities": {"mentions": [{"start": 3, "end": 15, "username": "sainzcaccia"}, {"start": 17, "end": 29, "username": "EFToussaint"}, {"start": 30, "end": 45, "username": "samuel_garcias"}]}, "referenced_tweets": [{"type": "retweeted", "id": "1401765540482502657"}], "public_metrics": {"retweet_count": 1, "reply_count": 0, "like_count": 0, "quote_count": 0}}, "includes": {"users": [{"protected": false, "created_at": "2012-05-11T21:13:25.000Z", "description": "", "id": "577547322", "verified": false, "public_metrics": {"followers_count": 365, "following_count": 1406, "tweet_count": 17857, "listed_count": 1}, "username": "fbsieslbf", "name": "fbsieslbf"}]}, "matching_rules": [{"id": 1401767939779436548, "tag": "Samuel Garcia"}]}