{"data": {"author_id": "812353260828979200", "source": "Twitter for Android", "created_at": "2021-06-07T05:08:52.000Z", "text": "WEY ERA PURO PEDO https://t.co/ut1VTc1e3w", "id": "1401768097971724289", "referenced_tweets": [{"type": "quoted", "id": "1401766125625516032"}], "entities": {"urls": [{"start": 18, "end": 41, "url": "https://t.co/ut1VTc1e3w", "expanded_url": "https://twitter.com/MovCiudadanoMX/status/1401766125625516032", "display_url": "twitter.com/MovCiudadanoMX\u2026"}]}, "public_metrics": {"retweet_count": 0, "reply_count": 0, "like_count": 0, "quote_count": 0}}, "includes": {"users": [{"location": "humbe \u2661", "protected": false, "created_at": "2016-12-23T17:44:44.000Z", "description": "alan, nadie te ama m\u00e1s que yo", "id": "812353260828979200", "verified": false, "public_metrics": {"followers_count": 1127, "following_count": 848, "tweet_count": 42124, "listed_count": 25}, "username": "shawxlan", "name": "nao lvs ivana"}]}, "matching_rules": [{"id": 1401767939779436548, "tag": "Samuel Garcia"}]}