{"data": {"in_reply_to_user_id": "1200275870365241344", "author_id": "1243277567441997824", "source": "Twitter for iPhone", "created_at": "2021-06-07T05:08:54.000Z", "text": "@Mailsalas @AtzPalomares @HadjySaurux @samuel_garcias Como cuando crees que las refiner\u00edas y los trenes son obsoletos , te hace falta salir y ver c\u00f3mo es el primer mundo", "id": "1401768105638981634", "entities": {"mentions": [{"start": 0, "end": 10, "username": "Mailsalas"}, {"start": 11, "end": 24, "username": "AtzPalomares"}, {"start": 25, "end": 37, "username": "HadjySaurux"}, {"start": 38, "end": 53, "username": "samuel_garcias"}]}, "referenced_tweets": [{"type": "replied_to", "id": "1401764436067684358"}], "public_metrics": {"retweet_count": 0, "reply_count": 0, "like_count": 0, "quote_count": 0}}, "includes": {"users": [{"protected": false, "created_at": "2020-03-26T20:44:17.000Z", "description": "", "id": "1243277567441997824", "verified": false, "public_metrics": {"followers_count": 0, "following_count": 34, "tweet_count": 41, "listed_count": 0}, "username": "bocam27031", "name": "bocam2703"}]}, "matching_rules": [{"id": 1401767939779436548, "tag": "Samuel Garcia"}]}