{"data": {"in_reply_to_user_id": "330766039", "author_id": "121508828", "source": "Twitter for Android", "created_at": "2021-06-07T04:55:55.000Z", "text": "@MandoPedraza @llamame_ismael @samuel_garcias Si si si ahora saquese alv a llorar \ud83e\udd23\ud83e\udd23", "id": "1401764835864453124", "entities": {"mentions": [{"start": 0, "end": 13, "username": "MandoPedraza"}, {"start": 14, "end": 29, "username": "llamame_ismael"}, {"start": 30, "end": 45, "username": "samuel_garcias"}]}, "referenced_tweets": [{"type": "replied_to", "id": "1401763973926588417"}], "public_metrics": {"retweet_count": 0, "reply_count": 0, "like_count": 0, "quote_count": 0}}, "includes": {"users": [{"location": "MEXICO DF", "protected": false, "created_at": "2010-03-09T18:30:47.000Z", "description": "", "id": "121508828", "verified": false, "public_metrics": {"followers_count": 1393, "following_count": 2002, "tweet_count": 24624, "listed_count": 2}, "username": "dober77", "name": "Eric Echeverria"}]}, "matching_rules": [{"id": 1401764684680683523, "tag": "Samuel Garcia"}]}