{"data": {"author_id": "352859373", "source": "Twitter for iPhone", "created_at": "2021-06-07T05:08:55.000Z", "text": "Ay wey, como si los quisi\u00e9ramos despertar. https://t.co/DA6izZvxYi", "id": "1401768109854363652", "referenced_tweets": [{"type": "quoted", "id": "1401760583473577984"}], "entities": {"urls": [{"start": 43, "end": 66, "url": "https://t.co/DA6izZvxYi", "expanded_url": "https://twitter.com/alexandrant_/status/1401760583473577984", "display_url": "twitter.com/alexandrant_/s\u2026"}]}, "public_metrics": {"retweet_count": 0, "reply_count": 0, "like_count": 0, "quote_count": 0}}, "includes": {"users": [{"location": "Monterrey, Nuevo Le\u00f3n", "protected": false, "created_at": "2011-08-11T05:12:51.000Z", "description": "I\u2019m Icy, spicy, for you I\u2019m too pricey.", "id": "352859373", "verified": false, "public_metrics": {"followers_count": 556, "following_count": 306, "tweet_count": 104887, "listed_count": 17}, "username": "Axleal18", "name": "Axel (Taylor\u2019s Version) \ud83d\udc9b"}]}, "matching_rules": [{"id": 1401767939779436548, "tag": "Samuel Garcia"}]}