{"data": {"entities": {"annotations": [{"start": 76, "end": 84, "probability": 0.985, "type": "Person", "normalized_text": "Clara Luz"}, {"start": 158, "end": 170, "probability": 0.9956, "type": "Person", "normalized_text": "Mario Delgado"}, {"start": 176, "end": 183, "probability": 0.5291, "type": "Place", "normalized_text": "Guerrero"}]}, "author_id": "165086227", "source": "Twitter for Android", "created_at": "2021-06-07T05:08:55.000Z", "text": "Que pena por los regios la verdad, que les pas\u00f3?\nLo \u00fanico rescatable es que Clara Luz se fue al fondo del pantano y eso pone la daga en el cuello del nefasto Mario Delgado.\nEn Guerrero no hay sorpresas, gan\u00f3 el C.O.", "id": "1401768110382792704", "public_metrics": {"retweet_count": 0, "reply_count": 0, "like_count": 0, "quote_count": 0}}, "includes": {"users": [{"location": "Mexico", "protected": false, "created_at": "2010-07-10T15:17:38.000Z", "description": "", "id": "165086227", "verified": false, "public_metrics": {"followers_count": 252, "following_count": 657, "tweet_count": 8266, "listed_count": 1}, "username": "shavagitan", "name": "chingaquedito"}]}, "matching_rules": [{"id": 1401767939779436549, "tag": "Clara Luz"}]}