{"data": {"entities": {"annotations": [{"start": 11, "end": 27, "probability": 0.9977, "type": "Person", "normalized_text": "Mariana Rodr\u00edguez"}, {"start": 89, "end": 101, "probability": 0.9987, "type": "Person", "normalized_text": "Samuel Garcia"}]}, "author_id": "147574130", "source": "Twitter for iPhone", "created_at": "2021-06-07T05:09:11.000Z", "text": "Siento que Mariana Rodr\u00edguez es buena persona de hecho me cae bien pero estar casada con Samuel Garcia lo echa a perder todo \ud83e\udd37\ud83c\udffb\u200d\u2640\ufe0f", "id": "1401768175423954944", "public_metrics": {"retweet_count": 0, "reply_count": 0, "like_count": 0, "quote_count": 0}}, "includes": {"users": [{"location": "mexico!!", "protected": false, "created_at": "2010-05-24T13:56:05.000Z", "description": "just free! estado de alteraci\u00f3n constante, buena vibra!      Ama y se\u00f1ora de las tazas. Todo lo bueno lo aprend\u00ed de mi mami y lo malo yo me lo invente.", "id": "147574130", "verified": false, "public_metrics": {"followers_count": 244, "following_count": 939, "tweet_count": 20552, "listed_count": 0}, "username": "Dannypinkyblue", "name": "Daniela Figueroa\ud83d\ude45\ud83c\udffb"}]}, "matching_rules": [{"id": 1401767939779436548, "tag": "Samuel Garcia"}]}