{"data": {"in_reply_to_user_id": "1324559891252523010", "author_id": "986488696340975617", "source": "Twitter for iPhone", "created_at": "2021-06-07T05:09:16.000Z", "text": "@Elenacorca @samuel_garcias Jajaja y pa que lloras", "id": "1401768196143607809", "entities": {"mentions": [{"start": 0, "end": 11, "username": "Elenacorca"}, {"start": 12, "end": 27, "username": "samuel_garcias"}]}, "referenced_tweets": [{"type": "replied_to", "id": "1401762061349265409"}], "public_metrics": {"retweet_count": 0, "reply_count": 0, "like_count": 0, "quote_count": 0}}, "includes": {"users": [{"location": "Monterrey, Nuevo Le\u00f3n", "protected": false, "created_at": "2018-04-18T06:16:48.000Z", "description": "el poeta se vuelve vidente por medio de un largo inmenso razonado desarreglo de todos los sentidos", "id": "986488696340975617", "verified": false, "public_metrics": {"followers_count": 89, "following_count": 372, "tweet_count": 230, "listed_count": 0}, "username": "Ang_Rubio88", "name": "Angel Rubio"}]}, "matching_rules": [{"id": 1401767939779436548, "tag": "Samuel Garcia"}]}