{"data": {"entities": {"annotations": [{"start": 53, "end": 59, "probability": 0.8432, "type": "Place", "normalized_text": "Jalisco"}], "mentions": [{"start": 0, "end": 15, "username": "QuesaVerdadess"}, {"start": 16, "end": 31, "username": "samuel_garcias"}]}, "in_reply_to_user_id": "986841875452694529", "author_id": "510407068", "source": "Twitter for Android", "created_at": "2021-06-07T05:09:20.000Z", "text": "@QuesaVerdadess @samuel_garcias No digas pendejadas, Jalisco y NL caer\u00e1n pronto ellos solos.", "id": "1401768215697510405", "referenced_tweets": [{"type": "replied_to", "id": "1401714615369752579"}], "public_metrics": {"retweet_count": 0, "reply_count": 0, "like_count": 0, "quote_count": 0}}, "includes": {"users": [{"protected": false, "created_at": "2012-03-01T15:31:38.000Z", "description": "", "id": "510407068", "verified": false, "public_metrics": {"followers_count": 22, "following_count": 80, "tweet_count": 1210, "listed_count": 0}, "username": "ingechristian", "name": "christian cesar"}]}, "matching_rules": [{"id": 1401767939779436548, "tag": "Samuel Garcia"}]}