{"data": {"entities": {"annotations": [{"start": 51, "end": 63, "probability": 0.9884, "type": "Person", "normalized_text": "Samuel Garc\u00eda"}, {"start": 70, "end": 87, "probability": 0.5884, "type": "Person", "normalized_text": "Adri\u00e1n de la Garza"}, {"start": 93, "end": 112, "probability": 0.4907, "type": "Person", "normalized_text": "Fernando Larrazabal"}, {"start": 119, "end": 134, "probability": 0.3427, "type": "Person", "normalized_text": "Clara Luz Flores"}], "mentions": [{"start": 3, "end": 16, "username": "arandatamayo"}], "hashtags": [{"start": 27, "end": 32, "tag": "PREP"}]}, "author_id": "939684724565348353", "source": "Twitter for Android", "created_at": "2021-06-07T05:09:29.000Z", "text": "RT @arandatamayo: Seg\u00fan el #PREP en este momento:\n\nSamuel Garc\u00eda: 37%\nAdri\u00e1n de la Garza: 29%\nFernando Larrazabal: 17%\nClara Luz Flores: 13\u2026", "id": "1401768251864932352", "referenced_tweets": [{"type": "retweeted", "id": "1401715956888571914"}], "public_metrics": {"retweet_count": 194, "reply_count": 0, "like_count": 0, "quote_count": 0}}, "includes": {"users": [{"location": "Xalapa, Veracruz de Ignacio de", "protected": false, "created_at": "2017-12-10T02:34:31.000Z", "description": "", "id": "939684724565348353", "verified": false, "public_metrics": {"followers_count": 194, "following_count": 317, "tweet_count": 46322, "listed_count": 0}, "username": "gamemi67", "name": "Gamemi"}]}, "matching_rules": [{"id": 1401767939779436546, "tag": "Fernando Larrazabal"}, {"id": 1401767939779436549, "tag": "Clara Luz"}]}