{"data": {"author_id": "1379166355522478082", "source": "Twitter for iPhone", "created_at": "2021-06-07T04:55:58.000Z", "text": "RT @JyujiroM: @samuel_garcias C\u00e1llate wey, que a\u00fan no se acaba el conteo y est\u00e1s con tus jaladas, sino sabes mejor no hables", "id": "1401764849558986759", "entities": {"mentions": [{"start": 3, "end": 12, "username": "JyujiroM"}, {"start": 14, "end": 29, "username": "samuel_garcias"}]}, "referenced_tweets": [{"type": "retweeted", "id": "1401763212001951746"}], "public_metrics": {"retweet_count": 11, "reply_count": 0, "like_count": 0, "quote_count": 0}}, "includes": {"users": [{"protected": false, "created_at": "2021-04-05T20:17:58.000Z", "description": "", "id": "1379166355522478082", "verified": false, "public_metrics": {"followers_count": 10, "following_count": 33, "tweet_count": 363, "listed_count": 0}, "username": "LaloGarca071", "name": "Lalo Garc\u00eda 07"}]}, "matching_rules": [{"id": 1401764684680683523, "tag": "Samuel Garcia"}]}