{"data": {"entities": {"annotations": [{"start": 20, "end": 28, "probability": 0.924, "type": "Person", "normalized_text": "Clara Luz"}, {"start": 67, "end": 72, "probability": 0.9894, "type": "Person", "normalized_text": "Adri\u00e1n"}, {"start": 76, "end": 83, "probability": 0.7073, "type": "Person", "normalized_text": "Samuel"}], "mentions": [{"start": 3, "end": 18, "username": "PortillogMayra"}]}, "author_id": "122271311", "source": "Twitter for iPhone", "created_at": "2021-06-07T05:09:31.000Z", "text": "RT @PortillogMayra: Clara Luz nervios\u00edsima\n\nno est\u00e1 segura si gana Adri\u00e1n o Samuel \n\n\ud83d\ude06", "id": "1401768259972603910", "referenced_tweets": [{"type": "retweeted", "id": "1401682268943437824"}], "public_metrics": {"retweet_count": 698, "reply_count": 0, "like_count": 0, "quote_count": 0}}, "includes": {"users": [{"location": "CAUSA M\u00e9xico #aMoverse ", "protected": false, "created_at": "2010-03-12T04:47:11.000Z", "description": "Comunicaci\u00f3n Social & Marketing \ud83c\uddf2\ud83c\uddfd Democracia,  participaci\u00f3n social\ud83d\udc49Activista: empoderar al ciudadano por encima del Estado\n \u270d\ud83c\udffbEntornos. Contenidos", "id": "122271311", "verified": false, "public_metrics": {"followers_count": 10590, "following_count": 11131, "tweet_count": 113460, "listed_count": 193}, "username": "Gittyss", "name": "Gisela\ud83d\udd4a"}]}, "matching_rules": [{"id": 1401767939779436549, "tag": "Clara Luz"}]}