{"data": {"entities": {"annotations": [{"start": 46, "end": 60, "probability": 0.9986, "type": "Person", "normalized_text": "Daniel Carrillo"}, {"start": 89, "end": 103, "probability": 0.588, "type": "Person", "normalized_text": "San Nicol\u00e1s PAN"}], "mentions": [{"start": 3, "end": 15, "username": "reportecoco"}]}, "author_id": "722791419325259780", "source": "Twitter for iPhone", "created_at": "2021-06-07T05:09:32.000Z", "text": "RT @reportecoco: Aunque todav\u00eda no es oficial Daniel Carrillo candidato a la alcald\u00eda de San Nicol\u00e1s PAN reconoci\u00f3 una tendencia definitiva\u2026", "id": "1401768262568865796", "referenced_tweets": [{"type": "retweeted", "id": "1401765331924705281"}], "public_metrics": {"retweet_count": 1, "reply_count": 0, "like_count": 0, "quote_count": 0}}, "includes": {"users": [{"location": "San Nicol\u00e1s de los Garza, Nuevo Le\u00f3n", "protected": false, "created_at": "2016-04-20T14:17:57.000Z", "description": "La comunidad de twitter m\u00e1s importante de San Nicol\u00e1s delos Garza #Noticias #Reportes \ud83d\udea8\ud83d\udcf1 Casa del m\u00e1s campe\u00f3n de NL \ud83d\udc2f soy de los #BastardosDelTwitter \u2620\ufe0f", "id": "722791419325259780", "verified": false, "public_metrics": {"followers_count": 6525, "following_count": 842, "tweet_count": 23390, "listed_count": 15}, "username": "SoyDeSanNico", "name": "Soy de San Nicolas"}]}, "matching_rules": [{"id": 1401767939779436546, "tag": "Fernando Larrazabal"}]}