{"data": {"entities": {"annotations": [{"start": 93, "end": 98, "probability": 0.9945, "type": "Person", "normalized_text": "Samuel"}, {"start": 105, "end": 114, "probability": 0.9556, "type": "Person", "normalized_text": "Larrazabal"}, {"start": 119, "end": 124, "probability": 0.6693, "type": "Person", "normalized_text": "Adrian"}, {"start": 131, "end": 135, "probability": 0.8251, "type": "Person", "normalized_text": "Clara"}], "mentions": [{"start": 3, "end": 19, "username": "luispadua_info7"}, {"start": 40, "end": 55, "username": "samuel_garcias"}, {"start": 62, "end": 70, "username": "ceenlmx"}]}, "author_id": "992246919131942920", "source": "Twitter for iPhone", "created_at": "2021-06-07T04:55:58.000Z", "text": "RT @luispadua_info7: Declaran ganador a @samuel_garcias en la @ceenlmx con estos resultados: Samuel 37.2 Larrazabal 19 Adrian 28.5 Clara 15\u2026", "id": "1401764850456403969", "referenced_tweets": [{"type": "retweeted", "id": "1401764277720027136"}], "public_metrics": {"retweet_count": 8, "reply_count": 0, "like_count": 0, "quote_count": 0}}, "includes": {"users": [{"location": "Monterrey, Nuevo Le\u00f3n", "protected": false, "created_at": "2018-05-04T03:37:55.000Z", "description": "\ud83c\uddfb\ud83c\uddea Venezolano / Mexicano en Monterrey \ud83c\uddf2\ud83c\uddfd. padre de 2 y feliz esposo de @navary33! (Thoughts are on my own)", "id": "992246919131942920", "verified": false, "public_metrics": {"followers_count": 461, "following_count": 2585, "tweet_count": 27823, "listed_count": 3}, "username": "realpradoso", "name": "\ud83c\uddfb\ud83c\uddeaCarlos Prado de Navarro\ud83c\uddf2\ud83c\uddfd"}]}, "matching_rules": [{"id": 1401764684680683523, "tag": "Samuel Garcia"}]}