{"data": {"entities": {"annotations": [{"start": 40, "end": 40, "probability": 0.4098, "type": "Person", "normalized_text": ""}, {"start": 77, "end": 81, "probability": 0.5598, "type": "Person", "normalized_text": "Garza"}], "mentions": [{"start": 0, "end": 16, "username": "FerLarrazabalNL"}, {"start": 126, "end": 138, "username": "MarkoCortes"}]}, "in_reply_to_user_id": "1339275407334526978", "author_id": "1246210527056891904", "source": "Twitter Web App", "created_at": "2021-06-07T05:09:40.000Z", "text": "@FerLarrazabalNL ya estar\u00e1s contento de \nno haber declinado \na favor A de la Garza\n\nSe lo merecen por necios\n\nPerdedores.!!!\ud83d\ude0a\n@MarkoCortes", "id": "1401768297012494338", "referenced_tweets": [{"type": "replied_to", "id": "1400312497446457348"}], "public_metrics": {"retweet_count": 0, "reply_count": 0, "like_count": 0, "quote_count": 0}}, "includes": {"users": [{"protected": false, "created_at": "2020-04-03T23:10:18.000Z", "description": "", "id": "1246210527056891904", "verified": false, "public_metrics": {"followers_count": 190, "following_count": 207, "tweet_count": 26822, "listed_count": 0}, "username": "JulioEr37960440", "name": "Julio Ernesto"}]}, "matching_rules": [{"id": 1401767939779436546, "tag": "Fernando Larrazabal"}]}