{"data": {"in_reply_to_user_id": "31023547", "author_id": "133008289", "source": "Twitter for Android", "created_at": "2021-06-07T05:09:55.000Z", "text": "@Reporte_Indigo @samuel_garcias @lorenzocordovav @pacocienfuegos @lopezobrador_ @BeatrizGMuller @SoyEvelynSalgad @AccionNacional @MarkoCortes @Claudiashein @vromog @M_OlgaSCordero @ChrisCastroB @RGC_Mx @AlfonsoDurazo @rochamoya_ @ClaudiaPavlovic @alitomorenoc @INEMexico @octaviopedroza @DrCarlosLomeli @EnriqueAlfaroR @PabloLemusN @MaruCampos_G @rosaicela_ @AdrianDeLaGarza @MarioZamoraG @soyMarcoBonilla @netomunro @EGandaraC Uyyy qu\u00e9 emoci\u00f3n jajaja https://t.co/XBtxYRFCrF", "id": "1401768358886977536", "entities": {"mentions": [{"start": 0, "end": 15, "username": "Reporte_Indigo"}, {"start": 16, "end": 31, "username": "samuel_garcias"}, {"start": 32, "end": 48, "username": "lorenzocordovav"}, {"start": 49, "end": 64, "username": "pacocienfuegos"}, {"start": 65, "end": 79, "username": "lopezobrador_"}, {"start": 80, "end": 95, "username": "BeatrizGMuller"}, {"start": 96, "end": 112, "username": "SoyEvelynSalgad"}, {"start": 113, "end": 128, "username": "AccionNacional"}, {"start": 129, "end": 141, "username": "MarkoCortes"}, {"start": 142, "end": 155, "username": "Claudiashein"}, {"start": 156, "end": 163, "username": "vromog"}, {"start": 164, "end": 179, "username": "M_OlgaSCordero"}, {"start": 180, "end": 193, "username": "ChrisCastroB"}, {"start": 194, "end": 201, "username": "RGC_Mx"}, {"start": 202, "end": 216, "username": "AlfonsoDurazo"}, {"start": 217, "end": 228, "username": "rochamoya_"}, {"start": 229, "end": 245, "username": "ClaudiaPavlovic"}, {"start": 246, "end": 259, "username": "alitomorenoc"}, {"start": 260, "end": 270, "username": "INEMexico"}, {"start": 271, "end": 286, "username": "octaviopedroza"}, {"start": 287, "end": 302, "username": "DrCarlosLomeli"}, {"start": 303, "end": 318, "username": "EnriqueAlfaroR"}, {"start": 319, "end": 331, "username": "PabloLemusN"}, {"start": 332, "end": 345, "username": "MaruCampos_G"}, {"start": 346, "end": 357, "username": "rosaicela_"}, {"start": 358, "end": 374, "username": "AdrianDeLaGarza"}, {"start": 375, "end": 388, "username": "MarioZamoraG"}, {"start": 389, "end": 405, "username": "soyMarcoBonilla"}, {"start": 406, "end": 416, "username": "netomunro"}, {"start": 417, "end": 427, "username": "EGandaraC"}], "urls": [{"start": 452, "end": 475, "url": "https://t.co/XBtxYRFCrF", "expanded_url": "https://twitter.com/metztlime/status/1401768358886977536/photo/1", "display_url": "pic.twitter.com/XBtxYRFCrF"}]}, "referenced_tweets": [{"type": "replied_to", "id": "1401757844941197315"}], "context_annotations": [{"domain": {"id": "10", "name": "Person", "description": "Named people in the world like Nelson Mandela"}, "entity": {"id": "905182543464472576", "name": "Andres Manuel Lopez Obrador", "description": "President of Mexico"}}, {"domain": {"id": "35", "name": "Politician", "description": "Politicians in the world, like Joe Biden"}, "entity": {"id": "905182543464472576", "name": "Andres Manuel Lopez Obrador", "description": "President of Mexico"}}, {"domain": {"id": "10", "name": "Person", "description": "Named people in the world like Nelson Mandela"}, "entity": {"id": "912378776016711680", "name": "Claudia Sheinbaum", "description": "Claudia Sheinbaum"}}, {"domain": {"id": "35", "name": "Politician", "description": "Politicians in the world, like Joe Biden"}, "entity": {"id": "912378776016711680", "name": "Claudia Sheinbaum", "description": "Claudia Sheinbaum"}}], "attachments": {"media_keys": ["16_1401768352381607939"]}, "public_metrics": {"retweet_count": 0, "reply_count": 0, "like_count": 0, "quote_count": 0}}, "includes": {"users": [{"protected": false, "created_at": "2010-04-14T19:36:17.000Z", "description": "... las l\u00e1grimas para llorar cuando valga la pena....", "id": "133008289", "verified": false, "public_metrics": {"followers_count": 442, "following_count": 435, "tweet_count": 2155, "listed_count": 0}, "username": "metztlime", "name": "Hispana"}]}, "matching_rules": [{"id": 1401767939779436547, "tag": "Adrian de la Garza"}, {"id": 1401767939779436548, "tag": "Samuel Garcia"}]}