{"data": {"entities": {"annotations": [{"start": 27, "end": 43, "probability": 0.6889, "type": "Place", "normalized_text": "Berl\u00edn Occidental"}], "urls": [{"start": 47, "end": 70, "url": "https://t.co/dZwMwTLh4l", "expanded_url": "https://twitter.com/SinEmbargoMX/status/1401765866551848964", "display_url": "twitter.com/SinEmbargoMX/s\u2026"}]}, "author_id": "157030239", "source": "Twitter for Android", "created_at": "2021-06-07T05:10:01.000Z", "text": "Mi pueblo est\u00e1 quedando de Berl\u00edn Occidental \ud83d\ude05 https://t.co/dZwMwTLh4l", "id": "1401768387865300992", "referenced_tweets": [{"type": "quoted", "id": "1401765866551848964"}], "public_metrics": {"retweet_count": 0, "reply_count": 0, "like_count": 0, "quote_count": 0}}, "includes": {"users": [{"location": "La tierra sembrada de flores.", "protected": false, "created_at": "2010-06-18T17:03:06.000Z", "description": "Primero que nada: me complace enorm\u00edsimamente ser un historiador de segunda del Tercer Mundo.", "id": "157030239", "verified": false, "public_metrics": {"followers_count": 1234, "following_count": 544, "tweet_count": 105000, "listed_count": 28}, "username": "victmartinez", "name": "V\u00edctor Mart\u00ednez"}]}, "matching_rules": [{"id": 1401767939779436548, "tag": "Samuel Garcia"}]}