{"data": {"author_id": "167657974", "source": "Twitter for iPhone", "created_at": "2021-06-07T05:10:13.000Z", "text": "RT @clinthesegood: A ver @INEMexico y @lorenzocordovav, por qu\u00e9 no le cancelan la elecci\u00f3n a @samuel_garcias si no ha comprobado ni declar\u00f3\u2026", "id": "1401768436762562562", "entities": {"mentions": [{"start": 3, "end": 17, "username": "clinthesegood"}, {"start": 25, "end": 35, "username": "INEMexico"}, {"start": 38, "end": 54, "username": "lorenzocordovav"}, {"start": 93, "end": 108, "username": "samuel_garcias"}]}, "referenced_tweets": [{"type": "retweeted", "id": "1401767170116358148"}], "public_metrics": {"retweet_count": 1, "reply_count": 0, "like_count": 0, "quote_count": 0}}, "includes": {"users": [{"protected": false, "created_at": "2010-07-17T04:23:37.000Z", "description": "#\ud835\udd12\ud835\udd2f\ud835\udd24\ud835\udd32\ud835\udd29\ud835\udd29\ud835\udd2c\ud835\udd30\ud835\udd1e\ud835\udd2a\ud835\udd22\ud835\udd2b\ud835\udd31\ud835\udd22\ud835\udd12\ud835\udd1f\ud835\udd2f\ud835\udd1e\ud835\udd21\ud835\udd2c\ud835\udd2f\ud835\udd26\ud835\udd30\ud835\udd31\ud835\udd1e #NoAlMaltratoAnimal", "id": "167657974", "verified": false, "public_metrics": {"followers_count": 253, "following_count": 270, "tweet_count": 9395, "listed_count": 1}, "username": "fabyCastle_811", "name": "\ud835\udd71\ud835\udd86\ud835\udd87\ud835\udd9e \ud835\udd6e\ud835\udd86\ud835\udd98\ud835\udd99\ud835\udd91\ud835\udd8a \ud83c\udf40\ud83c\udf40\ud83c\uddf2\ud83c\uddfd\u264f\ufe0f"}]}, "matching_rules": [{"id": 1401767939779436548, "tag": "Samuel Garcia"}]}