{"data": {"entities": {"annotations": [{"start": 62, "end": 74, "probability": 0.9987, "type": "Person", "normalized_text": "Samuel Garcia"}], "mentions": [{"start": 3, "end": 18, "username": "MarioRiveretti"}]}, "author_id": "1175569430471991297", "source": "Twitter for Android", "created_at": "2021-06-07T05:10:14.000Z", "text": "RT @MarioRiveretti: Pues hoy qued\u00f3 claro que el pendejo no es Samuel Garcia, el pendejo es el pueblo que s\u00ed vot\u00f3 por \u00e9l.", "id": "1401768440780800000", "referenced_tweets": [{"type": "retweeted", "id": "1401768178032775169"}], "public_metrics": {"retweet_count": 1, "reply_count": 0, "like_count": 0, "quote_count": 0}}, "includes": {"users": [{"protected": false, "created_at": "2019-09-22T00:36:24.000Z", "description": "Gracias Cruz Azul por hacerme feliz", "id": "1175569430471991297", "verified": false, "public_metrics": {"followers_count": 300, "following_count": 398, "tweet_count": 20097, "listed_count": 0}, "username": "OscarL0000", "name": "Oscar CAMPEONES DE LIGA"}]}, "matching_rules": [{"id": 1401767939779436548, "tag": "Samuel Garcia"}]}