{"data": {"author_id": "2422485697", "source": "Twitter Web App", "created_at": "2021-06-07T05:10:15.000Z", "text": "RT @Marcela_Feraud: \ud83d\udd34 @AdrianDeLaGarza est\u00e1 perdiendo #NuevoLeon \n\nEs una pena que los regios no aprendieron nada de las elecciones del 201\u2026", "id": "1401768445520273409", "entities": {"mentions": [{"start": 3, "end": 18, "username": "Marcela_Feraud"}, {"start": 22, "end": 38, "username": "AdrianDeLaGarza"}], "hashtags": [{"start": 54, "end": 64, "tag": "NuevoLeon"}]}, "referenced_tweets": [{"type": "retweeted", "id": "1401749594745171970"}], "context_annotations": [{"domain": {"id": "10", "name": "Person", "description": "Named people in the world like Nelson Mandela"}, "entity": {"id": "811664462386077697", "name": "Enrique Pe\u00f1a Nieto", "description": "President of Mexico, Enrique Pe\u00f1a Nieto"}}, {"domain": {"id": "35", "name": "Politician", "description": "Politicians in the world, like Joe Biden"}, "entity": {"id": "811664462386077697", "name": "Enrique Pe\u00f1a Nieto", "description": "President of Mexico, Enrique Pe\u00f1a Nieto"}}], "public_metrics": {"retweet_count": 39, "reply_count": 0, "like_count": 0, "quote_count": 0}}, "includes": {"users": [{"location": "Caracas - Suiza", "protected": false, "created_at": "2014-04-01T18:17:25.000Z", "description": "Tortura y libertad tienen casi las mismas letras,pero no la misma esencia.Con una t tratan d acorralar a las rejas y la otra te da fuerzas para tumbarlas.#MGWV", "id": "2422485697", "verified": false, "public_metrics": {"followers_count": 35406, "following_count": 28475, "tweet_count": 201887, "listed_count": 108}, "username": "solechesoluma", "name": "Antonia Palacios #\ud835\udd0f\ud835\udd26\ud835\udd24\ud835\udd1e\ud835\udd07\ud835\udd22\ud835\udd0a\ud835\udd32\ud835\udd22\ud835\udd2f\ud835\udd2f\ud835\udd22\ud835\udd2f\ud835\udd2c\ud835\udd30"}]}, "matching_rules": [{"id": 1401767939779436547, "tag": "Adrian de la Garza"}]}