{"data": {"entities": {"annotations": [{"start": 26, "end": 35, "probability": 0.9719, "type": "Person", "normalized_text": "Maki Zenin"}, {"start": 59, "end": 71, "probability": 0.8082, "type": "Person", "normalized_text": "samuel garcia"}], "urls": [{"start": 74, "end": 97, "url": "https://t.co/6ta5Yl4RH1", "expanded_url": "https://twitter.com/graciedixi_/status/1401768449093771267/photo/1", "display_url": "pic.twitter.com/6ta5Yl4RH1"}]}, "author_id": "3744267794", "source": "Twitter for iPhone", "created_at": "2021-06-07T05:10:16.000Z", "text": "A mi me gobierna mi mujer Maki Zenin, que se vaya alaberga samuel garcia. https://t.co/6ta5Yl4RH1", "id": "1401768449093771267", "attachments": {"media_keys": ["3_1401768446036090880"]}, "public_metrics": {"retweet_count": 0, "reply_count": 0, "like_count": 0, "quote_count": 0}}, "includes": {"users": [{"location": "W3bos", "protected": false, "created_at": "2015-10-01T04:45:47.000Z", "description": "WRRYYYY\u2728\u2728 \u2022 \u2695\ufe0f\u2022 19 \u2022 \ud83d\udc9c\ud83d\udc9a \u2640", "id": "3744267794", "verified": false, "public_metrics": {"followers_count": 1937, "following_count": 937, "tweet_count": 23904, "listed_count": 0}, "username": "graciedixi_", "name": "Graciedixi \ud83e\uded0"}]}, "matching_rules": [{"id": 1401767939779436548, "tag": "Samuel Garcia"}]}