{"data": {"entities": {"annotations": [{"start": 21, "end": 33, "probability": 0.9969, "type": "Person", "normalized_text": "Samuel Garcia"}, {"start": 58, "end": 67, "probability": 0.3195, "type": "Person", "normalized_text": "Nuevo Leon"}, {"start": 92, "end": 101, "probability": 0.2994, "type": "Person", "normalized_text": "Nuevo Leon"}], "mentions": [{"start": 3, "end": 18, "username": "eduardoavelarc"}], "urls": [{"start": 104, "end": 127, "url": "https://t.co/SdpbLvbLJc", "expanded_url": "https://twitter.com/eduardoavelarc/status/1401698749265723392/photo/1", "display_url": "pic.twitter.com/SdpbLvbLJc"}]}, "author_id": "1062461458682830848", "source": "Twitter for Android", "created_at": "2021-06-07T05:10:24.000Z", "text": "RT @eduardoavelarc: *Samuel Garcia gana la gobernatura de Nuevo Leon*\n\n-Los que no somos de Nuevo Leon: https://t.co/SdpbLvbLJc", "id": "1401768480886562820", "referenced_tweets": [{"type": "retweeted", "id": "1401698749265723392"}], "attachments": {"media_keys": ["3_1401698745775968259"]}, "public_metrics": {"retweet_count": 585, "reply_count": 0, "like_count": 0, "quote_count": 0}}, "includes": {"users": [{"location": "Veracruz de Ignacio de la Llav", "protected": false, "created_at": "2018-11-13T21:45:26.000Z", "description": "Solo quiero vivir y ver morir a la sociedad", "id": "1062461458682830848", "verified": false, "public_metrics": {"followers_count": 300, "following_count": 250, "tweet_count": 978, "listed_count": 0}, "username": "MayKelin0108", "name": "\ud835\udc74\ud835\udc82\ud835\udc9a \ud835\udc85\ud835\udc86 \ud835\udc68\ud835\udc8c\ud835\udc82\ud835\udc95\ud835\udc94\ud835\udc96\ud835\udc8c\ud835\udc8a"}]}, "matching_rules": [{"id": 1401767939779436548, "tag": "Samuel Garcia"}]}