{"data": {"entities": {"annotations": [{"start": 106, "end": 115, "probability": 0.8685, "type": "Place", "normalized_text": "Nuevo Le\u00f3n"}, {"start": 189, "end": 198, "probability": 0.5048, "type": "Place", "normalized_text": "Nuevo Le\u00f3n"}], "mentions": [{"start": 19, "end": 34, "username": "samuel_garcias"}, {"start": 81, "end": 97, "username": "PartidoMorenaNL"}, {"start": 152, "end": 168, "username": "PartidoMorenaNL"}, {"start": 169, "end": 185, "username": "PartidoMorenaMx"}]}, "author_id": "117893369", "geo": {"place_id": "d1ec37eb74fb2830"}, "source": "Twitter for iPhone", "created_at": "2021-06-07T05:10:24.000Z", "text": "Ya gano MiRey \u2026!!! @samuel_garcias \n\nYa es mucha la diferencia y lo mejor es que @PartidoMorenaNL aqu\u00ed en Nuevo Le\u00f3n quedo hasta el 4to lugar \u2026\n\nACHASM @PartidoMorenaNL @PartidoMorenaMx de Nuevo Le\u00f3n \u2026!!", "id": "1401768483889766402", "public_metrics": {"retweet_count": 0, "reply_count": 0, "like_count": 0, "quote_count": 0}}, "includes": {"users": [{"location": "Monterrey, Nuevo Le\u00f3n", "protected": false, "created_at": "2010-02-26T23:44:47.000Z", "description": "Jchea29 | Rayado de coraz\u00f3n | Monterrey M\u00e9xico | Lean MBB | MBE | CDX Company | Colaborador @CFMHistoria | Instagram: Javo.hdz | \ud83c\uddf2\ud83c\uddfd", "id": "117893369", "verified": false, "public_metrics": {"followers_count": 8190, "following_count": 8032, "tweet_count": 23045, "listed_count": 7}, "username": "javierehdz", "name": "JavoRayado"}]}, "matching_rules": [{"id": 1401767939779436548, "tag": "Samuel Garcia"}]}