{"data": {"entities": {"annotations": [{"start": 70, "end": 79, "probability": 0.8629, "type": "Place", "normalized_text": "Nuevo Le\u00f3n"}], "mentions": [{"start": 51, "end": 66, "username": "AccionNacional"}, {"start": 99, "end": 114, "username": "samuel_garcias"}]}, "author_id": "1080978666950078464", "source": "Twitter for iPhone", "created_at": "2021-06-07T05:10:26.000Z", "text": "Entre toda esto, hay que resaltar la mezquindad de @AccionNacional en Nuevo Le\u00f3n qu\u00e9 ahora tiene a @samuel_garcias aventajando la elecci\u00f3n.", "id": "1401768492051832832", "public_metrics": {"retweet_count": 0, "reply_count": 0, "like_count": 0, "quote_count": 0}}, "includes": {"users": [{"protected": false, "created_at": "2019-01-04T00:06:12.000Z", "description": "", "id": "1080978666950078464", "verified": false, "public_metrics": {"followers_count": 208, "following_count": 280, "tweet_count": 2441, "listed_count": 0}, "username": "derechango", "name": "El Derechango"}]}, "matching_rules": [{"id": 1401767939779436548, "tag": "Samuel Garcia"}]}