{"data": {"entities": {"annotations": [{"start": 8, "end": 14, "probability": 0.6476, "type": "Organization", "normalized_text": "PRIANRD"}], "urls": [{"start": 74, "end": 97, "url": "https://t.co/sz69zXM1ah", "expanded_url": "https://twitter.com/CarlosLoret/status/1401767744123686918", "display_url": "twitter.com/CarlosLoret/st\u2026"}]}, "author_id": "2607443097", "source": "Twitter for Android", "created_at": "2021-06-07T05:10:27.000Z", "text": "C\u00f3mo el PRIANRD perdi\u00f3, ahora loretito est\u00e1 con el movimiento ciudadano \ud83e\udd23 https://t.co/sz69zXM1ah", "id": "1401768494883119104", "referenced_tweets": [{"type": "quoted", "id": "1401767744123686918"}], "public_metrics": {"retweet_count": 0, "reply_count": 0, "like_count": 0, "quote_count": 0}}, "includes": {"users": [{"protected": false, "created_at": "2014-06-13T23:35:01.000Z", "description": "\ud83d\ude0e", "id": "2607443097", "verified": false, "public_metrics": {"followers_count": 1936, "following_count": 4604, "tweet_count": 121875, "listed_count": 142}, "username": "exi_es", "name": "EdPowers"}]}, "matching_rules": [{"id": 1401767939779436548, "tag": "Samuel Garcia"}]}