{"data": {"in_reply_to_user_id": "1370488315418439680", "author_id": "882293950387826688", "source": "Twitter for Android", "created_at": "2021-06-07T05:10:30.000Z", "text": "@MarceloVianney @samuel_garcias Eres puta o te gusta la verdolaga jajajajaja", "id": "1401768507490979840", "entities": {"mentions": [{"start": 0, "end": 15, "username": "MarceloVianney"}, {"start": 16, "end": 31, "username": "samuel_garcias"}]}, "referenced_tweets": [{"type": "replied_to", "id": "1401749169249923074"}], "public_metrics": {"retweet_count": 0, "reply_count": 0, "like_count": 0, "quote_count": 0}}, "includes": {"users": [{"location": " Dgo & NL.Mexico.Yukon,Canada ", "protected": false, "created_at": "2017-07-04T17:44:04.000Z", "description": "Sous Chef. Spanish, Francais and English.@SanJoseSharks  @dallascowboys @Athletics   @Warriors   @GeneralesdDgo @Tigresoficial @LenadoresCB", "id": "882293950387826688", "verified": false, "public_metrics": {"followers_count": 48, "following_count": 251, "tweet_count": 8416, "listed_count": 0}, "username": "H3CTORC1", "name": "Manny"}]}, "matching_rules": [{"id": 1401767939779436548, "tag": "Samuel Garcia"}]}