{"data": {"entities": {"annotations": [{"start": 15, "end": 27, "probability": 0.9832, "type": "Person", "normalized_text": "SAMUEL GARCIA"}], "urls": [{"start": 208, "end": 231, "url": "https://t.co/k2890mI7lT", "expanded_url": "https://twitter.com/aletmyo22/status/1401768526344450052/photo/1", "display_url": "pic.twitter.com/k2890mI7lT"}]}, "author_id": "123967682", "source": "Twitter for Android", "created_at": "2021-06-07T05:10:34.000Z", "text": "COMO CHINGADOS SAMUEL GARCIA VINO A GANAR LA GOBERNATURA DE NUEVO LE\u00d3N!!??? VEN COMO SI SON BIEN MOLDEABLES?? ME CAGO EN TODA MI GENERACI\u00d3N QUE LE DIO EL GANE A ESE FACTURERO Y A SU ESPOSA POR SER INFLUENCER https://t.co/k2890mI7lT", "id": "1401768526344450052", "attachments": {"media_keys": ["3_1401768524125818883"]}, "public_metrics": {"retweet_count": 0, "reply_count": 0, "like_count": 0, "quote_count": 0}}, "includes": {"users": [{"location": "Gotham ", "protected": false, "created_at": "2010-03-17T20:20:17.000Z", "description": "19 a\u00f1os, cambio m\u00e1s de nombre que de tweets.", "id": "123967682", "verified": false, "public_metrics": {"followers_count": 121, "following_count": 197, "tweet_count": 3620, "listed_count": 0}, "username": "aletmyo22", "name": "Rayado de Gotham\ud83e\udd87"}]}, "matching_rules": [{"id": 1401767939779436548, "tag": "Samuel Garcia"}]}