{"data": {"in_reply_to_user_id": "171308922", "author_id": "155364516", "source": "Twitter for iPhone", "created_at": "2021-06-07T05:10:35.000Z", "text": "@sainzcaccia @samuel_garcias Ahora, puedes construir esa mayor\u00eda, no ?", "id": "1401768526730379268", "entities": {"mentions": [{"start": 0, "end": 12, "username": "sainzcaccia"}, {"start": 13, "end": 28, "username": "samuel_garcias"}]}, "referenced_tweets": [{"type": "replied_to", "id": "1401768399806603269"}], "public_metrics": {"retweet_count": 0, "reply_count": 0, "like_count": 0, "quote_count": 0}}, "includes": {"users": [{"location": "Guadalajara, Jalisco", "protected": false, "created_at": "2010-06-13T23:22:24.000Z", "description": "Jefe de informaci\u00f3n y conductor en Imagen Jalisco. director de @40decibelesMX. Blaugrana y Chiva.", "id": "155364516", "verified": true, "public_metrics": {"followers_count": 44731, "following_count": 3352, "tweet_count": 49705, "listed_count": 272}, "username": "EFToussaint", "name": "Enrique Toussaint"}]}, "matching_rules": [{"id": 1401767939779436548, "tag": "Samuel Garcia"}]}