{"data": {"author_id": "704520043313246208", "source": "Twitter for Android", "created_at": "2021-06-07T05:10:37.000Z", "text": "Ojal\u00e1 te dediques a trabajar bien @samuel_garcias esa responsabilidad no es un reality show.\n\n\u00c9xito en lo que viene", "id": "1401768538679951363", "entities": {"mentions": [{"start": 34, "end": 49, "username": "samuel_garcias"}]}, "public_metrics": {"retweet_count": 0, "reply_count": 0, "like_count": 0, "quote_count": 0}}, "includes": {"users": [{"location": "entre M\u00e9rida y la GAM", "protected": false, "created_at": "2016-03-01T04:14:02.000Z", "description": "A veces abogado, geek y gordo profesional en v\u00edas de desarrollo.", "id": "704520043313246208", "verified": false, "public_metrics": {"followers_count": 1242, "following_count": 464, "tweet_count": 45595, "listed_count": 9}, "username": "gpalomino10", "name": "Gerardo"}]}, "matching_rules": [{"id": 1401767939779436548, "tag": "Samuel Garcia"}]}