{"data": {"entities": {"annotations": [{"start": 68, "end": 74, "probability": 0.9401, "type": "Person", "normalized_text": "Obrador"}], "mentions": [{"start": 0, "end": 12, "username": "CarlosLoret"}, {"start": 13, "end": 28, "username": "samuel_garcias"}, {"start": 29, "end": 43, "username": "ClaudioOchoaH"}]}, "in_reply_to_user_id": "68844197", "author_id": "3239279083", "source": "Twitter for iPhone", "created_at": "2021-06-07T05:10:51.000Z", "text": "@CarlosLoret @samuel_garcias @ClaudioOchoaH El t\u00edtere perfecto para Obrador, me encanta.", "id": "1401768594766123008", "referenced_tweets": [{"type": "replied_to", "id": "1401767744123686918"}], "context_annotations": [{"domain": {"id": "10", "name": "Person", "description": "Named people in the world like Nelson Mandela"}, "entity": {"id": "905182543464472576", "name": "Andres Manuel Lopez Obrador", "description": "President of Mexico"}}, {"domain": {"id": "35", "name": "Politician", "description": "Politicians in the world, like Joe Biden"}, "entity": {"id": "905182543464472576", "name": "Andres Manuel Lopez Obrador", "description": "President of Mexico"}}, {"domain": {"id": "10", "name": "Person", "description": "Named people in the world like Nelson Mandela"}, "entity": {"id": "809506024583360512", "name": "Carlos Loret de Mola", "description": "Carlos Loret de Mola"}}, {"domain": {"id": "94", "name": "Journalist", "description": "A journalist like 'Anderson Cooper'"}, "entity": {"id": "809506024583360512", "name": "Carlos Loret de Mola", "description": "Carlos Loret de Mola"}}], "public_metrics": {"retweet_count": 0, "reply_count": 0, "like_count": 0, "quote_count": 0}}, "includes": {"users": [{"location": "Oaxaca, M\u00e9xico", "protected": false, "created_at": "2015-06-07T22:13:59.000Z", "description": "", "id": "3239279083", "verified": false, "public_metrics": {"followers_count": 55, "following_count": 578, "tweet_count": 2866, "listed_count": 0}, "username": "EddieCruz23", "name": "Eddie Cruz"}]}, "matching_rules": [{"id": 1401767939779436548, "tag": "Samuel Garcia"}]}