{"data": {"author_id": "1355255979437289475", "source": "Twitter Web App", "created_at": "2021-06-07T05:10:51.000Z", "text": "RT @RicardoSanilas: \u00a1Habemus nuevo estadio!\n@licmariajulia @samuel_garcias\n@Arq_Benavides\n#Elecciones2021 https://t.co/O0ZPrea9rm", "id": "1401768596221558786", "entities": {"mentions": [{"start": 3, "end": 18, "username": "RicardoSanilas"}, {"start": 44, "end": 58, "username": "licmariajulia"}, {"start": 59, "end": 74, "username": "samuel_garcias"}, {"start": 75, "end": 89, "username": "Arq_Benavides"}], "urls": [{"start": 106, "end": 129, "url": "https://t.co/O0ZPrea9rm", "expanded_url": "https://twitter.com/RicardoSanilas/status/1401703905956859905/video/1", "display_url": "pic.twitter.com/O0ZPrea9rm"}], "hashtags": [{"start": 90, "end": 105, "tag": "Elecciones2021"}]}, "referenced_tweets": [{"type": "retweeted", "id": "1401703905956859905"}], "attachments": {"media_keys": ["7_1401703362119274501"]}, "public_metrics": {"retweet_count": 5, "reply_count": 0, "like_count": 0, "quote_count": 0}}, "includes": {"users": [{"protected": false, "created_at": "2021-01-29T20:46:35.000Z", "description": "La vida es una fiesta te invito", "id": "1355255979437289475", "verified": false, "public_metrics": {"followers_count": 353, "following_count": 1412, "tweet_count": 3864, "listed_count": 0}, "username": "LuisVil39898705", "name": "Luis Villarreal"}]}, "matching_rules": [{"id": 1401767939779436548, "tag": "Samuel Garcia"}]}