{"data": {"entities": {"annotations": [{"start": 27, "end": 39, "probability": 0.9568, "type": "Person", "normalized_text": "samuel garcia"}]}, "author_id": "68176418", "source": "Twitter for iPhone", "created_at": "2021-06-07T05:10:54.000Z", "text": "Ya me voy a dormir si gana samuel garcia porfa no me despierten nunca", "id": "1401768609337294849", "public_metrics": {"retweet_count": 0, "reply_count": 0, "like_count": 0, "quote_count": 0}}, "includes": {"users": [{"location": "Nuevo Le\u00f3n", "protected": false, "created_at": "2009-08-23T16:17:51.000Z", "description": "\ud835\ude14 \ud835\ude26 \ud835\ude39 \ud835\ude2a \ud835\ude24 \ud835\ude22 \ud835\ude2f \ud835\ude22 \u2022\u2022 \ud835\ude19 \ud835\ude22 \ud835\ude3a \ud835\ude22 \ud835\ude25 \ud835\ude22 \u2661 \ud835\udc13\ud835\udc2b\ud835\udc1a\ud835\udc1b\ud835\udc1a\ud835\udc23\ud835\udc28 \ud835\udc29\ud835\udc1a\ud835\udc2b\ud835\udc1a \ud835\udc2f\ud835\udc22\ud835\udc1a\ud835\udc23\ud835\udc1a\ud835\udc2b\ud83d\udeeb", "id": "68176418", "verified": false, "public_metrics": {"followers_count": 3176, "following_count": 1304, "tweet_count": 54434, "listed_count": 7}, "username": "tanysleal", "name": "T\u0251nys J\u0251nssen Le\u0251l\ud83c\uddec\ud83c\uddf7\ud83c\udfc6"}]}, "matching_rules": [{"id": 1401767939779436548, "tag": "Samuel Garcia"}]}