{"data": {"entities": {"annotations": [{"start": 46, "end": 60, "probability": 0.9986, "type": "Person", "normalized_text": "Daniel Carrillo"}, {"start": 89, "end": 103, "probability": 0.588, "type": "Person", "normalized_text": "San Nicol\u00e1s PAN"}], "mentions": [{"start": 3, "end": 15, "username": "reportecoco"}]}, "author_id": "33820025", "source": "Twitter Web App", "created_at": "2021-06-07T05:10:54.000Z", "text": "RT @reportecoco: Aunque todav\u00eda no es oficial Daniel Carrillo candidato a la alcald\u00eda de San Nicol\u00e1s PAN reconoci\u00f3 una tendencia definitiva\u2026", "id": "1401768609618305025", "referenced_tweets": [{"type": "retweeted", "id": "1401765331924705281"}], "public_metrics": {"retweet_count": 2, "reply_count": 0, "like_count": 0, "quote_count": 0}}, "includes": {"users": [{"location": "M\u00e9xico", "protected": false, "created_at": "2009-04-21T05:07:48.000Z", "description": "Nicola\u00edta, @saints \u269c\ufe0f @clubamerica \u26bd  Good Vibes \ud83c\udf1e \ud83d\udc9c Cursi \ud83d\udc97 Pet Lover \ud83d\udc08\ud83d\udc15\ud83d\udc30 Me gusta\ud83d\udeb6\u200d\u2640\ufe0fen banquetas libres. WHATS 5564427833 para portamedallas =)", "id": "33820025", "verified": false, "public_metrics": {"followers_count": 8545, "following_count": 1313, "tweet_count": 41589, "listed_count": 39}, "username": "veraniusk", "name": "Vera"}]}, "matching_rules": [{"id": 1401767939779436546, "tag": "Fernando Larrazabal"}]}