{"data": {"author_id": "26907612", "source": "Twitter for iPhone", "created_at": "2021-06-07T05:10:58.000Z", "text": "#CDMX, la ciudad que se dice ser la m\u00e1s progresista del pa\u00eds nos sali\u00f3 conservadora. https://t.co/3IXmc8nYAD https://t.co/zQLo6EWTDO", "id": "1401768624306720771", "referenced_tweets": [{"type": "quoted", "id": "1401765866551848964"}], "entities": {"urls": [{"start": 85, "end": 108, "url": "https://t.co/3IXmc8nYAD", "expanded_url": "https://twitter.com/Carolina_Lunach/status/1401768624306720771/photo/1", "display_url": "pic.twitter.com/3IXmc8nYAD"}, {"start": 109, "end": 132, "url": "https://t.co/zQLo6EWTDO", "expanded_url": "https://twitter.com/sinembargomx/status/1401765866551848964", "display_url": "twitter.com/sinembargomx/s\u2026"}], "hashtags": [{"start": 0, "end": 5, "tag": "CDMX"}]}, "context_annotations": [{"domain": {"id": "119", "name": "Holiday", "description": "Holidays like Christmas or Halloween"}, "entity": {"id": "1286645331686350848", "name": "Dia de la Independencia (Grito de Dolores) ", "description": "This entity includes conversations about Dia de la Independencia (Grito de Dolores) for all years."}}], "attachments": {"media_keys": ["16_1401768612998922244"]}, "public_metrics": {"retweet_count": 0, "reply_count": 0, "like_count": 0, "quote_count": 0}}, "includes": {"users": [{"location": "Planet Earth", "protected": false, "created_at": "2009-03-27T00:59:57.000Z", "description": "Wake me up when pademic ends. Un oiseau chante, je ne sais o\u00f9. Historiadora y viajera del tiempo, entusiasta aprendiz de cine, sue\u00f1a en otros idiomas.", "id": "26907612", "verified": false, "public_metrics": {"followers_count": 523, "following_count": 2073, "tweet_count": 35608, "listed_count": 3}, "username": "Carolina_Lunach", "name": "Caro Lunacharsky"}]}, "matching_rules": [{"id": 1401767939779436548, "tag": "Samuel Garcia"}]}