{"data": {"in_reply_to_user_id": "68844197", "author_id": "152248678", "source": "Twitter for iPhone", "created_at": "2021-06-07T05:10:58.000Z", "text": "@CarlosLoret @samuel_garcias @ClaudioOchoaH Pens\u00e9 qu\u00e9 en #NuevoLeon ten\u00edan m\u00e1s educaci\u00f3n y eran m\u00e1s inteligentes", "id": "1401768626022092803", "entities": {"mentions": [{"start": 0, "end": 12, "username": "CarlosLoret"}, {"start": 13, "end": 28, "username": "samuel_garcias"}, {"start": 29, "end": 43, "username": "ClaudioOchoaH"}], "hashtags": [{"start": 57, "end": 67, "tag": "NuevoLeon"}]}, "referenced_tweets": [{"type": "replied_to", "id": "1401767744123686918"}], "context_annotations": [{"domain": {"id": "10", "name": "Person", "description": "Named people in the world like Nelson Mandela"}, "entity": {"id": "809506024583360512", "name": "Carlos Loret de Mola", "description": "Carlos Loret de Mola"}}, {"domain": {"id": "94", "name": "Journalist", "description": "A journalist like 'Anderson Cooper'"}, "entity": {"id": "809506024583360512", "name": "Carlos Loret de Mola", "description": "Carlos Loret de Mola"}}], "public_metrics": {"retweet_count": 0, "reply_count": 0, "like_count": 0, "quote_count": 0}}, "includes": {"users": [{"location": "M\u00e9xico", "protected": false, "created_at": "2010-06-05T13:31:15.000Z", "description": "", "id": "152248678", "verified": false, "public_metrics": {"followers_count": 324, "following_count": 1011, "tweet_count": 20864, "listed_count": 1}, "username": "monhivi", "name": "M\u00f3nica"}]}, "matching_rules": [{"id": 1401767939779436548, "tag": "Samuel Garcia"}]}