{"data": {"author_id": "1379166355522478082", "source": "Twitter for iPhone", "created_at": "2021-06-07T04:56:06.000Z", "text": "RT @LaEstherMaria: @samuel_garcias Deja de desinformar a la gente, bien sabes que esto a\u00fan no se acaba, c\u00f3mo te atreves a decir que ganaste\u2026", "id": "1401764884942106624", "entities": {"mentions": [{"start": 3, "end": 17, "username": "LaEstherMaria"}, {"start": 19, "end": 34, "username": "samuel_garcias"}]}, "referenced_tweets": [{"type": "retweeted", "id": "1401762730466365448"}], "public_metrics": {"retweet_count": 13, "reply_count": 0, "like_count": 0, "quote_count": 0}}, "includes": {"users": [{"protected": false, "created_at": "2021-04-05T20:17:58.000Z", "description": "", "id": "1379166355522478082", "verified": false, "public_metrics": {"followers_count": 10, "following_count": 33, "tweet_count": 364, "listed_count": 0}, "username": "LaloGarca071", "name": "Lalo Garc\u00eda 07"}]}, "matching_rules": [{"id": 1401764684680683523, "tag": "Samuel Garcia"}]}