{"data": {"entities": {"annotations": [{"start": 70, "end": 78, "probability": 0.7347, "type": "Person", "normalized_text": "Ratazabal"}, {"start": 121, "end": 126, "probability": 0.9904, "type": "Person", "normalized_text": "Samuel"}, {"start": 130, "end": 135, "probability": 0.8331, "type": "Person", "normalized_text": "Morena"}], "mentions": [{"start": 0, "end": 11, "username": "SoyDonCruz"}, {"start": 12, "end": 20, "username": "ZMyBerg"}, {"start": 21, "end": 37, "username": "AdrianDeLaGarza"}]}, "in_reply_to_user_id": "1224702899000946693", "author_id": "858491226731028480", "source": "Twitter for iPhone", "created_at": "2021-06-07T05:11:07.000Z", "text": "@SoyDonCruz @ZMyBerg @AdrianDeLaGarza Y aun as\u00ed, yo habr\u00eda votado por Ratazabal si fuera el puntero, con tal de no ganar Samuel o Morena.\nDe eso se trataba.\nEn fin.", "id": "1401768664425283585", "referenced_tweets": [{"type": "replied_to", "id": "1401767654453567488"}], "public_metrics": {"retweet_count": 0, "reply_count": 0, "like_count": 0, "quote_count": 0}}, "includes": {"users": [{"location": "Perros Bravos, NL. M\u00c9XICO", "protected": false, "created_at": "2017-04-30T01:20:33.000Z", "description": "Ning\u00fan hombre es una isla, completo en s\u00ed mismo", "id": "858491226731028480", "verified": false, "public_metrics": {"followers_count": 3811, "following_count": 4999, "tweet_count": 52760, "listed_count": 4}, "username": "iLiving_Soul", "name": "Teniente Dan"}]}, "matching_rules": [{"id": 1401767939779436547, "tag": "Adrian de la Garza"}]}