{"data": {"entities": {"annotations": [{"start": 145, "end": 148, "probability": 0.7973, "type": "Person", "normalized_text": "AMLO"}], "mentions": [{"start": 0, "end": 15, "username": "patriciagamezg"}, {"start": 16, "end": 28, "username": "CarlosLoret"}, {"start": 29, "end": 40, "username": "latinus_us"}, {"start": 41, "end": 56, "username": "samuel_garcias"}, {"start": 57, "end": 72, "username": "MovCiudadanoMX"}, {"start": 73, "end": 89, "username": "AdrianDeLaGarza"}]}, "in_reply_to_user_id": "2332514520", "author_id": "130718597", "source": "Twitter for Android", "created_at": "2021-06-07T05:11:09.000Z", "text": "@patriciagamezg @CarlosLoret @latinus_us @samuel_garcias @MovCiudadanoMX @AdrianDeLaGarza Es triste pero todo apunta que va ganando el plan b de AMLO", "id": "1401768672784437248", "referenced_tweets": [{"type": "replied_to", "id": "1401761624210378757"}], "context_annotations": [{"domain": {"id": "10", "name": "Person", "description": "Named people in the world like Nelson Mandela"}, "entity": {"id": "809506024583360512", "name": "Carlos Loret de Mola", "description": "Carlos Loret de Mola"}}, {"domain": {"id": "94", "name": "Journalist", "description": "A journalist like 'Anderson Cooper'"}, "entity": {"id": "809506024583360512", "name": "Carlos Loret de Mola", "description": "Carlos Loret de Mola"}}], "public_metrics": {"retweet_count": 0, "reply_count": 0, "like_count": 0, "quote_count": 0}}, "includes": {"users": [{"location": "En tu alma\ud83d\udcaa\ud83d\udda4", "protected": false, "created_at": "2010-04-08T03:08:57.000Z", "description": "Independiente  y muy aterrizada en mi realidad \ud83d\udcaa", "id": "130718597", "verified": false, "public_metrics": {"followers_count": 982, "following_count": 2005, "tweet_count": 17522, "listed_count": 5}, "username": "blan_kiss15", "name": "BlanKiss"}]}, "matching_rules": [{"id": 1401767939779436547, "tag": "Adrian de la Garza"}, {"id": 1401767939779436548, "tag": "Samuel Garcia"}]}