{"data": {"entities": {"annotations": [{"start": 94, "end": 103, "probability": 0.7878, "type": "Place", "normalized_text": "Nuevo Le\u00f3n"}], "mentions": [{"start": 3, "end": 18, "username": "QuesaVerdadess"}, {"start": 30, "end": 45, "username": "samuel_garcias"}], "urls": [{"start": 106, "end": 129, "url": "https://t.co/CLwHFyxMqe", "expanded_url": "https://twitter.com/QuesaVerdadess/status/1401719085533126657/photo/1", "display_url": "pic.twitter.com/CLwHFyxMqe"}]}, "author_id": "266610600", "source": "Twitter for Android", "created_at": "2021-06-07T05:11:13.000Z", "text": "RT @QuesaVerdadess: Si \"gana\" @samuel_garcias todos los dem\u00e1s estados del pa\u00eds con respecto a Nuevo Le\u00f3n: https://t.co/CLwHFyxMqe", "id": "1401768688370454534", "referenced_tweets": [{"type": "retweeted", "id": "1401719085533126657"}], "attachments": {"media_keys": ["3_1401719083549274112"]}, "public_metrics": {"retweet_count": 193, "reply_count": 0, "like_count": 0, "quote_count": 0}}, "includes": {"users": [{"location": "CDMX", "protected": false, "created_at": "2011-03-15T14:22:57.000Z", "description": "Directora de @unpluggednewsmx \u00a6\u00a6 Editora en jefe de @Frecuencia_Geek \u00a6\u00a6 Para mayor contacto https://t.co/R95olrN3M5", "id": "266610600", "verified": false, "public_metrics": {"followers_count": 262, "following_count": 462, "tweet_count": 12620, "listed_count": 1}, "username": "Deaoni_Hyde", "name": "Deaoni Hyde \ud83d\udc0d\ud83d\udc7b\ud83c\udf83"}]}, "matching_rules": [{"id": 1401767939779436548, "tag": "Samuel Garcia"}]}