{"data": {"author_id": "578496587", "source": "Twitter for iPad", "created_at": "2021-06-07T04:56:06.000Z", "text": "RT @Reporte_Indigo: @samuel_garcias @lorenzocordovav @pacocienfuegos @lopezobrador_ @BeatrizGMuller @SoyEvelynSalgad @AccionNacional @Marko\u2026", "id": "1401764884656836611", "entities": {"mentions": [{"start": 3, "end": 18, "username": "Reporte_Indigo"}, {"start": 20, "end": 35, "username": "samuel_garcias"}, {"start": 36, "end": 52, "username": "lorenzocordovav"}, {"start": 53, "end": 68, "username": "pacocienfuegos"}, {"start": 69, "end": 83, "username": "lopezobrador_"}, {"start": 84, "end": 99, "username": "BeatrizGMuller"}, {"start": 100, "end": 116, "username": "SoyEvelynSalgad"}, {"start": 117, "end": 132, "username": "AccionNacional"}]}, "referenced_tweets": [{"type": "retweeted", "id": "1401743057545007112"}], "context_annotations": [{"domain": {"id": "10", "name": "Person", "description": "Named people in the world like Nelson Mandela"}, "entity": {"id": "905182543464472576", "name": "Andres Manuel Lopez Obrador", "description": "President of Mexico"}}, {"domain": {"id": "35", "name": "Politician", "description": "Politicians in the world, like Joe Biden"}, "entity": {"id": "905182543464472576", "name": "Andres Manuel Lopez Obrador", "description": "President of Mexico"}}], "public_metrics": {"retweet_count": 13, "reply_count": 0, "like_count": 0, "quote_count": 0}}, "includes": {"users": [{"protected": false, "created_at": "2012-05-13T00:00:46.000Z", "description": "", "id": "578496587", "verified": false, "public_metrics": {"followers_count": 288, "following_count": 164, "tweet_count": 217823, "listed_count": 21}, "username": "Gusma5567", "name": "Maria del Rosario"}]}, "matching_rules": [{"id": 1401764684680683523, "tag": "Samuel Garcia"}, {"id": 1401764684680683522, "tag": "Adrian de la Garza"}]}