{"data": {"in_reply_to_user_id": "481747934", "author_id": "1146976505022558209", "source": "Twitter Web App", "created_at": "2021-06-07T05:11:15.000Z", "text": "@shabedotcom @samuel_garcias @deycardenas Darle importancia a la opini\u00f3n de los chiriwillos, que verg\u00fcenza tenerte de vecina.", "id": "1401768696851353601", "entities": {"mentions": [{"start": 0, "end": 12, "username": "shabedotcom"}, {"start": 13, "end": 28, "username": "samuel_garcias"}, {"start": 29, "end": 41, "username": "deycardenas"}]}, "referenced_tweets": [{"type": "replied_to", "id": "1401750628205051904"}], "public_metrics": {"retweet_count": 0, "reply_count": 0, "like_count": 0, "quote_count": 0}}, "includes": {"users": [{"protected": false, "created_at": "2019-07-05T02:58:03.000Z", "description": "Dar corazoncito es de gays.", "id": "1146976505022558209", "verified": false, "public_metrics": {"followers_count": 1, "following_count": 11, "tweet_count": 32, "listed_count": 0}, "username": "iwill_spect_you", "name": "\u2623"}]}, "matching_rules": [{"id": 1401767939779436548, "tag": "Samuel Garcia"}]}