{"data": {"author_id": "1215777293794189313", "source": "Twitter for Android", "created_at": "2021-06-07T05:11:28.000Z", "text": "Felicidades, @FerLarrazabalNL: misi\u00f3n cumplida. Fuiste un buen estorbo quitavotos. https://t.co/JEjfl4mg7O https://t.co/1Jfs6Tk1vs", "id": "1401768750471335939", "entities": {"mentions": [{"start": 13, "end": 29, "username": "FerLarrazabalNL"}], "urls": [{"start": 83, "end": 106, "url": "https://t.co/JEjfl4mg7O", "expanded_url": "https://twitter.com/X0v3k/status/1401768750471335939/photo/1", "display_url": "pic.twitter.com/JEjfl4mg7O"}, {"start": 107, "end": 130, "url": "https://t.co/1Jfs6Tk1vs", "expanded_url": "https://twitter.com/CodigoMagentaMx/status/1401767927372828675", "display_url": "twitter.com/CodigoMagentaM\u2026"}]}, "referenced_tweets": [{"type": "quoted", "id": "1401767927372828675"}], "attachments": {"media_keys": ["16_1401768744112775169"]}, "public_metrics": {"retweet_count": 0, "reply_count": 0, "like_count": 0, "quote_count": 0}}, "includes": {"users": [{"location": "Mty\u2665\ufe0f", "protected": false, "created_at": "2020-01-10T23:27:59.000Z", "description": "Kingdom come, fuckrs...", "id": "1215777293794189313", "verified": false, "public_metrics": {"followers_count": 265, "following_count": 372, "tweet_count": 37698, "listed_count": 8}, "username": "X0v3k", "name": "Xovek"}]}, "matching_rules": [{"id": 1401767939779436546, "tag": "Fernando Larrazabal"}, {"id": 1401767939779436547, "tag": "Adrian de la Garza"}, {"id": 1401767939779436548, "tag": "Samuel Garcia"}]}