{"data": {"entities": {"annotations": [{"start": 43, "end": 55, "probability": 0.9967, "type": "Person", "normalized_text": "Samuel Garcia"}, {"start": 60, "end": 61, "probability": 0.559, "type": "Place", "normalized_text": "NL"}]}, "author_id": "105702262", "geo": {"place_id": "c734bf0063981051"}, "source": "Twitter for iPhone", "created_at": "2021-06-07T05:11:28.000Z", "text": "Pues m\u00e1s all\u00e1 de la broma, si est\u00e1 ganando Samuel Garcia en NL ..", "id": "1401768751838777344", "public_metrics": {"retweet_count": 0, "reply_count": 0, "like_count": 0, "quote_count": 0}}, "includes": {"users": [{"location": "Monterrey, Nuevo Le\u00f3n", "protected": false, "created_at": "2010-01-17T05:36:47.000Z", "description": "#travel / M\u00fasico/ Jaguar / Man Utd / BVB /\u00c1guila en cielo/ Esposo de Talita/ Incubus/ 31 ciudades 14 Paises + #Mexico / https://t.co/TuuHxfJxez", "id": "105702262", "verified": false, "public_metrics": {"followers_count": 592, "following_count": 1467, "tweet_count": 30926, "listed_count": 18}, "username": "Ayef_", "name": "Ayef \ud83d\udeeb\ud83c\udf0e\ud83c\udf0d\ud83c\udf0f"}]}, "matching_rules": [{"id": 1401767939779436548, "tag": "Samuel Garcia"}]}