{"data": {"entities": {"annotations": [{"start": 72, "end": 89, "probability": 0.918, "type": "Person", "normalized_text": "Adri\u00e1n de la Garza"}], "mentions": [{"start": 3, "end": 14, "username": "SoyDonCruz"}, {"start": 16, "end": 21, "username": "Ve99"}, {"start": 22, "end": 30, "username": "ZMyBerg"}, {"start": 31, "end": 47, "username": "AdrianDeLaGarza"}]}, "author_id": "1401056439024693248", "source": "Twitter for Android", "created_at": "2021-06-07T05:11:33.000Z", "text": "RT @SoyDonCruz: @Ve99 @ZMyBerg @AdrianDeLaGarza Pues a m\u00ed me consta que Adri\u00e1n de la Garza es un criminal corrupto y no, no quiero que el c\u2026", "id": "1401768772369780736", "referenced_tweets": [{"type": "retweeted", "id": "1401749550046617601"}], "public_metrics": {"retweet_count": 1, "reply_count": 0, "like_count": 0, "quote_count": 0}}, "includes": {"users": [{"protected": false, "created_at": "2021-06-05T06:01:11.000Z", "description": "Orgullosamente regiomontana.", "id": "1401056439024693248", "verified": false, "public_metrics": {"followers_count": 2, "following_count": 6, "tweet_count": 41, "listed_count": 0}, "username": "IllimayM", "name": "illimay_mty"}]}, "matching_rules": [{"id": 1401767939779436547, "tag": "Adrian de la Garza"}]}