{"data": {"in_reply_to_user_id": "349400656", "author_id": "109367709", "source": "Twitter Web App", "created_at": "2021-06-07T05:11:33.000Z", "text": "@cesarchairezz @AdrianDeLaGarza SE LO CARGO EL PAYASO", "id": "1401768773284159490", "entities": {"mentions": [{"start": 0, "end": 14, "username": "cesarchairezz"}, {"start": 15, "end": 31, "username": "AdrianDeLaGarza"}]}, "referenced_tweets": [{"type": "replied_to", "id": "1401730578538536963"}], "public_metrics": {"retweet_count": 0, "reply_count": 0, "like_count": 0, "quote_count": 0}}, "includes": {"users": [{"protected": false, "created_at": "2010-01-28T20:46:53.000Z", "description": "", "id": "109367709", "verified": false, "public_metrics": {"followers_count": 3, "following_count": 38, "tweet_count": 2179, "listed_count": 0}, "username": "saile1979", "name": "Elias"}]}, "matching_rules": [{"id": 1401767939779436547, "tag": "Adrian de la Garza"}]}