{"data": {"author_id": "255597786", "source": "Twitter for iPhone", "created_at": "2021-06-07T05:11:34.000Z", "text": "RT @gpalomino10: Ojal\u00e1 te dediques a trabajar bien @samuel_garcias esa responsabilidad no es un reality show.\n\n\u00c9xito en lo que viene", "id": "1401768777046392833", "entities": {"mentions": [{"start": 3, "end": 15, "username": "gpalomino10"}, {"start": 51, "end": 66, "username": "samuel_garcias"}]}, "referenced_tweets": [{"type": "retweeted", "id": "1401768538679951363"}], "public_metrics": {"retweet_count": 1, "reply_count": 0, "like_count": 0, "quote_count": 0}}, "includes": {"users": [{"protected": false, "created_at": "2011-02-21T17:56:30.000Z", "description": "", "id": "255597786", "verified": false, "public_metrics": {"followers_count": 1043, "following_count": 3210, "tweet_count": 164767, "listed_count": 7}, "username": "mizpaidem", "name": "Lex Luthor"}]}, "matching_rules": [{"id": 1401767939779436548, "tag": "Samuel Garcia"}]}