{"data": {"author_id": "161487745", "source": "Twitter for Android", "created_at": "2021-06-07T05:11:34.000Z", "text": "RT @Reporte_Indigo: @samuel_garcias @lorenzocordovav @pacocienfuegos @lopezobrador_ @BeatrizGMuller @SoyEvelynSalgad @AccionNacional @Marko\u2026", "id": "1401768777402912771", "entities": {"mentions": [{"start": 3, "end": 18, "username": "Reporte_Indigo"}, {"start": 20, "end": 35, "username": "samuel_garcias"}, {"start": 36, "end": 52, "username": "lorenzocordovav"}, {"start": 53, "end": 68, "username": "pacocienfuegos"}, {"start": 69, "end": 83, "username": "lopezobrador_"}, {"start": 84, "end": 99, "username": "BeatrizGMuller"}, {"start": 100, "end": 116, "username": "SoyEvelynSalgad"}, {"start": 117, "end": 132, "username": "AccionNacional"}]}, "referenced_tweets": [{"type": "retweeted", "id": "1401766752569249794"}], "context_annotations": [{"domain": {"id": "10", "name": "Person", "description": "Named people in the world like Nelson Mandela"}, "entity": {"id": "905182543464472576", "name": "Andres Manuel Lopez Obrador", "description": "President of Mexico"}}, {"domain": {"id": "35", "name": "Politician", "description": "Politicians in the world, like Joe Biden"}, "entity": {"id": "905182543464472576", "name": "Andres Manuel Lopez Obrador", "description": "President of Mexico"}}], "public_metrics": {"retweet_count": 3, "reply_count": 0, "like_count": 0, "quote_count": 0}}, "includes": {"users": [{"protected": false, "created_at": "2010-07-01T00:12:26.000Z", "description": "\ud83c\uddf2\ud83c\uddfd Economist with post-graduate studies in Asia-Pacific. Anti-Corruption & Compliance. Minnesotta Vikings fan!!! Loves soccer too...", "id": "161487745", "verified": false, "public_metrics": {"followers_count": 735, "following_count": 4995, "tweet_count": 49460, "listed_count": 2}, "username": "PABLOMX73", "name": "PABLO GUTIERREZ"}]}, "matching_rules": [{"id": 1401767939779436547, "tag": "Adrian de la Garza"}, {"id": 1401767939779436548, "tag": "Samuel Garcia"}]}