{"data": {"author_id": "1379166355522478082", "source": "Twitter for iPhone", "created_at": "2021-06-07T04:56:12.000Z", "text": "RT @DanaeCG8: @samuel_garcias No seas ridiculo por favor, aun no termina el conteo y ya te est\u00e1s autoproclamado, y con todo lo que has hech\u2026", "id": "1401764906928590853", "entities": {"mentions": [{"start": 3, "end": 12, "username": "DanaeCG8"}, {"start": 14, "end": 29, "username": "samuel_garcias"}]}, "referenced_tweets": [{"type": "retweeted", "id": "1401762704818425858"}], "public_metrics": {"retweet_count": 12, "reply_count": 0, "like_count": 0, "quote_count": 0}}, "includes": {"users": [{"protected": false, "created_at": "2021-04-05T20:17:58.000Z", "description": "", "id": "1379166355522478082", "verified": false, "public_metrics": {"followers_count": 10, "following_count": 33, "tweet_count": 364, "listed_count": 0}, "username": "LaloGarca071", "name": "Lalo Garc\u00eda 07"}]}, "matching_rules": [{"id": 1401764684680683523, "tag": "Samuel Garcia"}]}