{"data": {"author_id": "197241448", "source": "Twitter for Android", "created_at": "2021-06-07T05:11:48.000Z", "text": "El conteo r\u00e1pido se lo da a @samuel_garcias  como lo dijo el por 10 puntos...\n\n#Elecciones2021 #NuevoLeon \n#GobernadorRegional https://t.co/SepzMjcStu", "id": "1401768835594719234", "entities": {"mentions": [{"start": 28, "end": 43, "username": "samuel_garcias"}], "urls": [{"start": 127, "end": 150, "url": "https://t.co/SepzMjcStu", "expanded_url": "https://twitter.com/jonasbain/status/1401768835594719234/photo/1", "display_url": "pic.twitter.com/SepzMjcStu"}], "hashtags": [{"start": 79, "end": 94, "tag": "Elecciones2021"}, {"start": 95, "end": 105, "tag": "NuevoLeon"}, {"start": 107, "end": 126, "tag": "GobernadorRegional"}]}, "attachments": {"media_keys": ["3_1401768832801382402"]}, "public_metrics": {"retweet_count": 0, "reply_count": 0, "like_count": 0, "quote_count": 0}}, "includes": {"users": [{"location": "Monterrey, Nuevo Le\u00f3n.", "protected": false, "created_at": "2010-10-01T00:21:08.000Z", "description": "Pseudo-escritor de cosas con sentido ir\u00f3nico, c\u00f3mico y c\u00f3smico.\nStandup-believer\nHablamos de cine en @cinemanerdsmx\n\nHost: #Esverdadsoyunpayaso @itstrueimaclown", "id": "197241448", "verified": false, "public_metrics": {"followers_count": 168, "following_count": 462, "tweet_count": 5142, "listed_count": 6}, "username": "jonasbain", "name": "Jonas Bain"}]}, "matching_rules": [{"id": 1401767939779436548, "tag": "Samuel Garcia"}]}