{"data": {"author_id": "4871148333", "source": "Twitter for Android", "created_at": "2021-06-07T05:11:48.000Z", "text": "RT @HdezDel: @CarlosAJimnez4 @samuel_garcias No hay raz\u00f2n , pero......Si tienen al bronco , que no tengan el que se jode de sol a sol de la\u2026", "id": "1401768836693729285", "entities": {"mentions": [{"start": 3, "end": 11, "username": "HdezDel"}, {"start": 13, "end": 28, "username": "CarlosAJimnez4"}, {"start": 29, "end": 44, "username": "samuel_garcias"}]}, "referenced_tweets": [{"type": "retweeted", "id": "1401712611616460800"}], "public_metrics": {"retweet_count": 16, "reply_count": 0, "like_count": 0, "quote_count": 0}}, "includes": {"users": [{"protected": false, "created_at": "2016-02-02T06:19:07.000Z", "description": "Mi convicci\u00f3n:\n\n#VotareTodoMorena\n#NiUnVotoAlPRIANPRDMC2021 \n#VotoMasivoPorMorena2021\n\n#RedAMLO", "id": "4871148333", "verified": false, "public_metrics": {"followers_count": 1547, "following_count": 2145, "tweet_count": 60477, "listed_count": 1}, "username": "doblehache68", "name": "#RevolucionEnLasUrnas"}]}, "matching_rules": [{"id": 1401767939779436548, "tag": "Samuel Garcia"}]}