{"data": {"entities": {"annotations": [{"start": 133, "end": 138, "probability": 0.5254, "type": "Organization", "normalized_text": "Bronco"}], "mentions": [{"start": 3, "end": 19, "username": "EllaCantaloupeH"}]}, "author_id": "909498075818938368", "source": "Twitter Web App", "created_at": "2021-06-07T04:56:12.000Z", "text": "RT @EllaCantaloupeH: Los neoloneses tendr\u00e1n el gobierno que se merecen.\nGobiernos pr\u00edistas corruptos hasta el tu\u00e9tano, el inepto del Bronco\u2026", "id": "1401764909961068546", "referenced_tweets": [{"type": "retweeted", "id": "1401708016425132038"}], "public_metrics": {"retweet_count": 75, "reply_count": 0, "like_count": 0, "quote_count": 0}}, "includes": {"users": [{"location": "Monterrey, Nuevo Le\u00f3n", "protected": false, "created_at": "2017-09-17T19:23:33.000Z", "description": "\u2757DE IZQUIERDA DESDE LA CONCEPCI\u00d3N\u2757\n#RedAMLOve\n#RedAMLOvers\n#RedAmlo\n#AmloNoEstasSolo\n#AmloEstamosConTigo", "id": "909498075818938368", "verified": false, "public_metrics": {"followers_count": 1857, "following_count": 2853, "tweet_count": 6628, "listed_count": 0}, "username": "JuandeD04173903", "name": "Juan de Dios Buenrostro Cortes"}]}, "matching_rules": [{"id": 1401764684680683523, "tag": "Samuel Garcia"}]}