{"data": {"entities": {"annotations": [{"start": 46, "end": 55, "probability": 0.8415, "type": "Place", "normalized_text": "Nuevo Leon"}, {"start": 79, "end": 91, "probability": 0.9869, "type": "Person", "normalized_text": "Samuel Garcia"}, {"start": 97, "end": 114, "probability": 0.733, "type": "Person", "normalized_text": "Adrian de la Garza"}], "mentions": [{"start": 3, "end": 13, "username": "yooddaa29"}]}, "author_id": "2261100547", "source": "Twitter for Android", "created_at": "2021-06-07T05:11:58.000Z", "text": "RT @yooddaa29: Tristemente les anuncio que en Nuevo Leon no todo estara bien.\n\nSamuel Garcia 36%\nAdrian de la Garza 28%.\n\nFelicidades para\u2026", "id": "1401768875000176644", "referenced_tweets": [{"type": "retweeted", "id": "1401678536604196866"}], "public_metrics": {"retweet_count": 166, "reply_count": 0, "like_count": 0, "quote_count": 0}}, "includes": {"users": [{"location": "Monterrey, M\u00e9xico", "protected": false, "created_at": "2013-12-25T05:58:16.000Z", "description": "...ES EL CAMINO Y NO EL FINAL, NUNCA DEJES DE BUSCAR, STOP AND FOLLOW YOUR HEART, NO BASTA CON SOLTAR, Y VIVE...\n#SinMiedoASaltar", "id": "2261100547", "verified": false, "public_metrics": {"followers_count": 1818, "following_count": 4623, "tweet_count": 27182, "listed_count": 5}, "username": "DanhuelGonzadez", "name": "Danhuel Gonzadez"}]}, "matching_rules": [{"id": 1401767939779436547, "tag": "Adrian de la Garza"}, {"id": 1401767939779436548, "tag": "Samuel Garcia"}]}