ANIO,MES,MES_NUM,POB_15_MAS,PEA,PEA_OCUP,PEA_DESOC,EMPLEADORES,1_SALARIO,2_SALARIOS,3_SALARIOS,5_SALARIOS,MAS_DE_5_SALARIOS,SIN_INGRESOS,NO_ESPECIFICO_INGRESOS,15_HORAS,34_HORAS,48_HORAS,MAS_DE_48_HORAS,NO_ESPECIFICO_HORAS,TASA_INFORMALIDAD
2005,Enero,1,72721263,42836764,41143856,1692908,2027625,6042705,10138484,7645742,7132132,4113729,3883275,2187789,2374753,6879338,18885620,11191659,201739,59.13773128
2005,Febrero,2,72978361,42976836,41355190,1621646,1998350,6068083,10033887,8102768,7221086,4013786,3614719,2300861,2358087,6625227,19127921,12107405,221132,59.49861674
2005,Marzo,3,73078716,43198606,41631760,1566846,1804688,6264403,9691136,7928762,7348548,4209063,4000275,2189573,2747731,8677006,17169588,11067194,186721,59.80505268
2005,Abril,4,72863898,42399530,40973459,1426071,2065098,5973883,9350592,7894953,7417377,4356633,3658619,2321402,2388495,6841221,18088761,12273084,225495,59.16093879
2005,Mayo,5,73128180,43188612,41761793,1426819,1912612,6407787,9818517,7939913,7474289,4068266,3845147,2207874,2682167,7224529,18572117,12223868,201015,60.14836336
2005,Junio,6,73475351,43611423,42092805,1518618,1911376,6322203,9288118,8111375,7733575,4398031,4122695,2116808,2575756,7225540,18830982,12413315,193790,59.93878051
2005,Julio,7,73396736,44065694,42336837,1728857,2009949,6196005,9469818,8060646,7668188,4480752,4375550,2085878,2332873,6060929,18731336,12497859,239818,60.08973462
2005,Agosto,8,73254365,43639188,42037595,1601593,2046901,6055760,9470375,8132417,7574842,4371842,4313431,2118928,2207347,6062645,19012900,12628647,217077,60.37622038
2005,Septiembre,9,73789522,43941163,42368761,1572402,1885462,6388663,9084524,8313244,7749546,4422049,4251442,2159293,2625650,7836051,18817146,12059335,230009,59.81327375
2005,Octubre,10,73841761,44198554,42701993,1496561,2052359,5942039,9341755,8474739,8245080,4603346,3862630,2232404,2699095,7180225,18878743,12801102,237639,59.60361616
2005,Noviembre,11,73741779,43880478,42590473,1290005,1960677,6053052,9709368,8203593,7884777,4568926,4032710,2138047,2375706,7570654,18863104,12727384,228140,60.28057261
2005,Diciembre,12,74217978,44216618,42991813,1224805,2036748,5807461,8966289,8743992,8368635,4742519,3940891,2422026,2333546,6872129,19420931,13150376,244844,59.9059593
2006,Enero,1,73926906,43975610,42446196,1529414,2136198,5863665,8843601,9311559,7631842,4745946,3758956,2290627,2300566,6988159,18817055,12264334,274651,59.09879651
2006,Febrero,2,74031410,44171432,42517111,1654321,2096506,5933022,9566166,9495483,7213746,4674385,3345855,2288454,2406633,7283518,19180836,12674348,255637,58.78914256
2006,Marzo,3,74311362,44417839,42946800,1471039,1966097,5977092,9235514,9690184,7385823,4792605,3554441,2311141,2598002,7665904,19021691,12720178,227477,58.95037814
2006,Abril,4,74244124,44518373,43096003,1422370,2118874,5768040,9186848,9497236,7832846,4890414,3548656,2371963,2653448,9545544,16789222,11201911,251365,58.92528595
2006,Mayo,5,74405480,44537290,43272760,1264530,2088255,5954449,9548051,9637432,7358113,4812603,3615923,2346189,2692196,8306083,18583399,12636291,248349,59.5862709
2006,Junio,6,74497247,44404817,42957738,1447079,2172787,5791193,8811956,9487007,7739937,5001226,3854984,2271435,2409409,7210611,19637128,12698034,223338,59.731795
2006,Julio,7,74801680,45681803,43851142,1830661,2231060,5652528,8929276,9778545,7724346,5364215,4018146,2384086,2516796,6771704,19272499,12987333,237013,58.54383222
2006,Agosto,8,75010966,45160633,43411986,1748647,2134330,5485232,9124844,9617855,7513992,5060947,4122997,2486119,2442716,6497319,19158416,12982416,239366,58.16972068
2006,Septiembre,9,74795943,44932703,43137284,1795419,2186575,5834530,8291481,9616135,7749045,5207614,3889906,2548573,2754583,7371788,18885793,12941910,213701,58.53841192
2006,Octubre,10,75012297,45688882,43944488,1744394,2205886,5844541,8845387,9569956,7955949,5188948,3984075,2555632,2889397,7835683,19362726,12830320,239148,57.74886033
2006,Noviembre,11,75478543,45938314,44329143,1609171,2128897,5900696,9421954,9587311,7739683,5098689,4034890,2545920,2726849,8749964,18984108,12767726,245111,58.45511157
2006,Diciembre,12,74941242,44625899,43145811,1480088,2146789,5611870,8800583,9402213,7903277,5212821,3652119,2562928,2603873,8169672,18509487,12678306,195714,58.32630194
2007,Enero,1,75546801,45071701,43247762,1823939,2155906,5509999,9256591,9426192,7761851,4897865,3856109,2539155,2676871,8162227,18610001,11118809,242225,57.48937251
2007,Febrero,2,76077072,45359658,43521834,1837824,2207551,5879231,9641043,9227815,7809875,4809859,3552262,2601749,2742281,7903370,18768935,13014157,262863,58.24833577
2007,Marzo,3,75305418,45150745,43468085,1682660,2178400,6129643,9099702,9341416,7781154,5106368,3501022,2508780,3065672,7949286,18859696,12690865,192882,58.07605051
2007,Abril,4,75773064,45155289,43568980,1586309,2335650,5499203,9142191,9319337,8147865,5315153,3549474,2595757,2817754,9681517,17185946,10760276,226905,57.36683071
2007,Mayo,5,76354668,45782183,44339652,1442531,2151395,5415781,9482667,9732019,8175026,5061517,3831876,2640766,2798662,8180013,19620529,12777734,242662,58.64533172
2007,Junio,6,75400854,45258928,43773533,1485395,2209301,5660940,8796971,9471988,8072322,5109698,3948938,2712676,2803903,7448558,19371185,13061485,250191,59.13101417
2007,Julio,7,76299609,46201750,44450672,1751078,2333769,5554361,8904925,9384359,8515162,5167567,4241797,2682501,2770362,6886850,19621342,12913105,316826,58.06408056
2007,Agosto,8,76755122,45698040,43947332,1750708,2276468,5513044,9252115,9586947,8028170,5007705,4000898,2558453,2527347,6850305,19316571,12931709,211585,58.51626442
2007,Septiembre,9,76091192,45119495,43422237,1697258,2041160,5432081,8682934,9444001,8187330,5155354,3845434,2675103,2617503,7410611,19604731,12821782,202980,57.62057353
2007,Octubre,10,76623603,46634947,44876285,1758662,2287066,5970257,9239492,9321125,8206798,5077411,4038971,3022231,3440987,7926414,19355032,13118206,319984,59.09085166
2007,Noviembre,11,77141067,47049764,45471703,1578061,2281042,5843535,9396514,9812055,8285239,4923784,4122560,3088016,3141189,9048874,19315278,12865309,242522,58.69130303
2007,Diciembre,12,76645824,46402688,44961357,1441331,2213640,5568518,8841277,9306608,8669571,5410422,4111219,3053742,3007542,7765150,19827178,13099149,303229,58.18583945
2008,Enero,1,76983820,45934724,44043563,1891161,2252329,5378087,8970576,10266292,7227844,5140793,3836269,3223702,2832037,8292199,18473741,11672280,286336,58.03847205
2008,Febrero,2,77376462,46696681,44880837,1815844,2150976,5638399,9491471,10559206,7484502,4923879,3748962,3034418,2870064,7862185,19891119,13284021,199641,58.73918973
2008,Marzo,3,77477932,46412757,44735137,1677620,2202246,5619116,9082348,10513434,7762811,5180229,3619930,2957269,3132782,8896213,18422849,12191234,287583,57.6258613
2008,Abril,4,76985115,46669817,45045915,1623902,2295357,5620373,9005048,10443026,7998569,5317189,3772389,2889321,2945605,7473298,20076792,13191879,265041,59.02868662
2008,Mayo,5,77823567,46623180,45086986,1536194,2198236,5381821,9470419,10745199,7647222,5000719,3659426,3182180,2932189,8597683,19910419,12584021,259546,58.37830012
2008,Junio,6,77742193,46900068,45320495,1579573,2225240,5553525,9496578,10322371,7712590,5190858,3829332,3215241,2928370,7703531,20484256,13093865,309597,58.92761763
2008,Julio,7,77406509,46804662,44870045,1934617,2340586,5552005,8960230,10569996,7441897,5301512,4143825,2900580,2805446,7057682,19833675,12944279,253879,58.79812022
2008,Agosto,8,78150655,46661956,44769015,1892941,2064355,5113062,9220074,10428736,7611634,5037633,3999678,3358198,2455986,6852171,20315432,12979825,241404,58.75232234
2008,Septiembre,9,78469676,46855208,44914982,1940226,2144431,5461740,8888648,10789467,7563205,5276668,3597702,3337552,2806482,8240744,19859514,12899441,277017,57.64495019
2008,Octubre,10,77862361,46274208,44343747,1930461,1962220,5428048,8639412,10622154,7668329,4960949,3725468,3299387,2861971,7801200,19637916,13049645,240760,58.67954731
2008,Noviembre,11,78685432,47027541,44994571,2032970,1750417,5535934,9522378,10238571,7476754,4700971,3808795,3711168,2894663,8046061,20111913,12899923,286757,59.20929661
2008,Diciembre,12,78874034,46498113,44626655,1871458,1673346,5218227,8616083,10415188,7388690,4876362,4182088,3930017,2734594,7760240,19915879,13177004,273142,58.80142933
2009,Enero,1,78830557,46857470,44510360,2347110,1989256,5792285,10338469,9084521,7827063,4546205,3605344,3316473,2541267,7507660,19835530,12916865,249581,59.17127159
2009,Febrero,2,79391942,47037143,44573256,2463887,1875823,5745709,10470225,9299208,7563857,4462697,3425493,3606067,2684863,8284759,19275857,13200889,261406,59.45223297
2009,Marzo,3,79548265,46672768,44495540,2177228,2027119,5658564,10361782,8993769,8025542,4711730,3276765,3467388,2689204,8041857,19916104,12772172,237678,58.65098165
2009,Abril,4,79488168,46762979,44398944,2364035,1974196,5752405,10161658,8752361,7855697,4706606,3647020,3523197,3071931,10710402,16012404,10760434,246938,59.57937423
2009,Mayo,5,79904158,47649414,45156533,2492881,2026949,6280193,10219392,9023361,7734114,4573439,3656829,3669205,3009743,8314152,19316345,12389168,240079,60.07083626
2009,Junio,6,79918223,47524392,45159751,2364641,2040292,5892357,9822948,8785313,8047464,4729603,4024978,3857088,2854474,7914599,20275083,13113195,254633,60.21535415
2009,Julio,7,79982963,48040501,45243805,2796696,2024862,5950347,9918872,9175443,7737546,4330715,4241817,3889065,2549509,7493877,19937470,12908783,269790,60.68532918
2009,Agosto,8,80562450,49079922,46063615,3016307,1994462,6397214,10330805,9142392,8000397,4480913,3917012,3794882,3006803,7600217,20333097,13048784,242364,59.98005584
2009,Septiembre,9,80194512,48690043,45564234,3125809,1988770,6415924,10416314,8835119,7853507,4416429,4045795,3581146,3226670,8699987,19159135,13265640,241006,59.95721337
2009,Octubre,10,80445906,48975482,46198564,2776918,2096441,6457833,10574590,9178414,7758074,4061161,4231229,3937263,3315613,8402269,20007302,13323486,272957,61.11366362
2009,Noviembre,11,80764742,48955731,46454577,2501154,2114828,6601964,10712586,9367796,7788580,4127085,3940866,3915700,3428805,9444130,19733073,12712139,267878,60.0861956
2009,Diciembre,12,80593354,48308904,46024280,2284624,2054056,5983368,10296573,9244934,7730329,4454596,4216351,4098129,3130258,9277025,19059375,12766475,197016,60.03270882
2010,Enero,1,80337714,47574206,44833436,2740770,2139311,6138313,10906506,9382038,7582216,3711925,3777422,3335016,3096431,7956036,19415672,12942100,245580,60.4335144
2010,Febrero,2,81162504,48015299,45479662,2535637,2096177,6405431,10836450,9757145,7659553,3763642,3368058,3689383,3079843,8504356,19878757,12918047,285161,59.62511551
2010,Marzo,3,80990709,48384357,46089007,2295350,2125380,6103753,10980674,9727796,7621201,4283080,3602466,3770037,3055589,8811182,19841908,13422928,253047,59.66253298
2010,Abril,4,80731559,48443519,45853076,2590443,2211886,6626597,10957287,9427952,7349723,3872956,3866266,3752295,3234254,8808562,19017456,12688928,258023,61.01905137
2010,Mayo,5,81538479,49308336,46845152,2463184,2216745,6523209,11105069,9833877,7823279,3964652,3884721,3710345,3489128,8546763,20526013,13281367,276917,60.16814504
2010,Junio,6,81494046,49127618,46709732,2417886,2174194,6031443,10627571,9661357,8051398,4157335,4166410,4014218,2997017,8302125,20780032,13660904,211794,59.61130755
2010,Julio,7,81017032,48782809,46058207,2724602,2231713,6032987,10340717,9630182,7882512,3905430,4471584,3794795,2917518,7547176,20164761,12967079,271739,60.37855751
2010,Agosto,8,81952121,49444786,46766962,2677824,2312697,6199188,10730278,10023321,7580659,4155159,4146198,3932159,2922777,7685551,20706518,13434477,241692,59.12808705
2010,Septiembre,9,81769573,48744235,45986482,2757753,2095939,6229509,10489102,9679350,7731700,4022033,3861596,3973192,3507488,9536670,19290677,12455360,212506,59.40622942
2010,Octubre,10,81487806,48244414,45599990,2644424,1892703,6019079,10400945,9738563,7830131,3829664,4029329,3752279,2998876,7918320,20275114,13360352,268190,60.50617774
2010,Noviembre,11,82394215,48736519,46215691,2520828,1691316,6014651,10993149,9790604,7845301,3694082,3943763,3934141,2707747,8801685,20773979,12928907,271279,59.18038529
2010,Diciembre,12,82160724,47804777,45444670,2360107,1662938,5435137,10138984,9753169,8032581,3970700,3841374,4272725,2675008,8191770,20417964,12665476,302540,59.38723947
2011,Enero,1,82004952,47912420,45355329,2557091,2025908,5628535,10470011,10003070,7589448,3772537,3735432,4156296,2723467,7324157,19909553,13548699,290362,60.15660696
2011,Febrero,2,82686617,48610520,46015455,2595065,2111947,5786072,11064786,10099374,7518337,3973098,3265208,4308580,2811098,8055479,20948003,13231334,285370,59.54635024
2011,Marzo,3,82607474,48619592,46362797,2256795,2134305,5983380,10653974,10159159,8171890,3886382,3485739,4022273,2694999,8191803,21029184,13463277,307348,59.22942268
2011,Abril,4,82410616,48718460,46218893,2499567,2320391,6048150,10286434,10248284,8065863,4053137,3433351,4083674,3041805,10367815,18321633,11730766,262218,59.29498787
2011,Mayo,5,83143968,49640136,47068398,2571738,2263560,6039025,11071147,10516524,7670156,3796858,3844141,4130547,2974226,8531056,20913273,13543739,274846,59.59726736
2011,Junio,6,82886729,49595827,46917262,2678565,2297929,5934423,10559089,9978044,7719260,3941992,3931850,4852604,2935013,8308787,21178554,13424160,354098,59.9175587
2011,Julio,7,82703605,49945076,47209525,2735551,2591909,5997258,10753212,10026536,7632886,4111891,4202259,4485483,2802158,7784918,21245210,12904748,296415,59.60204217
2011,Agosto,8,83559129,50092580,47234678,2857902,2186126,6178735,10898722,9875661,7461539,3818807,4052722,4948492,2973900,7952450,20964640,13259053,326318,60.47220222
2011,Septiembre,9,83360340,49962923,47248743,2714180,2295696,6370839,10608379,10131888,7463604,4065807,3899455,4708771,3253959,9756008,20186110,13088432,261244,59.95405211
2011,Octubre,10,83126980,50525224,48002298,2522926,2455617,6556093,10955978,9989438,7546456,3947837,4110819,4895677,3757970,8547707,21264938,13314149,294566,59.71787434
2011,Noviembre,11,83878369,50795975,48275845,2520130,2161186,6415169,11146514,10057256,7603189,3769858,4058130,5225729,3511556,9888073,20881146,12823288,345672,60.25512759
2011,Diciembre,12,83717934,50553770,48275410,2278360,2329966,6295325,10453120,9991027,7924942,4246060,4151126,5213810,3230616,8764972,20745976,13965314,270995,60.20193096
2012,Enero,1,83694184,49787717,47358204,2429513,2392834,6499637,11726180,10403148,6894428,3626513,3830877,4377421,3106676,8324350,21083982,13354261,288468,60.27885052
2012,Febrero,2,84242694,50028808,47387233,2641575,2112486,6496188,11591203,10566671,7029763,3599134,3569568,4534706,3062344,8790322,21119928,13213948,340963,60.18729348
2012,Marzo,3,84100766,50425486,48147016,2278470,2333163,6498674,11164643,10412228,7489588,4286911,3678826,4616146,3136844,8889018,21150037,14004732,287838,59.26097892
2012,Abril,4,84079292,50510159,48056383,2453776,2373260,6581270,11162911,10678449,7402886,3818913,3840824,4571130,3465592,10492415,19080090,12082104,307766,59.67612669
2012,Mayo,5,84626112,51520125,49112230,2407895,2289286,7137977,11792528,10930335,7243864,3564337,3911912,4531277,3595245,9683624,21145065,13553053,320186,60.37240215
2012,Junio,6,84425030,51896944,49431151,2465793,2273979,6817272,11528121,10397275,7374551,4059131,4279003,4975798,3574374,8914940,21626344,14246572,312113,60.25810728
2012,Julio,7,84544926,51782815,49197802,2585013,2602795,6780665,11452720,10623839,7207010,3961534,4431814,4740220,3312166,8140501,21330524,13913104,352329,60.92821179
2012,Agosto,8,85222143,52115532,49338932,2776600,2252496,6958573,11739931,10569253,7422616,3676368,3935544,5036647,3304746,8186057,21893272,13674546,341186,59.78233984
2012,Septiembre,9,84705405,51351559,48832660,2518899,2221443,6842730,11132886,10373955,7412170,3933435,4052625,5084859,3573200,8752960,21300933,14157163,329811,59.81270732
2012,Octubre,10,85085342,51280873,48701201,2579672,1983522,6555795,11277028,10598468,7175134,3911540,4261135,4922101,3345333,8664708,21689977,13839825,334817,60.87536732
2012,Noviembre,11,85449181,51491239,48892142,2599097,1904555,6758426,11537493,10584045,7431439,3609245,3873271,5098223,3248991,9869355,21349082,13222324,366052,60.12537148
2012,Diciembre,12,84984091,50686235,48458349,2227886,1762900,6042849,11033867,10719040,7403053,4028029,3962959,5268552,3136407,8496914,21059102,14524713,324198,59.29298582
2013,Enero,1,85341021,50239756,47522851,2716905,2112801,6455435,11624591,9998373,7535810,3446244,3797949,4664449,2993330,9273597,20883776,12081089,337847,60.28245443
2013,Febrero,2,85812713,51308729,48871296,2437433,2255431,6443923,12461346,9806265,8020271,3592588,3550925,4995978,3021870,8441626,22547759,13802581,324089,59.50539761
2013,Marzo,3,85434634,50723534,48453322,2270212,2138456,6133742,11724483,10269510,7830520,3689411,3338620,5467036,2906878,8691904,21950011,13843383,335416,57.6421984
2013,Abril,4,85418879,51063937,48530145,2533792,2130865,6778092,12164326,9766230,7516535,3594086,3590969,5119907,3243325,8802987,20925929,13655239,335351,60.20989634
2013,Mayo,5,85804498,52343295,49772725,2570570,2133196,6922440,12379123,9913829,7622827,3487025,4090206,5357275,3658803,9792115,21655027,13508012,363918,59.44015723
2013,Junio,6,85756317,52244359,49632384,2611975,2179666,6529429,12202037,10042650,7668569,3725475,3855526,5608698,3243226,8620541,22471690,14215880,334612,58.05051194
2013,Julio,7,85962587,52603271,49903889,2699382,2102495,6769455,12015789,10148005,7549991,3677096,4229421,5514132,3133147,7814631,22096693,14376589,261008,59.80670765
2013,Agosto,8,85822391,51836580,49149835,2686745,2070618,6720779,11777433,9759206,7654331,3633879,4025869,5578338,3212800,8320470,22075706,13598112,314543,59.11690243
2013,Septiembre,9,86130657,51784276,49037072,2747204,2083452,6767428,11538994,10311477,7610661,3583983,3860398,5364131,3459559,8938535,21627479,13627077,308833,57.3479224
2013,Octubre,10,85864526,52174907,49561057,2613850,2275500,7021110,11695012,10408380,7733174,3466949,3879787,5356645,3446780,8460604,22112317,14347807,299127,59.21762928
2013,Noviembre,11,86165926,52400963,50050978,2349985,2250259,6756812,11734086,10324594,7939014,3624768,3995223,5676481,3504872,9166106,22240217,13966026,285126,58.08228163
2013,Diciembre,12,86084437,52577641,50334389,2243252,2150627,6687260,11795087,10548990,7972229,3809156,3890833,5630834,3341603,8571698,22859926,14431389,325940,58.92273372
2014,Enero,1,86255440,51616571,49000375,2616196,1999336,6304124,12088504,11036733,7300648,3315110,3592912,5362344,3171813,8997724,21181391,13302236,256453,58.57991291
2014,Febrero,2,86358674,51362148,48967869,2394279,2021828,6321331,11654673,11181253,7521527,3496794,3520486,5271805,3212145,8530413,22638072,13696236,244416,57.39082908
2014,Marzo,3,86293619,51916339,49426376,2489963,1997889,6796598,12151625,11139763,7178445,3231780,3515863,5412302,3350069,8637386,22673854,13770609,283099,58.26233548
2014,Abril,4,86556949,51726416,49216715,2509701,2078639,6550278,11992635,11136124,7123850,3367704,3539615,5506509,3382930,10548720,20230077,12366367,280453,58.16579185
2014,Mayo,5,86721584,52080785,49506870,2573915,2125137,6607187,11923956,11019767,7393789,3369357,3551625,5641189,3302067,9836678,21944874,13327133,237522,56.99486556
2014,Junio,6,86727533,51844077,49347740,2496337,2065164,6409438,12149909,10750931,7102380,3187563,3869173,5878346,3276222,8459415,22683877,13853949,263080,57.62898767
2014,Julio,7,87059360,52631162,49752004,2879158,2069503,6633237,11319019,11104639,7181353,3363744,4132767,6017245,3333774,8003200,22847694,13780666,295823,58.56449722
2014,Agosto,8,87100861,51833513,49143898,2689615,2073833,6605644,11732994,10796708,7306728,3406302,3821269,5474253,2976242,7565415,22494981,14063999,250112,57.10160598
2014,Septiembre,9,87381817,52385807,49718215,2667592,2085193,6765854,11902964,10992411,7197602,3275257,3842264,5741863,3214521,9281971,22895038,13124610,304506,57.81822215
2014,Octubre,10,87692395,51883327,49405641,2477686,2117417,6712693,11989927,10894758,7511846,3179166,3637195,5480056,3250119,8665309,22120403,14257722,337941,58.14456086
2014,Noviembre,11,87561980,52212198,49848194,2364004,2016223,6543402,12296604,10890498,7078203,3398274,3683799,5957414,3006779,8891759,23002957,13975038,254737,56.76729833
2014,Diciembre,12,87564343,52413263,50443884,1969379,2085585,6967922,11766798,11381766,7012917,3242665,3710650,6361166,3184001,8602285,23181674,14439065,311244,58.66991527
2015,Enero,1,88263489,51972740,49627145,2345595,2242949,6450291,12691149,10167587,7707119,3364316,3489624,5757059,3059149,8471918,22554857,14113015,288340,57.46091378
2015,Febrero,2,87765425,52156035,49900197,2255838,2035010,6913998,12700465,10067193,7415923,3403643,3491072,5907903,3316575,8544661,22764068,14181607,316682,57.52237211
2015,Marzo,3,87916325,52094439,50082043,2012396,2216094,6797940,12369332,10222842,7828828,3446798,3344114,6072189,3087207,9226680,22305596,14370602,269915,58.03223523
2015,Abril,4,88377858,52318583,50061700,2256883,2147031,6740792,12890790,10412457,7029910,3098685,3764895,6124171,3291456,9971097,21529335,13371499,305659,57.88425283
2015,Mayo,5,88205550,52735392,50390707,2344685,2111190,7065064,12663749,10912827,7193251,3174092,3494468,5887256,3317002,8772482,23066270,14259445,337750,57.45683227
2015,Junio,6,88249368,53046722,50709887,2336835,2191874,6929901,12854166,10750049,7257548,3075268,3889309,5953646,3320510,8550692,23173801,14455386,359551,58.14891877
2015,Julio,7,89009007,53412745,50893073,2519672,2250915,6822906,12937673,10662432,7213672,3295119,4016719,5944552,3251802,7956998,22653848,14681891,351613,58.47888572
2015,Agosto,8,88687323,53483349,50980069,2503280,2182399,6963838,12682156,11065207,7327861,3249220,3765776,5926011,3013532,8075352,23331330,14561206,346598,57.35755085
2015,Septiembre,9,88630448,52757113,50384293,2372820,2280355,6995112,12784219,10680728,7261409,3260240,3446791,5955794,3405206,9376532,22607308,13886084,309845,57.64130103
2015,Octubre,10,89313648,53654181,51212256,2441925,2301411,7428454,12854320,11087237,7452163,3177420,3579793,5632869,3628759,8842840,22672762,15037908,326081,58.50991997
2015,Noviembre,11,89011600,54706807,52540659,2166148,2297628,8149571,12502817,10970815,7603606,3378852,3679038,6255960,3776296,9955825,22821071,14768748,376147,58.00517081
2015,Diciembre,12,89224022,53277272,51166067,2111205,2238362,7378198,12476579,10848170,7452912,3259004,3579187,6172017,3329068,10031674,21810701,13979222,418228,58.06262772
2016,Enero,1,89329446,52818939,50581334,2237605,2207687,7913329,13671485,10355502,6204818,3057079,3382038,5997083,3402249,8517771,22692315,14425429,373076,57.9563382
2016,Febrero,2,89363633,53282157,51073126,2209031,2275345,8010476,13753341,10425198,6473951,3051372,3023287,6335501,3100797,9001755,23433806,14454164,365594,57.35557091
2016,Marzo,3,89767132,52917798,50939877,1977921,2267595,7813990,13890525,10653691,6449700,2899419,3145345,6087207,3332653,10995848,20695027,13565848,382263,56.89394578
2016,Abril,4,89729922,53316730,51291250,2025480,2207099,7990645,13519766,10904893,6500386,3029854,3314947,6030759,3136578,8842092,22803012,15211021,356823,57.34487266
2016,Mayo,5,89729221,53929990,51754555,2175435,2323851,8422760,13503437,10685604,6547211,2971159,3416472,6207912,3386928,8961562,23297401,14887638,405492,57.27349216
2016,Junio,6,90128308,53449334,51348594,2100740,2313908,7680176,14093584,10525967,6519762,2926969,3449015,6153121,3138466,8540409,24140058,14508428,346961,56.81103167
2016,Julio,7,90328846,54684685,52493422,2191263,2351606,8079888,13708196,10819384,6750356,3135619,3719451,6280528,3185676,8432323,23724420,14830958,403803,57.47091321
2016,Agosto,8,89987823,54131276,51963950,2167326,2232952,7939491,13501308,11097236,6611325,3158498,3678424,5977668,3383608,8315578,22933557,15250506,438554,57.95796701
2016,Septiembre,9,90389752,53947476,51714918,2232558,2346608,7475505,13550004,11005711,6695138,3268497,3496980,6223083,3150670,9434132,23680514,14372049,361063,56.61417659
2016,Octubre,10,90573556,53922056,51942615,1979441,2297154,7662841,13627375,10910255,6742400,3242903,3416463,6340378,3287550,8642542,23993918,14936785,436916,57.76587875
2016,Noviembre,11,90213387,54168351,52264405,1903946,2347239,7523442,13633363,11422067,7089212,3131075,3362614,6102632,3415303,9754801,23367529,14524348,429603,56.97230649
2016,Diciembre,12,90986918,54025172,52203968,1821204,2420754,7144289,13486432,11380382,6944355,3236241,3513648,6498621,2912184,8771685,23958497,14683871,463521,56.74771121
2017,Enero,1,90886625,53573899,51649263,1924636,2470498,7443920,14456751,10974228,6443370,2616952,3365427,6348615,2869320,8261882,23702054,14974725,420310,57.48459373
2017,Febrero,2,90721803,53854720,52039119,1815601,2516225,7293572,14584642,11501308,6618524,2756204,2923152,6361717,3047580,8677642,24247919,14980452,407685,57.07402733
2017,Marzo,3,90838690,53912201,52193091,1719110,2310608,7589218,13957171,11303424,6777757,2702107,3085134,6778280,3051040,8932182,24327037,14762035,428367,56.80044319
2017,Abril,4,91258811,53776408,51913214,1863194,2471321,7459368,14051794,10886322,6739866,2751971,3193140,6830753,3196901,11217871,21301507,13201204,421177,56.06701215
2017,Mayo,5,91298864,54253673,52321012,1932661,2345308,7702650,13925457,10790777,6529212,2836164,3330589,7206163,3314173,9896588,23704884,14186096,504083,56.5502441
2017,Junio,6,91196153,54155697,52386589,1769108,2421368,7395710,14253338,11073015,6536410,2749275,3509946,6868895,3189745,8577248,24739579,14728207,521589,56.50333523
2017,Julio,7,91774156,54857325,52986503,1870822,2368278,7262741,13898349,10744794,6769022,2893458,3717366,7700773,3106951,8708442,24620326,14568216,534932,57.50074505
2017,Agosto,8,91447502,53933411,52031909,1901502,2235331,7178899,13644125,11199556,6743124,2660594,3176764,7428847,2962030,7815509,24417175,14722817,509714,57.24540685
2017,Septiembre,9,91660615,54199466,52249623,1949843,2329796,7595913,13563394,11170469,6480882,2593825,3451833,7393307,3462227,8907845,24111141,14364552,491681,56.83542635
2017,Octubre,10,92243493,54905452,52982789,1922663,2459700,7610947,13714167,11067284,6867182,2578909,3423846,7720454,3411590,9016140,24187540,15002029,446516,57.36909395
2017,Noviembre,11,91787701,54639895,52771640,1868255,2385573,7570076,13396018,11383108,6659607,2494958,3473373,7794500,3206958,9686983,24476449,14215727,485161,56.86128762
2017,Diciembre,12,92424442,54576878,52869789,1707089,2404360,8689238,15549458,9164018,6541989,2200786,3303305,7420995,2884882,8849029,24821107,14784868,522140,56.68706376
2018,Enero,1,92960536,54816081,52958259,1857822,2501764,8588654,15192775,9810162,6608909,2218657,3278539,7260563,3127482,9386327,23870404,14139831,474414,57.10514766
2018,Febrero,2,92313377,54620960,52870327,1750633,2388079,8811835,15382541,9556987,6686408,2338880,2849296,7244380,3057679,8757245,25360938,14466228,517409,56.48834932
2018,Marzo,3,92846680,54815555,53204181,1611374,2588800,8757846,15403823,9879257,6714437,2318721,2841829,7288268,3125187,8604709,25341883,14967540,456915,56.68863505
2018,Abril,4,93393765,55467633,53582454,1885179,2505644,8638742,15237233,9926812,6986042,2272432,3172120,7349073,3306236,9408241,24222207,14366450,447053,56.57443759
2018,Mayo,5,92746783,55710231,53915332,1794899,2593246,8900563,15195838,9533186,7043940,2483442,3359836,7398527,3306373,9745264,24411930,15126514,586895,56.78091902
2018,Junio,6,93179364,55721307,53834987,1886320,2565950,8539771,15454394,9590981,6832695,2485743,3213196,7718207,3163188,8523877,25110570,15697786,579589,56.51156747
2018,Julio,7,93599144,55910003,53965655,1944348,2635540,8263686,15172838,9845449,6893102,2316131,3708697,7765752,3129788,8128691,25090540,15179708,512633,56.92119923
2018,Agosto,8,93394213,56023858,54080657,1943201,2444918,8624016,14893716,9822390,7100770,2455304,3618336,7566125,3106167,8344122,25090413,15499035,495261,56.85735475
2018,Septiembre,9,93673207,55766618,53758812,2007806,2660238,8834073,15100431,9874903,6796795,2442230,3133440,7576940,3288877,8971227,25164803,15222755,497374,56.3099311
2018,Octubre,10,94046362,55781013,53974604,1806409,2540011,8665394,15260578,9749414,7012987,2382701,3246919,7656611,3251986,8751918,24522064,16064272,500266,55.96186495
2018,Noviembre,11,93730708,56221124,54386367,1834757,2594540,8722834,15002073,10110115,6949248,2550000,3496101,7555996,3496784,10283850,24361701,15002050,470683,57.22614824
2018,Diciembre,12,93958342,55859234,53985439,1873795,2748280,8600144,14885082,10000939,6775909,2388316,3259397,8075652,3005151,8996504,24788212,15641531,519369,56.75900681
2019,Enero,1,94086111,55725422,53737276,1988146,2521011,10105956,16866689,9644511,4638676,1787577,3236926,7456941,3039055,9653776,24088836,14291449,440493,56.58626611
2019,Febrero,2,94268094,55840282,53997870,1842412,2535976,10941810,17276000,9593476,4427344,1678125,3176242,6904873,3208408,9395028,25179808,15023021,517036,57.65248889
2019,Marzo,3,94582766,56749752,54907971,1841781,2697544,11086353,17278622,10220630,4454473,1752120,2991246,7124527,3273642,9488868,25292275,15500623,517008,56.72883997
2019,Abril,4,94174859,56211119,54243958,1967161,2522216,10517510,17297822,10197666,4336026,1668002,3101630,7125302,3472519,11393201,22545189,13870007,450747,56.44305307
2019,Mayo,5,94666931,56988752,54987230,2001522,2625435,11184122,17510593,9692970,4555711,1836501,3312747,6894586,3720445,10010886,25315603,14650238,486017,56.14497039
2019,Junio,6,95278662,57633376,55578236,2055140,2659222,10834588,17943410,9853460,4499341,2103591,3240328,7103518,3506958,9254343,25683670,15931461,504641,56.34885569
2019,Julio,7,94459713,57113253,54992489,2120764,2621281,10653116,17955009,9703380,4630480,1882408,3590659,6577437,3248381,8639244,25117111,15394783,483958,56.26278527
2019,Agosto,8,94923048,57338276,55196528,2141748,2670911,11097815,17126638,10142976,4693134,1820968,3505052,6809945,3267249,8785628,25293594,15467005,513509,56.41253196
2019,Septiembre,9,95575190,57456437,55272975,2183462,2741747,11143109,17483140,10068373,4594072,1680982,3362348,6940951,3577650,9854438,25400028,15094530,597684,56.58523899
2019,Octubre,10,94963564,57193109,55106388,2086721,2535859,11027435,17387540,9930055,4905648,2001679,3293043,6560988,3711669,9348955,25360065,15438704,463561,56.2671119
2019,Noviembre,11,95541668,57830796,55840498,1990298,2742279,11212427,17620483,10010294,5061274,2019921,3366859,6549240,3698729,10057788,25734580,14949081,569828,56.07197844
2019,Diciembre,12,96016767,57770046,56091351,1678695,2742505,10978288,17588572,10125807,4948079,2007061,3391385,7052159,3203914,9530924,26308318,15652159,540569,56.08345394
2020,Enero,1,95406712,57005481,54844566,2160915,2529033,12320312,19546323,8541483,3462537,1291602,3187234,6495075,3082746,10247542,24616324,13951169,495170,56.23939115
2020,Febrero,2,96147280,57812506,55747907,2064599,2807409,13020725,19783334,8388344,3769106,1547349,2859176,6379873,3501602,9733958,25560886,15673467,494614,56.23641799
2020,Marzo,3,96113330,57442288,55755648,1686640,2839748,12261220,20201686,8916740,3979070,1737997,2678077,5980858,3409054,9278444,25801353,15868361,441652,55.68375064
2020,Abril,4,95628637,45417952,43294807,2123145,2281263,11164082,15125268,6320770,3338178,1181033,1262712,4902764,4698096,8042135,13205007,7708287,149397,47.72405614
2020,Mayo,5,95866594,45485898,43578792,1907106, 1 960 357,11181813,14317521,5530918,3265560,1136434,2238754,5907792,4279802,10817637,14100168,7726526,248923,51.83669157
2020,Junio,6,96282311,51136700,48328185,2808515,2166562,11504087,17809805,6422508,3074880,1093615,2452855,5970435,4333829,10337292,18493740,10428354,777162,53.0271
2020,Julio,7,95782580,52615299,49780810,2834489,2481025,11413531,16764819,7000498,3749013,1193356,3245399,6414194,3638763,8991290,20701728,12415298,312014,54.9241
2020,Agosto,8,96670351,53223446,50434270,2789176,2332087,12233421,16455468,7691029,3219681,1273281,3422189,6139201,3600103,9201770,22601653,12068371,387570,55.1377
2020,Septiembre,9,96898682,53844033,51104154,2739879,2459782,11977616,17236419,7540561,3198599,1294009,3055745,6801205,3598347,9839740,22947807,12813972,366829,54.8946
2020,Octubre,10,96847099,55579750,52968794,2610956,2202745,12328638,18292208,8034394,3459004,1420173,3302898,6131479,3689597,9696998,24028858,13819202,353410,55.979
2020,Noviembre,11,97429801,55353910,52934307,2419603,2612226,12542686,18310297,7935356,3506413,1387425,3005253,6246877,4035765,9544944,23541579,13956368,297912,56.2841
2020,Diciembre,12,97379431,54928145,52839287,2088858,2459259,12287112,18174639,7956832,3389542,1354805,2975326,6701031,3803346,9273629,23965330,14148579,329108,55.8375
2021,Enero,1,97218688,54537154,51955462,2581692,2379939,13297545,18559337,7119986,3085314,1022146,3052248,5818886,3790805,9819983,22129965,13078035,346268,55.6374
2021,Febrero,2,97779435,55459583,53033517,2426066,2688048,13963370,19168286,6745196,3275294,1070655,2703152,6107564,3484139,9213483,24387438,14024708,358865,55.5085
2021,Marzo,3,97903986,55975314,53795383,2179931,2750792,14221884,19449880,6574587,3082473,1064666,2871189,6530704,3767958,9340550,24853398,14341990,374014,56.7976
2021,Abril,4,97404803,57520878,54844615,2676263,2620256,14001066,19611586,7134892,3542076,1086062,2862501,6606432,3769645,10486734,23771295,14094187,425073,55.5917