year,mass,land,co2
2002,0.0,antartica,373.45
2002,18.36,antartica,373.45
2002,-59.82,antartica,373.45
2002,45.54,antartica,373.45
2002,62.69,antartica,373.45
2002,-69.03,antartica,373.45
2002,-49.78,antartica,373.45
2003,-48.71,antartica,375.98
2003,-200.03,antartica,375.98
2003,-171.49,antartica,375.98
2003,-43.66,antartica,375.98
2003,0.79,antartica,375.98
2003,-128.94,antartica,375.98
2003,-122.41,antartica,375.98
2003,-130.92,antartica,375.98
2003,-48.06,antartica,375.98
2003,-107.58,antartica,375.98
2003,-273.11,antartica,375.98
2004,-330.1,antartica,377.7
2004,-492.09,antartica,377.7
2004,-341.11,antartica,377.7
2004,-387.35,antartica,377.7
2004,-156.34,antartica,377.7
2004,-188.78,antartica,377.7
2004,-314.2,antartica,377.7
2004,-166.62,antartica,377.7
2004,-161.46,antartica,377.7
2004,-86.66,antartica,377.7
2004,-226.76,antartica,377.7
2004,-306.2,antartica,377.7
2005,-394.82,antartica,379.98
2005,-455.93,antartica,379.98
2005,-406.3,antartica,379.98
2005,-252.4,antartica,379.98
2005,-229.58,antartica,379.98
2005,-204.32,antartica,379.98
2005,-159.57,antartica,379.98
2005,-209.74,antartica,379.98
2005,-113.49,antartica,379.98
2005,-106.44,antartica,379.98
2005,-59.57,antartica,379.98
2005,-159.45,antartica,379.98
2006,-225.42,antartica,382.09
2006,-318.67,antartica,382.09
2006,-183.93,antartica,382.09
2006,-159.74,antartica,382.09
2006,-81.8,antartica,382.09
2006,-49.42,antartica,382.09
2006,-99.44,antartica,382.09
2006,-9.77,antartica,382.09
2006,-20.96,antartica,382.09
2006,-96.87,antartica,382.09
2006,-90.26,antartica,382.09
2006,-235.42,antartica,382.09
2007,-439.73,antartica,384.02
2007,-430.64,antartica,384.02
2007,-361.94,antartica,384.02
2007,-337.37,antartica,384.02
2007,-180.68,antartica,384.02
2007,-192.32,antartica,384.02
2007,-269.11,antartica,384.02
2007,-230.89,antartica,384.02
2007,-157.65,antartica,384.02
2007,-247.34,antartica,384.02
2007,-439.28,antartica,384.02
2007,-522.29,antartica,384.02
2008,-730.82,antartica,385.83
2008,-608.65,antartica,385.83
2008,-741.92,antartica,385.83
2008,-562.89,antartica,385.83
2008,-474.55,antartica,385.83
2008,-558.74,antartica,385.83
2008,-652.36,antartica,385.83
2008,-604.35,antartica,385.83
2008,-443.4,antartica,385.83
2008,-534.35,antartica,385.83
2008,-521.05,antartica,385.83
2008,-625.21,antartica,385.83
2009,-707.96,antartica,387.64
2009,-682.17,antartica,387.64
2009,-618.06,antartica,387.64
2009,-581.04,antartica,387.64
2009,-554.58,antartica,387.64
2009,-541.18,antartica,387.64
2009,-436.87,antartica,387.64
2009,-467.57,antartica,387.64
2009,-481.49,antartica,387.64
2009,-536.95,antartica,387.64
2009,-522.19,antartica,387.64
2009,-631.98,antartica,387.64
2010,-802.8,antartica,390.1
2010,-807.91,antartica,390.1
2010,-688.73,antartica,390.1
2010,-759.48,antartica,390.1
2010,-781.57,antartica,390.1
2010,-794.03,antartica,390.1
2010,-998.2,antartica,390.1
2010,-926.99,antartica,390.1
2010,-848.6,antartica,390.1
2010,-880.17,antartica,390.1
2010,-900.94,antartica,390.1
2010,-913.35,antartica,390.1
2011,-1002.67,antartica,391.85
2011,-1018.44,antartica,391.85
2011,-1031.03,antartica,391.85
2011,-966.1,antartica,391.85
2011,-911.18,antartica,391.85
2011,-927.62,antartica,391.85
2011,-838.95,antartica,391.85
2011,-885.5,antartica,391.85
2011,-880.61,antartica,391.85
2012,-1148.87,antartica,394.06
2012,-1078.98,antartica,394.06
2012,-1142.02,antartica,394.06
2012,-1119.28,antartica,394.06
2012,-1057.82,antartica,394.06
2012,-1095.3,antartica,394.06
2012,-1062.25,antartica,394.06
2012,-983.64,antartica,394.06
2012,-948.0,antartica,394.06
2012,-1070.06,antartica,394.06
2012,-1118.53,antartica,394.06
2013,-1288.93,antartica,396.74
2013,-1396.35,antartica,396.74
2013,-1135.55,antartica,396.74
2013,-1239.5,antartica,396.74
2013,-1247.93,antartica,396.74
2013,-1209.65,antartica,396.74
2013,-1300.81,antartica,396.74
2013,-1348.46,antartica,396.74
2013,-1399.42,antartica,396.74
2014,-1505.62,antartica,398.87
2014,-1617.45,antartica,398.87
2014,-1536.31,antartica,398.87
2014,-1443.2,antartica,398.87
2014,-1486.31,antartica,398.87
2014,-1535.15,antartica,398.87
2014,-1361.99,antartica,398.87
2014,-1451.63,antartica,398.87
2014,-1527.05,antartica,398.87
2015,-1828.81,antartica,401.01
2015,-1904.79,antartica,401.01
2015,-1874.83,antartica,401.01
2015,-1853.1,antartica,401.01
2015,-1779.67,antartica,401.01
2015,-1744.64,antartica,401.01
2015,-1898.87,antartica,401.01
2015,-1851.08,antartica,401.01
2015,-1895.56,antartica,401.01
2016,-1918.31,antartica,404.41
2016,-1994.85,antartica,404.41
2016,-1929.87,antartica,404.41
2016,-1792.54,antartica,404.41
2016,-1776.07,antartica,404.41
2016,-1656.48,antartica,404.41
2016,-1601.61,antartica,404.41
2016,-1673.72,antartica,404.41
2016,-1587.41,antartica,404.41
2017,-1606.17,antartica,406.76
2017,-1930.78,antartica,406.76
2017,-1850.55,antartica,406.76
2017,-1815.38,antartica,406.76
2017,-1814.38,antartica,406.76
2018,-1983.87,antartica,408.72
2018,-1999.1,antartica,408.72
2018,-2258.2,antartica,408.72
2018,-2223.04,antartica,408.72
2018,-2276.08,antartica,408.72
2019,-2366.79,antartica,411.65
2019,-2410.11,antartica,411.65
2019,-2313.98,antartica,411.65
2019,-2133.65,antartica,411.65
2019,-2186.27,antartica,411.65
2019,-2278.3,antartica,411.65
2019,-2182.81,antartica,411.65
2019,-2228.36,antartica,411.65
2019,-2103.9,antartica,411.65
2019,-2286.92,antartica,411.65
2019,-2347.95,antartica,411.65
2019,-2394.23,antartica,411.65
2020,-2703.64,antartica,414.24
2020,-2809.35,antartica,414.24
2020,-2629.7,antartica,414.24
2020,-2537.32,antartica,414.24
2020,-2458.95,antartica,414.24
2020,-2427.17,antartica,414.24
2020,-2359.89,antartica,414.24
2020,-2252.71,antartica,414.24
2020,-2440.52,antartica,414.24
2020,-2541.14,antartica,414.24
2020,-2591.97,antartica,414.24
2020,-2750.57,antartica,414.24
2021,-3070.42,antartica,417.24
2021,-2755.94,antartica,417.24
2021,-2711.49,antartica,417.24
2002,0.0,greenland,373.45
2002,70.88,greenland,373.45
2002,-217.33,greenland,373.45
2002,-238.82,greenland,373.45
2002,-206.42,greenland,373.45
2002,-207.77,greenland,373.45
2002,-192.46,greenland,373.45
2003,-146.44,greenland,375.98
2003,-156.95,greenland,375.98
2003,-90.25,greenland,375.98
2003,-44.7,greenland,375.98
2003,-39.64,greenland,375.98
2003,-214.06,greenland,375.98
2003,-350.28,greenland,375.98
2003,-391.51,greenland,375.98
2003,-389.33,greenland,375.98
2003,-392.36,greenland,375.98
2003,-351.66,greenland,375.98
2004,-375.37,greenland,377.7
2004,-382.96,greenland,377.7
2004,-361.63,greenland,377.7
2004,-299.13,greenland,377.7
2004,-316.46,greenland,377.7
2004,-335.22,greenland,377.7
2004,-432.0,greenland,377.7
2004,-556.85,greenland,377.7
2004,-597.28,greenland,377.7
2004,-616.4,greenland,377.7
2004,-574.03,greenland,377.7
2004,-549.78,greenland,377.7
2005,-564.26,greenland,379.98
2005,-542.34,greenland,379.98
2005,-496.53,greenland,379.98
2005,-489.03,greenland,379.98
2005,-452.23,greenland,379.98
2005,-500.12,greenland,379.98
2005,-628.66,greenland,379.98
2005,-818.66,greenland,379.98
2005,-883.43,greenland,379.98
2005,-875.08,greenland,379.98
2005,-873.42,greenland,379.98
2005,-822.39,greenland,379.98
2006,-847.09,greenland,382.09
2006,-798.55,greenland,382.09
2006,-776.41,greenland,382.09
2006,-802.65,greenland,382.09
2006,-791.08,greenland,382.09
2006,-803.21,greenland,382.09
2006,-888.9,greenland,382.09
2006,-1016.55,greenland,382.09
2006,-1076.48,greenland,382.09
2006,-1062.4,greenland,382.09
2006,-1091.37,greenland,382.09
2006,-1099.89,greenland,382.09
2007,-1067.99,greenland,384.02
2007,-1026.36,greenland,384.02
2007,-1034.43,greenland,384.02
2007,-1022.13,greenland,384.02
2007,-1009.5,greenland,384.02
2007,-1029.44,greenland,384.02
2007,-1159.29,greenland,384.02
2007,-1355.84,greenland,384.02
2007,-1419.36,greenland,384.02
2007,-1446.07,greenland,384.02
2007,-1423.21,greenland,384.02
2007,-1362.32,greenland,384.02
2008,-1323.62,greenland,385.83
2008,-1342.64,greenland,385.83
2008,-1286.59,greenland,385.83
2008,-1305.7,greenland,385.83
2008,-1320.68,greenland,385.83
2008,-1323.84,greenland,385.83
2008,-1471.83,greenland,385.83
2008,-1631.63,greenland,385.83
2008,-1696.3,greenland,385.83
2008,-1684.9,greenland,385.83
2008,-1610.61,greenland,385.83
2008,-1538.28,greenland,385.83
2009,-1518.8,greenland,387.64
2009,-1565.52,greenland,387.64
2009,-1564.46,greenland,387.64
2009,-1545.55,greenland,387.64
2009,-1527.3,greenland,387.64
2009,-1534.95,greenland,387.64
2009,-1644.85,greenland,387.64
2009,-1854.62,greenland,387.64
2009,-1907.87,greenland,387.64
2009,-1880.52,greenland,387.64
2009,-1865.43,greenland,387.64
2009,-1841.3,greenland,387.64
2010,-1843.89,greenland,390.1
2010,-1824.95,greenland,390.1
2010,-1812.69,greenland,390.1
2010,-1836.98,greenland,390.1
2010,-1802.72,greenland,390.1
2010,-1910.09,greenland,390.1
2010,-2086.64,greenland,390.1
2010,-2280.29,greenland,390.1
2010,-2378.01,greenland,390.1
2010,-2342.08,greenland,390.1
2010,-2359.94,greenland,390.1
2010,-2342.74,greenland,390.1
2011,-2320.89,greenland,391.85
2011,-2305.79,greenland,391.85
2011,-2301.76,greenland,391.85
2011,-2320.94,greenland,391.85
2011,-2511.41,greenland,391.85
2011,-2705.41,greenland,391.85
2011,-2762.11,greenland,391.85
2011,-2785.37,greenland,391.85
2011,-2785.38,greenland,391.85
2012,-2724.87,greenland,394.06
2012,-2734.49,greenland,394.06
2012,-2716.28,greenland,394.06
2012,-2671.06,greenland,394.06
2012,-2659.94,greenland,394.06
2012,-2687.9,greenland,394.06
2012,-2919.45,greenland,394.06
2012,-3228.94,greenland,394.06
2012,-3330.69,greenland,394.06
2012,-3263.94,greenland,394.06
2012,-3250.39,greenland,394.06
2013,-3247.72,greenland,396.74
2013,-3238.62,greenland,396.74
2013,-3237.77,greenland,396.74
2013,-3200.43,greenland,396.74
2013,-3181.99,greenland,396.74
2013,-3294.89,greenland,396.74
2013,-3357.28,greenland,396.74
2013,-3357.2,greenland,396.74
2013,-3345.21,greenland,396.74
2014,-3331.68,greenland,398.87
2014,-3277.01,greenland,398.87
2014,-3266.38,greenland,398.87
2014,-3265.12,greenland,398.87
2014,-3305.41,greenland,398.87
2014,-3588.85,greenland,398.87
2014,-3626.96,greenland,398.87
2014,-3610.47,greenland,398.87
2014,-3606.25,greenland,398.87
2015,-3520.21,greenland,401.01
2015,-3526.48,greenland,401.01
2015,-3480.63,greenland,401.01
2015,-3472.37,greenland,401.01
2015,-3468.88,greenland,401.01
2015,-3656.2,greenland,401.01
2015,-3790.25,greenland,401.01
2015,-3827.29,greenland,401.01
2015,-3767.78,greenland,401.01
2016,-3714.17,greenland,404.41
2016,-3737.01,greenland,404.41
2016,-3735.66,greenland,404.41
2016,-3703.19,greenland,404.41
2016,-3700.72,greenland,404.41
2016,-3872.87,greenland,404.41
2016,-4127.99,greenland,404.41
2016,-4002.33,greenland,404.41
2016,-4068.1,greenland,404.41
2017,-4014.22,greenland,406.76
2017,-4008.77,greenland,406.76
2017,-3973.48,greenland,406.76
2017,-3965.87,greenland,406.76
2017,-3996.93,greenland,406.76
2018,-4043.6,greenland,408.72
2018,-4068.43,greenland,408.72
2018,-4207.99,greenland,408.72
2018,-4173.89,greenland,408.72
2018,-4185.05,greenland,408.72
2019,-4189.65,greenland,411.65
2019,-4215.53,greenland,411.65
2019,-4236.29,greenland,411.65
2019,-4220.83,greenland,411.65
2019,-4202.52,greenland,411.65
2019,-4258.24,greenland,411.65
2019,-4460.4,greenland,411.65
2019,-4689.73,greenland,411.65
2019,-4782.1,greenland,411.65
2019,-4766.56,greenland,411.65
2019,-4724.22,greenland,411.65
2019,-4728.63,greenland,411.65
2020,-4766.27,greenland,414.24
2020,-4720.57,greenland,414.24
2020,-4755.38,greenland,414.24
2020,-4745.68,greenland,414.24
2020,-4718.51,greenland,414.24
2020,-4755.96,greenland,414.24
2020,-4909.17,greenland,414.24
2020,-4990.93,greenland,414.24
2020,-4995.92,greenland,414.24
2020,-4928.99,greenland,414.24
2020,-4922.87,greenland,414.24
2020,-4900.2,greenland,414.24
2021,-4839.46,greenland,417.24
2021,-4901.41,greenland,417.24
2021,-4894.67,greenland,417.24
