country,year,gdpcap,lifexp,pop,continent
Argentina,1960,8.56634076865839,64.7428,20619075,Americas
Bolivia,1960,6.7965521419599995,46.367,3693451,Americas
Brazil,1960,7.27783070041492,56.33,72493585,Americas
Chile,1960,7.51810771532076,58.4518,7695692,Americas
Colombia,1960,7.080239882878731,60.9046,16480384,Americas
Costa Rica,1960,7.49441155912896,64.6454,1333042,Americas
Dominican Republic,1960,6.816154701885719,57.81399999999999,3294039,Americas
Ecuador,1960,6.70968367549671,56.9132,4545548,Americas
El Salvador,1960,7.27851128391542,54.0186,2762897,Americas
Guatemala,1960,6.86605429868371,45.1802,4127555,Americas
Honduras,1960,6.62166633722347,50.663999999999994,2002333,Americas
Mexico,1960,7.80626993443804,58.3878,38174114,Americas
Nicaragua,1960,7.07874532940567,49.8432,1774696,Americas
Panama,1960,7.444547641636209,63.4816,1132924,Americas
Paraguay,1960,6.496558014310441,66.4494,1902871,Americas
Peru,1960,7.40686327956143,46.688,10061519,Americas
Trinidad and Tobago,1960,8.11441818324252,63.1202,848481,Americas
Uruguay,1960,8.33857320072575,67.6094,2538651,Americas
Venezuela,1960,8.60106901671426,61.4778,8146845,Americas
Argentina,1961,8.603059578104581,64.85582,20953079,Americas
Bolivia,1961,6.79495218156162,46.7687,3764815,Americas
Brazil,1961,7.34563242694939,56.8477,74706888,Americas
Chile,1961,7.532414328152409,58.87432,7873504,Americas
Colombia,1961,7.10184161193657,61.53954,16982313,Americas
Costa Rica,1961,7.44988350349473,65.29056,1381920,Americas
Dominican Republic,1961,6.759333220525759,58.6957,3406299,Americas
Ecuador,1961,6.69592547283242,57.64338000000001,4676858,Americas
El Salvador,1961,7.28257519873834,54.81364,2843246,Americas
Guatemala,1961,6.8809522978021205,45.74238,4240084,Americas
Honduras,1961,6.607303207933099,51.4518,2069085,Americas
Mexico,1961,7.8226843085604,59.011419999999994,39394125,Americas
Nicaragua,1961,7.11911842904541,50.56158,1830400,Americas
Panama,1961,7.517554991324579,64.06324000000001,1167041,Americas
Paraguay,1961,6.53838778925902,66.73566,1953331,Americas
Peru,1961,7.44929497779334,47.2039,10350239,Americas
Trinidad and Tobago,1961,8.22800497249509,63.72458,865356,Americas
Uruguay,1961,8.350264641346,67.82906,2571691,Americas
Venezuela,1961,8.59479030669579,62.10981999999999,8461684,Americas
Argentina,1962,8.578585324549909,64.94084000000001,21287682,Americas
Bolivia,1962,6.826887968066781,47.1734,3838096,Americas
Brazil,1962,7.36620834595585,57.3524,77007549,Americas
Chile,1962,7.55764661916206,59.32584,8054166,Americas
Colombia,1962,7.12535058963491,62.13548,17500166,Americas
Costa Rica,1962,7.493034908896611,65.92772,1432583,Americas
Dominican Republic,1962,6.88365590901606,59.5654,3521276,Americas
Ecuador,1962,6.711093808813731,58.33056,4812892,Americas
El Salvador,1962,7.36378469653288,55.57068,2927861,Americas
Guatemala,1962,6.88853248200786,46.31756,4356579,Americas
Honduras,1962,6.6300312874525,52.2336,2139208,Americas
Mexico,1962,7.83646380155972,59.56904,40649590,Americas
Nicaragua,1962,7.19937829619987,51.28396,1886560,Americas
Panama,1962,7.56878349087945,64.62788,1202372,Americas
Paraguay,1962,6.52530210239863,67.00591999999999,2005337,Americas
Peru,1962,7.500529204577121,47.6978,10650672,Americas
Trinidad and Tobago,1962,8.24267653779307,64.24296,880019,Americas
Uruguay,1962,8.32195452100046,68.01572,2603887,Americas
Venezuela,1962,8.63944422800735,62.73884,8790590,Americas
Argentina,1963,8.50839793065669,65.01086,21621845,Americas
Bolivia,1963,6.86673364828591,47.5811,3913397,Americas
Brazil,1963,7.344806075556999,57.8411,79368453,Americas
Chile,1963,7.5919779604036,59.807359999999996,8237555,Americas
Colombia,1963,7.12432769399269,62.70142,18033548,Americas
Costa Rica,1963,7.50495653059209,66.55388,1484512,Americas
Dominican Republic,1963,6.914017965359241,60.4211,3638628,Americas
Ecuador,1963,6.719457096166691,58.965740000000004,4953735,Americas
El Salvador,1963,7.37382017659842,56.28272,3015885,Americas
Guatemala,1963,6.952518519299611,46.901740000000004,4476923,Americas
Honduras,1963,6.63211822542425,53.0014,2211144,Americas
Mexico,1963,7.883234867396049,60.064659999999996,41939880,Americas
Nicaragua,1963,7.264257066030081,52.00934,1943591,Americas
Panama,1963,7.62051299437008,65.17352,1238824,Americas
Paraguay,1963,6.536748201206679,67.25118,2058916,Americas
Peru,1963,7.50802923050969,48.1677,10961539,Americas
Trinidad and Tobago,1963,8.28788120159276,64.65734,892571,Americas
Uruguay,1963,8.311736225011769,68.16038,2635128,Americas
Venezuela,1963,8.64118272878807,63.36486,9130346,Americas
Argentina,1964,8.589600120344501,65.08088000000001,21953926,Americas
Bolivia,1964,6.89102548198147,47.9918,3990855,Americas
Brazil,1964,7.34962673401222,58.3118,81751802,Americas
Chile,1964,7.594042490667531,60.31888000000001,8423614,Americas
Colombia,1964,7.15874523596126,63.24536,18581972,Americas
Costa Rica,1964,7.51188912433432,67.16904,1537035,Americas
Dominican Republic,1964,6.947393114743071,61.2638,3757962,Americas
Ecuador,1964,6.7648737276028506,59.54792,5099470,Americas
El Salvador,1964,7.43122586022786,56.94676,3106186,Americas
Guatemala,1964,6.97072186214733,47.49592,4600846,Americas
Honduras,1964,6.65295572789541,53.7522,2282764,Americas
Mexico,1964,7.96518283234751,60.511280000000006,43264267,Americas
Nicaragua,1964,7.33981067827433,52.737719999999996,2002119,Americas
Panama,1964,7.635582704873809,65.70215999999999,1276274,Americas
Paraguay,1964,6.54824691698873,67.47144,2114095,Americas
Peru,1964,7.5430218516298195,48.6216,11281015,Americas
Trinidad and Tobago,1964,8.35193194944972,64.96672,903272,Americas
Uruguay,1964,8.3244365925364,68.26404000000001,2665387,Americas
Venezuela,1964,8.711137784262169,63.981880000000004,9476255,Americas
Argentina,1965,8.675155721986199,65.1669,22283389,Americas
Bolivia,1965,6.92302520989778,48.4005,4070590,Americas
Brazil,1965,7.35125357811051,58.7665,84130061,Americas
Chile,1965,7.574985414615299,60.8564,8612074,Americas
Colombia,1965,7.15912477730222,63.7713,19144220,Americas
Costa Rica,1965,7.5734806669130705,67.7692,1589625,Americas
Dominican Republic,1965,6.782618669076131,62.0915,3878952,Americas
Ecuador,1965,6.76624806053833,60.0811,5250120,Americas
El Salvador,1965,7.45262929034289,57.5608,3197865,Americas
Guatemala,1965,6.98640198469821,48.1081,4728203,Americas
Honduras,1965,6.7092765684092495,54.483000000000004,2352637,Americas
Mexico,1965,7.998853181233879,60.9219,44623041,Americas
Nicaragua,1965,7.3961061068032805,53.4711,2062633,Americas
Panama,1965,7.6936461496365,66.2168,1314627,Americas
Paraguay,1965,6.5738113674317,67.6707,2170853,Americas
Peru,1965,7.56258771247756,49.0825,11607684,Americas
Trinidad and Tobago,1965,8.3470298399891,65.1781,912419,Americas
Uruguay,1965,8.32396578771141,68.3267,2694535,Americas
Venezuela,1965,8.717411709570731,64.5899,9824694,Americas
Argentina,1966,8.65404864377764,65.28192,22608747,Americas
Bolivia,1966,6.96309383933724,48.8002,4152665,Americas
Brazil,1966,7.364496505697019,59.2062,86494987,Americas
Chile,1966,7.64822638216169,61.41591999999999,8802926,Americas
Colombia,1966,7.1818603169618,64.27524,19721464,Americas
Costa Rica,1966,7.618601832430941,68.35336,1642189,Americas
Dominican Republic,1966,6.87814230365126,62.9052,4001377,Americas
Ecuador,1966,6.735474813278951,60.57428,5405692,Americas
El Salvador,1966,7.49198272236339,58.12484,3290397,Americas
Guatemala,1966,7.01315876861657,48.75028,4858880,Americas
Honduras,1966,6.73323530855837,55.1948,2420234,Americas
Mexico,1966,8.02880327762722,61.314519999999995,46010959,Americas
Nicaragua,1966,7.39854548511038,54.212480000000006,2125233,Americas
Panama,1966,7.736714002397161,66.72444,1353805,Americas
Paraguay,1966,6.5585734583441795,67.85996,2229373,Americas
Peru,1966,7.61489691722613,49.5804,11941327,Americas
Trinidad and Tobago,1966,8.37189804482202,65.31148,919902,Americas
Uruguay,1966,8.34367470873695,68.35536,2722874,Americas
Venezuela,1966,8.69898076616715,65.18491999999999,10175143,Americas
Argentina,1967,8.671295693797271,65.43094,22932201,Americas
Bolivia,1967,7.006874135650739,49.1919,4237126,Americas
Brazil,1967,7.3859359616892695,59.6349,88853679,Americas
Chile,1967,7.662963238297159,61.99044,8995410,Americas
Colombia,1967,7.19407099739724,64.75618,20311369,Americas
Costa Rica,1967,7.64425433632982,68.92452,1694711,Americas
Dominican Republic,1967,6.88075535025646,63.7059,4125107,Americas
Ecuador,1967,6.77320047713872,61.04846,5566057,Americas
El Salvador,1967,7.5161040582962,58.639880000000005,3383674,Americas
Guatemala,1967,7.02666373356145,49.42846,4993104,Americas
Honduras,1967,6.764300687934071,55.8946,2486288,Americas
Mexico,1967,8.05708215575295,61.70514,47429553,Americas
Nicaragua,1967,7.43582024882063,54.961859999999994,2189880,Americas
Panama,1967,7.7894909517601105,67.23108,1393800,Americas
Paraguay,1967,6.61345381474962,68.05122,2289579,Americas
Peru,1967,7.6239354010058,50.1373,12282081,Americas
Trinidad and Tobago,1967,8.37506823913096,65.40386,925918,Americas
Uruguay,1967,8.296475499075429,68.36402,2750093,Americas
Venezuela,1967,8.69435194735963,65.76694,10528054,Americas
Argentina,1968,8.70419118577786,65.61796,23261273,Americas
Bolivia,1968,6.85388430354328,49.5816,4324066,Americas
Brazil,1968,7.468350886166429,60.0586,91213009,Americas
Chile,1968,7.67971129476954,62.578959999999995,9187592,Americas
Colombia,1968,7.22814396160128,65.21512,20905061,Americas
Costa Rica,1968,7.696801244720629,69.48468000000001,1746870,Americas
Dominican Republic,1968,6.853683624524259,64.4896,4250026,Americas
Ecuador,1968,6.76636568328269,61.52064,5730908,Americas
El Salvador,1968,7.5199630675923395,59.109919999999995,3477702,Americas
Guatemala,1968,7.08391828661564,50.137640000000005,5131461,Americas
Honduras,1968,6.80197556647359,56.5914,2552200,Americas
Mexico,1968,8.11871068530211,62.10876,48893607,Americas
Nicaragua,1968,7.418967548590991,55.714240000000004,2256779,Americas
Panama,1968,7.827258725756639,67.74372,1434660,Americas
Paraguay,1968,6.617832009055821,68.25448,2350900,Americas
Peru,1968,7.599644206273349,50.7642,12629333,Americas
Trinidad and Tobago,1968,8.408216523353321,65.48624000000001,931466,Americas
Uruguay,1968,8.30625643584613,68.36768000000001,2774771,Americas
Venezuela,1968,8.732937379799731,66.33196,10881995,Americas
Argentina,1969,8.78191839912414,65.84198,23605992,Americas
Bolivia,1969,6.860854836403611,49.9783,4413584,Americas
Brazil,1969,7.53604959300317,60.4783,93585746,Americas
Chile,1969,7.69451416821514,63.18148000000001,9377005,Americas
Colombia,1969,7.2641199252835404,65.66105999999999,21490948,Americas
Costa Rica,1969,7.72441511177356,70.04084,1798315,Americas
Dominican Republic,1969,6.92825802094476,65.2563,4376056,Americas
Ecuador,1969,6.789675945433871,62.001819999999995,5899842,Americas
El Salvador,1969,7.52679590884889,59.53196,3572667,Americas
Guatemala,1969,7.103336994980411,50.86782,5274726,Americas
Honduras,1969,6.78225538699454,57.2902,2620014,Americas
Mexico,1969,8.1235981615536,62.537380000000006,50423127,Americas
Nicaragua,1969,7.44916205890679,56.46362,2326136,Americas
Panama,1969,7.880246953533651,68.26536,1476478,Americas
Paraguay,1969,6.63215533108655,68.47174,2412565,Americas
Peru,1969,7.609095932677571,51.4571,12982444,Americas
Trinidad and Tobago,1969,8.41894084718777,65.57961999999999,937846,Americas
Uruguay,1969,8.35597000184949,68.37734,2795044,Americas
Venezuela,1969,8.70751318790387,66.87798000000001,11235492,Americas
Argentina,1970,8.79652563296535,66.1,23973062,Americas
Bolivia,1970,6.83205951766579,50.4,4505774,Americas
Brazil,1970,7.59534782307309,60.9,95982453,Americas
Chile,1970,7.69682675755539,63.8,9561868,Americas
Colombia,1970,7.3054223089587405,66.1,22061214,Americas
Costa Rica,1970,7.77130314297614,70.6,1848873,Americas
Dominican Republic,1970,7.067520684409599,66.0,4503114,Americas
Ecuador,1970,6.833451601525541,62.5,6072520,Americas
El Salvador,1970,7.5291347103907,59.9,3668592,Americas
Guatemala,1970,7.131853189950269,51.6,5423384,Americas
Honduras,1970,6.791040741116119,58.0,2691309,Americas
Mexico,1970,8.157288757713191,63.0,52029859,Americas
Nicaragua,1970,7.43216998234767,57.2,2398095,Americas
Panama,1970,7.913802599435481,68.8,1519293,Americas
Paraguay,1970,6.65444911433915,68.7,2474102,Americas
Peru,1970,7.63798512668381,52.2,13341071,Americas
Trinidad and Tobago,1970,8.44026001397191,65.7,945996,Americas
Uruguay,1970,8.37377201385875,68.4,2809799,Americas
Venezuela,1970,8.74873548395609,67.4,11587758,Americas
Argentina,1971,8.83532081045692,66.4,24366442,Americas
Bolivia,1971,6.85732070852248,51.1,4600596,Americas
Brazil,1971,7.67802692945263,61.2,98402200,Americas
Chile,1971,7.765023669452731,64.0,9741579,Americas
Colombia,1971,7.3386008788099195,66.3,22611988,Americas
Costa Rica,1971,7.812652359825491,71.1,1898366,Americas
Dominican Republic,1971,7.143166013391251,66.2,4631114,Americas
Ecuador,1971,6.866643828198461,62.8,6248831,Americas
El Salvador,1971,7.540429785899691,60.9,3765252,Americas
Guatemala,1971,7.15901533545159,53.5,5577824,Americas
Honduras,1971,6.802727011346049,58.8,2766444,Americas
Mexico,1971,8.16433549536465,63.8,53719547,Americas
Nicaragua,1971,7.434164915365599,58.3,2472656,Americas
Panama,1971,7.97808378430987,69.5,1563113,Americas
Paraguay,1971,6.68282864830134,68.9,2535355,Americas
Peru,1971,7.65108587364031,61.7,13704333,Americas
Trinidad and Tobago,1971,8.44030692028476,65.8,956364,Americas
Uruguay,1971,8.36824462845187,68.5,2818269,Americas
Venezuela,1971,8.72979170158096,67.5,11937803,Americas
Argentina,1972,8.83455698899113,67.0,24782950,Americas
Bolivia,1972,6.9096361600158795,51.8,4698090,Americas
Brazil,1972,7.76790358980319,61.6,100844391,Americas
Chile,1972,7.7392151365872195,63.8,9916558,Americas
Colombia,1972,7.38901712908823,66.1,23146803,Americas
Costa Rica,1972,7.8680086038901695,71.7,1947048,Americas
Dominican Republic,1972,7.215101301467791,66.5,4759935,Americas
Ecuador,1972,6.8823347780328,63.2,6428707,Americas
El Salvador,1972,7.5738561940199505,61.7,3862132,Americas
Guatemala,1972,7.202530358478089,55.3,5737720,Americas
Honduras,1972,6.83074175535283,59.7,2845260,Americas
Mexico,1972,8.21320029049284,64.2,55480125,Americas
Nicaragua,1972,7.425575532589741,52.6,2549779,Americas
Panama,1972,7.99559434397697,70.1,1607835,Americas
Paraguay,1972,6.72117747661208,69.1,2596741,Americas
Peru,1972,7.6515797538655494,62.6,14072476,Americas
Trinidad and Tobago,1972,8.48848504621538,65.9,968742,Americas
Uruguay,1972,8.35384125412261,68.5,2821437,Americas
Venezuela,1972,8.70853442072266,67.4,12286434,Americas
Argentina,1973,8.84508135219699,67.5,25213388,Americas
Bolivia,1973,6.9410049170416395,52.5,4798510,Americas
Brazil,1973,7.87508805668357,62.1,103320787,Americas
Chile,1973,7.67160588852435,64.8,10087377,Americas
Colombia,1973,7.43132213521173,65.9,23674505,Americas
Costa Rica,1973,7.9193438909486105,72.2,1995744,Americas
Dominican Republic,1973,7.3100516679985,66.9,4889437,Americas
Ecuador,1973,7.00303990664183,63.7,6611916,Americas
El Salvador,1973,7.59620594817766,62.3,3958616,Americas
Guatemala,1973,7.241091566508009,56.1,5901980,Americas
Honduras,1973,6.87787454311952,58.9,2928190,Americas
Mexico,1973,8.25864639645115,64.5,57283361,Americas
Nicaragua,1973,7.4571931898863,60.5,2629503,Americas
Panama,1973,8.02145665265888,70.8,1653257,Americas
Paraguay,1973,6.76679640219169,69.3,2659084,Americas
Peru,1973,7.6762313523187995,63.2,14447649,Americas
Trinidad and Tobago,1973,8.49803759629758,66.1,982594,Americas
Uruguay,1973,8.35636508555255,68.7,2822084,Americas
Venezuela,1973,8.74284596192523,67.5,12636971,Americas
Argentina,1974,8.88196245176953,67.7,25644505,Americas
Bolivia,1974,6.9455951969687,53.2,4902173,Americas
Brazil,1974,7.9380945320192895,62.6,105846274,Americas
Chile,1974,7.680071268708299,66.1,10255074,Americas
Colombia,1974,7.46455400959203,66.1,24208022,Americas
Costa Rica,1974,7.949909381652371,72.9,2045580,Americas
Dominican Republic,1974,7.34260642359964,67.2,5019471,Americas
Ecuador,1974,7.05434941303948,64.4,6798205,Americas
El Salvador,1974,7.624163122992231,62.8,4053958,Americas
Guatemala,1974,7.2763370688466,56.5,6069077,Americas
Honduras,1974,6.83622718718109,56.9,3015606,Americas
Mexico,1974,8.284952330277951,64.9,59090495,Americas
Nicaragua,1974,7.5593169335016395,61.6,2711847,Americas
Panama,1974,8.01921513573928,71.4,1699114,Americas
Paraguay,1974,6.82191497547276,69.5,2723523,Americas
Peru,1974,7.73712028198058,64.0,14832839,Americas
Trinidad and Tobago,1974,8.528075253815299,66.4,997052,Americas
Uruguay,1974,8.38421319645836,68.9,2824069,Americas
Venezuela,1974,8.72861400005262,68.1,12994025,Americas
Argentina,1975,8.865263720482,67.9,26066975,Americas
Bolivia,1975,6.99194331643029,54.0,5009259,Americas
Brazil,1975,7.96530716693572,63.1,108431284,Americas
Chile,1975,7.54408886736196,67.2,10420590,Americas
Colombia,1975,7.46403504744436,66.5,24756969,Americas
Costa Rica,1975,7.946294143292411,73.6,2097410,Americas
Dominican Republic,1975,7.36810262035858,67.6,5149934,Americas
Ecuador,1975,7.10551018246964,65.1,6987393,Americas
El Salvador,1975,7.6302175714139295,63.5,4147525,Americas
Guatemala,1975,7.26979376736579,56.2,6237963,Americas
Honduras,1975,6.8273417844173006,62.5,3107735,Americas
Mexico,1975,8.31161889660481,65.4,60872399,Americas
Nicaragua,1975,7.52722168412684,62.5,2796748,Americas
Panama,1975,8.00902251947788,72.0,1745207,Americas
Paraguay,1975,6.858674615026731,69.9,2790964,Americas
Peru,1975,7.7431664752065394,64.8,15229951,Americas
Trinidad and Tobago,1975,8.533816586579889,66.6,1011487,Americas
Uruguay,1975,8.44125010123219,69.1,2830172,Americas
Venezuela,1975,8.722215667313112,68.4,13360988,Americas
Argentina,1976,8.82912500630832,67.9,26477153,Americas
Bolivia,1976,7.0129992602500995,54.8,5119833,Americas
Brazil,1976,8.03514382041411,63.4,111076063,Americas
Chile,1976,7.563034046818269,67.4,10584237,Americas
Colombia,1976,7.4881143676081505,67.2,25323412,Americas
Costa Rica,1976,7.974485456221481,74.1,2151492,Americas
Dominican Republic,1976,7.40867987756542,68.0,5280727,Americas
Ecuador,1976,7.15041536726083,65.8,7179399,Americas
El Salvador,1976,7.65796153989307,64.2,4239205,Americas
Guatemala,1976,7.315985208114389,55.7,6408029,Americas
Honduras,1976,6.89653918470433,63.1,3204883,Americas
Mexico,1976,8.3262862833365,65.7,62620087,Americas
Nicaragua,1976,7.5475200945653,63.3,2884156,Americas
Panama,1976,7.9997182183111395,72.5,1791459,Americas
Paraguay,1976,6.901506116878919,70.2,2861582,Americas
Peru,1976,7.7353611422877,65.4,15639898,Americas
Trinidad and Tobago,1976,8.58526328962552,66.7,1025655,Americas
Uruguay,1976,8.4758959871267,69.3,2841436,Americas
Venezuela,1976,8.76141368824796,68.6,13739142,Americas
Argentina,1977,8.880942159680892,68.4,26878567,Americas
Bolivia,1977,7.03763006586504,55.5,5233677,Americas
Brazil,1977,8.05665519799385,64.1,113776467,Americas
Chile,1977,7.632515334711241,68.0,10746328,Americas
Colombia,1977,7.50568668103181,67.9,25905124,Americas
Costa Rica,1977,8.03334673351496,74.6,2207727,Americas
Dominican Republic,1977,7.433301999734111,68.5,5411867,Americas
Ecuador,1977,7.1447670816104605,66.3,7374235,Americas
El Salvador,1977,7.70321896625206,64.4,4328817,Americas
Guatemala,1977,7.3667363271698605,58.5,6579710,Americas
Honduras,1977,6.96409848885583,63.9,3306988,Americas
Mexico,1977,8.33171943317142,66.0,64337694,Americas
Nicaragua,1977,7.59758889273826,64.0,2973805,Americas
Panama,1977,7.98600257879844,73.1,1837887,Americas
Paraguay,1977,6.979838172762361,70.5,2935375,Americas
Peru,1977,7.7123920028781,65.7,16061327,Americas
Trinidad and Tobago,1977,8.6605727673008,67.0,1039757,Americas
Uruguay,1977,8.48486717634447,69.2,2857107,Americas
Venezuela,1977,8.78692418966998,69.2,14127790,Americas
Argentina,1978,8.81993315370843,69.2,27277742,Americas
Bolivia,1978,7.034385565155,56.3,5350320,Americas
Brazil,1978,8.064970204043009,64.6,116532153,Americas
Chile,1978,7.690834056577341,68.6,10907901,Americas
Colombia,1978,7.56384768201581,68.5,26502172,Americas
Costa Rica,1978,8.066992455819591,74.9,2266153,Americas
Dominican Republic,1978,7.430914531684881,68.9,5543520,Americas
Ecuador,1978,7.18228482770684,66.7,7571953,Americas
El Salvador,1978,7.73593072048753,64.5,4415625,Americas
Guatemala,1978,7.39141039804221,59.9,6754258,Americas
Honduras,1978,7.02790884759268,64.7,3413426,Americas
Mexico,1978,8.39059148495909,66.5,66025613,Americas
Nicaragua,1978,7.4860233179386695,62.9,3065118,Americas
Panama,1978,8.05422495501386,73.5,1884512,Americas
Paraguay,1978,7.06129296725417,70.8,3012833,Americas
Peru,1978,7.68859846128936,65.8,16491087,Americas
Trinidad and Tobago,1978,8.74264394405335,67.5,1054109,Americas
Uruguay,1978,8.53065496951995,69.7,2875970,Americas
Venezuela,1978,8.77538517756148,69.8,14525929,Americas
Argentina,1979,8.90240442681632,69.9,27684530,Americas
Bolivia,1979,7.012649608291991,57.0,5469123,Americas
Brazil,1979,8.10697760533375,65.0,119341444,Americas
Chile,1979,7.76022477480825,69.0,11070198,Americas
Colombia,1979,7.593328437414559,68.9,27113510,Americas
Costa Rica,1979,8.08766814448994,75.2,2326708,Americas
Dominican Republic,1979,7.45194929926185,69.1,5675930,Americas
Ecuador,1979,7.2050187793497695,67.2,7772652,Americas
El Salvador,1979,7.67529506943264,64.2,4498757,Americas
Guatemala,1979,7.41337802321352,60.1,6933492,Americas
Honduras,1979,7.04194582993907,65.6,3523283,Americas
Mexico,1979,8.45764875462734,66.7,67688533,Americas
Nicaragua,1979,7.14905687542006,60.3,3157356,Americas
Panama,1979,8.0741751903851,73.8,1931393,Americas
Paraguay,1979,7.141986570292049,71.1,3094479,Americas
Peru,1979,7.71886544167379,65.9,16924758,Americas
Trinidad and Tobago,1979,8.763252094273959,67.8,1069199,Americas
Uruguay,1979,8.58387331512259,70.1,2896021,Americas
Venezuela,1979,8.749585873186211,70.1,14931741,Americas
Argentina,1980,8.92806834055933,70.2,28105889,Americas
Bolivia,1980,6.976349306674809,57.4,5589572,Americas
Brazil,1980,8.170764395958459,65.3,122199721,Americas
Chile,1980,7.8241530959224805,69.7,11234340,Americas
Colombia,1980,7.6107808719676,69.4,27737905,Americas
Costa Rica,1980,8.06747515548648,75.4,2389309,Americas
Dominican Republic,1980,7.505531801458981,69.4,5809271,Americas
Ecuador,1980,7.220752181382519,67.7,7976449,Americas
El Salvador,1980,7.53330738871217,59.1,4577683,Americas
Guatemala,1980,7.42596702268209,60.1,7118628,Americas
Honduras,1980,7.01727498540204,66.3,3635862,Americas
Mexico,1980,8.52207023965894,67.0,69330974,Americas
Nicaragua,1980,7.165485012119321,65.8,3249910,Americas
Panama,1980,8.06158828507218,74.3,1978575,Americas
Paraguay,1980,7.25239883709312,71.4,3180628,Americas
Peru,1980,7.72373788944345,65.9,17359118,Americas
Trinidad and Tobago,1980,8.84615957489553,67.9,1085308,Americas
Uruguay,1980,8.633881953729428,70.4,2915775,Americas
Venezuela,1980,8.672705339453481,70.2,15343917,Americas
Argentina,1981,8.854302188119851,70.3,28543366,Americas
Bolivia,1981,6.95722727255782,58.0,5711598,Americas
Brazil,1981,8.10247723293239,66.4,125107382,Americas
Chile,1981,7.855378508683961,70.5,11400489,Americas
Colombia,1981,7.6106886516777,69.7,28375995,Americas
Costa Rica,1981,8.01680679085726,75.8,2454127,Americas
Dominican Republic,1981,7.524516349941139,69.6,5943591,Americas
Ecuador,1981,7.22643786391164,68.2,8183194,Americas
El Salvador,1981,7.407324559960519,61.1,4652058,Americas
Guatemala,1981,7.40778568287073,57.4,7310397,Americas
Honduras,1981,7.0112717133667894,66.8,3750843,Americas
Mexico,1981,8.58398704512825,67.5,70950741,Americas
Nicaragua,1981,7.18971927535247,66.2,3342666,Americas
Panama,1981,8.126765713663628,74.6,2026057,Americas
Paraguay,1981,7.30564610113876,71.8,3271454,Americas
Peru,1981,7.7683329891102,66.1,17792551,Americas
Trinidad and Tobago,1981,8.87356779573754,68.1,1102562,Americas
Uruguay,1981,8.64278429695766,70.9,2935036,Americas
Venezuela,1981,8.63417584551941,70.3,15761800,Americas
Argentina,1982,8.788188956457091,70.7,28993989,Americas
Bolivia,1982,6.89566499060729,58.4,5835186,Americas
Brazil,1982,8.08504723973576,67.0,128054757,Americas
Chile,1982,7.73078464264341,70.9,11569135,Americas
Colombia,1982,7.59787287297565,70.0,29027158,Americas
Costa Rica,1982,7.913262504355121,76.2,2521163,Americas
Dominican Republic,1982,7.518631319130651,69.8,6078816,Americas
Ecuador,1982,7.193699874644929,68.7,8392935,Americas
El Salvador,1982,7.3276127727071705,63.9,4722272,Americas
Guatemala,1982,7.3470330363253895,58.3,7508161,Americas
Honduras,1982,6.96653591747055,67.0,3868296,Americas
Mexico,1982,8.556993522520111,68.2,72547995,Americas
Nicaragua,1982,7.154159385787129,66.7,3435527,Americas
Panama,1982,8.156524871698482,74.8,2073826,Americas
Paraguay,1982,7.238414765687209,72.2,3366726,Americas
Peru,1982,7.7382101230720695,66.2,18225727,Americas
Trinidad and Tobago,1982,8.89471475424733,68.2,1120610,Americas
Uruguay,1982,8.53358288421271,71.5,2954281,Americas
Venezuela,1982,8.583045896885169,70.8,16185895,Americas
Argentina,1983,8.810915513773661,70.8,29454739,Americas
Bolivia,1983,6.83327716861264,58.8,5959962,Americas
Brazil,1983,8.02752667092199,67.0,131014337,Americas
Chile,1983,7.67607682543155,70.9,11742057,Americas
Colombia,1983,7.59159354674636,70.3,29687096,Americas
Costa Rica,1983,7.91362594264956,76.3,2589932,Americas
Dominican Republic,1983,7.54137616790267,70.1,6214857,Americas
Ecuador,1983,7.14142641628788,69.1,8606214,Americas
El Salvador,1983,7.329044450255151,64.7,4789472,Americas
Guatemala,1983,7.296195095823389,61.6,7710142,Americas
Honduras,1983,6.926778122914519,67.3,3988371,Americas
Mexico,1983,8.494338512156169,68.9,74133377,Americas
Nicaragua,1983,7.172783106859191,65.2,3527935,Americas
Panama,1983,8.088703614993559,74.9,2121921,Americas
Paraguay,1983,7.178015758434429,72.4,3465796,Americas
Peru,1983,7.58908383138289,66.3,18660443,Americas
Trinidad and Tobago,1983,8.77994796547109,68.3,1138673,Americas
Uruguay,1983,8.41869971160444,71.9,2973461,Americas
Venezuela,1983,8.51552955914715,71.4,16617343,Americas
Argentina,1984,8.817567393592679,71.0,29920907,Americas
Bolivia,1984,6.8100826597941,59.3,6085499,Americas
Brazil,1984,8.05673288173056,67.1,133950551,Americas
Chile,1984,7.7363871234770505,71.2,11921407,Americas
Colombia,1984,7.60289647666787,70.4,30350082,Americas
Costa Rica,1984,7.94611527115797,76.4,2659772,Americas
Dominican Republic,1984,7.531625356236519,70.3,6351572,Americas
Ecuador,1984,7.15284858850335,69.5,8823746,Americas
El Salvador,1984,7.328997610891791,66.8,4855280,Americas
Guatemala,1984,7.276688862825151,62.6,7913814,Americas
Honduras,1984,6.93902667312395,67.4,4111369,Americas
Mexico,1984,8.51019554550131,69.5,75721210,Americas
Nicaragua,1984,7.13168974623986,64.6,3619252,Americas
Panama,1984,8.09395366429023,75.1,2170390,Americas
Paraguay,1984,7.1787609098332,72.8,3567750,Americas
Peru,1984,7.61661626939785,66.5,19099575,Americas
Trinidad and Tobago,1984,8.704271229695589,68.3,1155701,Americas
Uruguay,1984,8.400770858384,71.9,2992648,Americas
Venezuela,1984,8.5017459594927,71.9,17057786,Americas
Argentina,1985,8.7235820360575,71.9,30388781,Americas
Bolivia,1985,6.771717789174839,59.8,6211549,Americas
Brazil,1985,8.11192795383263,67.4,136836428,Americas
Chile,1985,7.7885833688992,71.8,12108576,Americas
Colombia,1985,7.61194722395756,70.3,31011686,Americas
Costa Rica,1985,7.92908830976854,76.3,2730231,Americas
Dominican Republic,1985,7.48830524760319,70.5,6488857,Americas
Ecuador,1985,7.15580671961546,70.0,9045977,Americas
El Salvador,1985,7.32204957220264,67.8,4920932,Americas
Guatemala,1985,7.2466088479794095,62.8,8117499,Americas
Honduras,1985,6.94992042898507,67.6,4237436,Americas
Mexico,1985,8.51588600662234,69.7,77322643,Americas
Nicaragua,1985,7.065989230610981,64.9,3709091,Americas
Panama,1985,8.12101445279757,75.1,2219276,Americas
Paraguay,1985,7.1886197369742,73.1,3671826,Americas
Peru,1985,7.621388099120491,67.2,19544950,Americas
Trinidad and Tobago,1985,8.648574214051571,68.5,1170935,Americas
Uruguay,1985,8.40890277021844,72.1,3011907,Americas
Venezuela,1985,8.47657065325324,72.2,17508059,Americas
Argentina,1986,8.78445718978931,72.0,30857242,Americas
Bolivia,1986,6.72389664789451,60.3,6337893,Americas
Brazil,1986,8.16841873966655,67.6,139664639,Americas
Chile,1986,7.826373361274049,72.6,12304203,Americas
Colombia,1986,7.64766687898975,70.6,31669780,Americas
Costa Rica,1986,7.95825010076925,76.4,2800986,Americas
Dominican Republic,1986,7.501409068597799,70.7,6626544,Americas
Ecuador,1986,7.17038325098343,70.3,9272905,Americas
El Salvador,1986,7.311129751901371,68.2,4986528,Americas
Guatemala,1986,7.22459552294825,63.0,8320498,Americas
Honduras,1986,6.927195133621531,67.8,4366401,Americas
Mexico,1986,8.45727520963341,70.3,78939441,Americas
Nicaragua,1986,7.0331886039631,66.0,3796914,Americas
Panama,1986,8.13518118743976,75.2,2268619,Americas
Paraguay,1986,7.160007971066969,73.5,3777764,Americas
Peru,1986,7.694152733286849,67.8,19996250,Americas
Trinidad and Tobago,1986,8.60481776061509,69.0,1184053,Americas
Uruguay,1986,8.48698313825084,72.2,3031032,Americas
Venezuela,1986,8.51347086474624,72.5,17968530,Americas
Argentina,1987,8.79836026316442,72.1,31326473,Americas
Bolivia,1987,6.726257931794111,60.8,6464736,Americas
Brazil,1987,8.18425542566729,68.0,142437479,Americas
Chile,1987,7.87345655854807,73.1,12507488,Americas
Colombia,1987,7.67930742947036,70.6,32324326,Americas
Costa Rica,1987,7.9979857562071,76.4,2872214,Americas
Dominican Republic,1987,7.57662298204965,70.9,6764623,Americas
Ecuador,1987,7.1238826592310796,70.4,9504132,Americas
El Salvador,1987,7.32339985076645,68.4,5051885,Americas
Guatemala,1987,7.23638688734042,63.3,8523785,Americas
Honduras,1987,6.9561391996934905,68.0,4497875,Americas
Mexico,1987,8.45506770472788,70.8,80571067,Americas
Nicaragua,1987,7.00473441348827,65.8,3882940,Americas
Panama,1987,8.09629355564275,75.2,2318444,Americas
Paraguay,1987,7.1743188118598304,73.7,3885433,Americas
Peru,1987,7.74892273219177,68.3,20451712,Americas
Trinidad and Tobago,1987,8.55043306185583,69.3,1195243,Americas
Uruguay,1987,8.557627181520509,72.4,3049962,Americas
Venezuela,1987,8.52334718847282,72.6,18437737,Americas
Argentina,1988,8.7578762022089,72.2,31795515,Americas
Bolivia,1988,6.73270007895764,61.4,6592787,Americas
Brazil,1988,8.16451012275955,68.2,145150468,Americas
Chile,1988,7.92703214012846,72.9,12716508,Americas
Colombia,1988,7.69876796127411,70.7,32975533,Americas
Costa Rica,1988,8.009097876296389,76.5,2944560,Americas
Dominican Republic,1988,7.57711865232548,71.0,6903314,Americas
Ecuador,1988,7.17996658488637,70.8,9739179,Americas
El Salvador,1988,7.3293327063786196,68.7,5117577,Americas
Guatemala,1988,7.25178296829388,64.0,8729406,Americas
Honduras,1988,6.97196415485518,68.0,4631491,Americas
Mexico,1988,8.44685050548238,71.1,82223153,Americas
Nicaragua,1988,6.85087644033975,68.1,3968453,Americas
Panama,1988,7.93217802001549,75.2,2368772,Americas
Paraguay,1988,7.2083819862179395,74.0,3994328,Americas
Peru,1988,7.63615069138684,68.8,20909897,Americas
Trinidad and Tobago,1988,8.50454579561501,69.4,1204890,Americas
Uruguay,1988,8.56604688804363,72.5,3069094,Americas
Venezuela,1988,8.55538345402998,72.7,18912431,Americas
Argentina,1989,8.66562302096901,72.4,32263559,Americas
Bolivia,1989,6.747378320766269,62.0,6723046,Americas
Brazil,1989,8.17881727686947,68.6,147801816,Americas
Chile,1989,8.01008663135153,72.7,12928491,Americas
Colombia,1989,7.7123841415274,70.8,33624442,Americas
Costa Rica,1989,8.03259853003212,76.5,3018953,Americas
Dominican Republic,1989,7.599647750724079,71.2,7042940,Americas
Ecuador,1989,7.166064876694831,71.1,9977380,Americas
El Salvador,1989,7.325683410630719,69.3,5184221,Americas
Guatemala,1989,7.26769617668311,64.7,8940285,Americas
Honduras,1989,6.98552900184004,68.2,4766802,Americas
Mexico,1989,8.46773589980677,71.6,83901643,Americas
Nicaragua,1989,6.812382547271481,70.5,4055262,Americas
Panama,1989,7.9272358408798,75.1,2419618,Americas
Paraguay,1989,7.237796615909,74.1,4103909,Americas
Peru,1989,7.49051624340351,69.3,21368856,Americas
Trinidad and Tobago,1989,8.49067355054568,69.5,1213625,Americas
Uruguay,1989,8.570546149050442,72.6,3088985,Americas
Venezuela,1989,8.44190741241257,72.7,19388262,Americas
Argentina,1990,8.62729566756688,72.6,32729740,Americas
Bolivia,1990,6.76990150379245,62.6,6856246,Americas
Brazil,1990,8.11760042819051,69.1,150393143,Americas
Chile,1990,8.02866726421481,73.0,13141202,Americas
Colombia,1990,7.75140806113611,70.9,34271563,Americas
Costa Rica,1990,8.045470505919619,76.6,3095994,Americas
Dominican Republic,1990,7.523316530224,71.3,7183646,Americas
Ecuador,1990,7.169512593138701,71.3,10218085,Americas
El Salvador,1990,7.35886053484586,69.8,5252082,Americas
Guatemala,1990,7.27538644957237,64.8,9158547,Americas
Honduras,1990,6.95824487353948,68.3,4903363,Americas
Mexico,1990,8.497530132543929,72.1,85609404,Americas
Nicaragua,1990,6.78904940754377,70.9,4144564,Americas
Panama,1990,7.984625435549999,75.2,2471010,Americas
Paraguay,1990,7.241898287198629,74.2,4213740,Americas
Peru,1990,7.417128835608731,69.4,21826658,Americas
Trinidad and Tobago,1990,8.49940875649508,69.6,1221904,Americas
Uruguay,1990,8.56673410284727,72.9,3109987,Americas
Venezuela,1990,8.481252415590768,72.7,19861959,Americas
Argentina,1991,8.732860168595751,72.7,33193920,Americas
Bolivia,1991,6.79816032696172,63.1,6992521,Americas
Brazil,1991,8.11606211968935,69.5,152916852,Americas
Chile,1991,8.08720412936903,74.0,13354054,Americas
Colombia,1991,7.75463671596286,70.9,34916770,Americas
Costa Rica,1991,8.0460273055719,76.6,3175654,Americas
Dominican Republic,1991,7.51273840957104,71.5,7325622,Americas
Ecuador,1991,7.19769941129629,71.6,10460988,Americas
El Salvador,1991,7.37901994840738,70.1,5321576,Americas
Guatemala,1991,7.28827772103917,64.4,9385000,Americas
Honduras,1991,6.96250685760544,68.3,5041050,Americas
Mexico,1991,8.519884923652379,72.5,87347208,Americas
Nicaragua,1991,6.76354720547326,71.4,4236805,Americas
Panama,1991,8.054091448303309,75.2,2522901,Americas
Paraguay,1991,7.24059586986789,74.2,4323402,Americas
Peru,1991,7.41862662070305,69.7,22283130,Americas
Trinidad and Tobago,1991,8.51870970812327,69.7,1229906,Americas
Uruguay,1991,8.594453636245131,73.2,3132048,Americas
Venezuela,1991,8.55172342433045,72.8,20332247,Americas
Argentina,1992,8.832259750502539,72.8,33655149,Americas
Bolivia,1992,6.791233168949799,63.6,7131699,Americas
Brazil,1992,8.09550308583156,69.7,155379009,Americas
Chile,1992,8.18463529599575,74.8,13566942,Americas
Colombia,1992,7.78479457777516,71.0,35558683,Americas
Costa Rica,1992,8.109305467141839,76.6,3257463,Americas
Dominican Republic,1992,7.593034454812231,71.8,7468551,Americas
Ecuador,1992,7.190863875769531,71.8,10705670,Americas
El Salvador,1992,7.43613745774667,70.2,5392142,Americas
Guatemala,1992,7.3123565714423,64.2,9619113,Americas
Honduras,1992,6.99003857067155,68.4,5179557,Americas
Mexico,1992,8.537084139517901,72.7,89110043,Americas
Nicaragua,1992,6.74302387352817,71.6,4331273,Americas
Panama,1992,8.11234007320405,75.3,2575330,Americas
Paraguay,1992,7.2492029561172195,74.1,4432738,Americas
Peru,1992,7.3950249694430195,70.0,22737056,Americas
Trinidad and Tobago,1992,8.494354134839059,69.6,1237486,Americas
Uruguay,1992,8.66355204312684,73.4,3154853,Americas
Venezuela,1992,8.58794569104913,72.9,20799471,Americas
Argentina,1993,8.876557594455429,73.1,34110912,Americas
Bolivia,1993,6.80979174695012,64.1,7273824,Americas
Brazil,1993,8.125668973554442,69.7,157812220,Americas
Chile,1993,8.23398075046286,75.1,13778676,Americas
Colombia,1993,7.78954014172104,71.1,36195170,Americas
Costa Rica,1993,8.15675314493768,76.6,3341005,Americas
Dominican Republic,1993,7.64352637091462,72.0,7611463,Americas
Ecuador,1993,7.172785137594769,72.0,10951200,Americas
El Salvador,1993,7.491806094837589,70.2,5461834,Americas
Guatemala,1993,7.327665985868619,64.3,9860063,Americas
Honduras,1993,7.024030745938781,68.2,5318042,Americas
Mexico,1993,8.538438731526579,73.0,90887097,Americas
Nicaragua,1993,6.71467459265432,72.0,4426577,Americas
Panama,1993,8.144892137549359,75.5,2628511,Americas
Paraguay,1993,7.2631620435212,73.9,4541902,Americas
Peru,1993,7.422822573928231,70.3,23184222,Americas
Trinidad and Tobago,1993,8.47181681936213,69.5,1244410,Americas
Uruguay,1993,8.6824582872851,73.4,3178156,Americas
Venezuela,1993,8.56857904026049,72.9,21263994,Americas
Argentina,1994,8.92046401624475,73.4,34558114,Americas
Bolivia,1994,6.8324155585070505,64.5,7418864,Americas
Brazil,1994,8.162386246537519,70.0,160260508,Americas
Chile,1994,8.27202117398854,75.1,13987999,Americas
Colombia,1994,7.827884925983371,71.3,36823539,Americas
Costa Rica,1994,8.178714991916111,76.6,3425692,Americas
Dominican Republic,1994,7.64762183491714,72.1,7753052,Americas
Ecuador,1994,7.19880673592731,72.2,11196476,Americas
El Salvador,1994,7.53636397840451,70.5,5528012,Americas
Guatemala,1994,7.34409067459004,65.0,10106463,Americas
Honduras,1994,6.985429598082451,68.2,5455481,Americas
Mexico,1994,8.56446254831573,73.3,92663664,Americas
Nicaragua,1994,6.723944571673731,72.3,4520727,Americas
Panama,1994,8.15249154869153,75.6,2682720,Americas
Paraguay,1994,7.275953838087241,73.9,4651222,Americas
Peru,1994,7.52516344804349,70.8,23619358,Americas
Trinidad and Tobago,1994,8.49927902970592,69.4,1250316,Americas
Uruguay,1994,8.745433548560479,73.4,3201604,Americas
Venezuela,1994,8.5231653896852,72.8,21726808,Americas
Argentina,1995,8.879046141950258,73.5,34994818,Americas
Bolivia,1995,6.85557180176255,65.0,7566716,Americas
Brazil,1995,8.19035604463823,70.2,162755054,Americas
Chile,1995,8.35661059566074,75.2,14193986,Americas
Colombia,1995,7.86045925521603,71.6,37441980,Americas
Costa Rica,1995,8.19253754393603,76.6,3510925,Americas
Dominican Republic,1995,7.68308186408293,72.2,7892420,Americas
Ecuador,1995,7.19749519437199,72.4,11440576,Americas
El Salvador,1995,7.58614427073529,71.2,5588743,Americas
Guatemala,1995,7.3694254890432,66.6,10357354,Americas
Honduras,1995,7.00085166834146,68.3,5591136,Americas
Mexico,1995,8.482978363088339,73.6,94426946,Americas
Nicaragua,1995,6.759307759889361,72.5,4612229,Americas
Panama,1995,8.14946928300165,75.8,2738125,Americas
Paraguay,1995,7.30582639276292,73.9,4760853,Americas
Peru,1995,7.5898497871737005,71.2,24038761,Americas
Trinidad and Tobago,1995,8.5313496259824,69.5,1255001,Americas
Uruguay,1995,8.723672425065029,73.5,3224807,Americas
Venezuela,1995,8.5408320902159,73.1,22188671,Americas
Argentina,1996,8.92052322400527,73.5,35419683,Americas
Bolivia,1996,6.87619344104033,65.4,7717445,Americas
Brazil,1996,8.19633399338055,70.5,165303155,Americas
Chile,1996,8.41288130819563,75.6,14396020,Americas
Colombia,1996,7.8628852316352305,71.8,38049040,Americas
Costa Rica,1996,8.17626293228265,76.8,3596733,Americas
Dominican Republic,1996,7.734628339752669,72.2,8029114,Americas
Ecuador,1996,7.203842006166759,72.6,11683480,Americas
El Salvador,1996,7.59299676321341,71.8,5643363,Americas
Guatemala,1996,7.375796415047231,67.6,10612300,Americas
Honduras,1996,7.0128587575087495,68.3,5724587,Americas
Mexico,1996,8.516061211168282,74.0,96181710,Americas
Nicaragua,1996,6.80030154963588,72.8,4700777,Americas
Panama,1996,8.15692617427179,76.0,2794845,Americas
Paraguay,1996,7.28720803779709,73.9,4870695,Americas
Peru,1996,7.597184567237769,71.8,24441076,Americas
Trinidad and Tobago,1996,8.56420193265077,69.6,1258365,Americas
Uruguay,1996,8.774190248777291,73.6,3248039,Americas
Venezuela,1996,8.51824265393775,73.6,22649212,Americas
Argentina,1997,8.98646099338247,73.6,35833965,Americas
Bolivia,1997,6.90295460908401,65.9,7870860,Americas
Brazil,1997,8.21426909930975,71.0,167893835,Americas
Chile,1997,8.462644952809,76.1,14594070,Americas
Colombia,1997,7.87892110310039,72.1,38645409,Americas
Costa Rica,1997,8.205237570474461,77.0,3682725,Americas
Dominican Republic,1997,7.794903575222139,72.3,8163474,Americas
Ecuador,1997,7.227311085501519,72.7,11924991,Americas
El Salvador,1997,7.626377328041719,71.9,5692300,Americas
Guatemala,1997,7.395827904364361,67.6,10871786,Americas
Honduras,1997,7.03923508504139,68.4,5855946,Americas
Mexico,1997,8.56489509202258,74.2,97925825,Americas
Nicaragua,1997,6.82002637259348,73.1,4786641,Americas
Panama,1997,8.19941741635855,76.2,2852739,Americas
Paraguay,1997,7.29461084742194,74.0,4980346,Americas
Peru,1997,7.6464530123087595,72.3,24827409,Americas
Trinidad and Tobago,1997,8.585692200519901,69.6,1260677,Americas
Uruguay,1997,8.84985296826807,73.8,3271014,Americas
Venezuela,1997,8.55989898519198,74.1,23108003,Americas
Argentina,1998,9.012556843411462,73.7,36241578,Americas
Bolivia,1998,6.93086370668228,66.4,8026257,Americas
Brazil,1998,8.19951412024619,71.2,170516482,Americas
Chile,1998,8.481113986857471,76.5,14788609,Americas
Colombia,1998,7.86717656560763,72.2,39234059,Americas
Costa Rica,1998,8.26088662365929,77.2,3767369,Americas
Dominican Republic,1998,7.84642626341635,72.3,8296375,Americas
Ecuador,1998,7.23257968148497,72.9,12163887,Americas
El Salvador,1998,7.6565301331467595,71.9,5736075,Americas
Guatemala,1998,7.42176432707173,67.7,11136814,Americas
Honduras,1998,7.046241184960341,63.7,5985675,Americas
Mexico,1998,8.596575592581559,74.3,99632299,Americas
Nicaragua,1998,6.83858203558629,71.6,4869627,Americas
Panama,1998,8.25035323247426,76.4,2911383,Americas
Paraguay,1998,7.278806442784621,74.1,5089306,Americas
Peru,1998,7.62329624600157,73.0,25199744,Americas
Trinidad and Tobago,1998,8.655870405164219,69.6,1262544,Americas
Uruguay,1998,8.88866153862681,74.1,3292134,Americas
Venezuela,1998,8.543253814585,74.3,23565734,Americas
Argentina,1999,8.966932241277359,74.0,36648054,Americas
Bolivia,1999,6.914320167866269,67.0,8182710,Americas
Brazil,1999,8.18726305809477,71.5,173153066,Americas
Chile,1999,8.51400848561985,76.9,14980484,Americas
Colombia,1999,7.807111979266419,72.3,39819279,Americas
Costa Rica,1999,8.315885594375331,77.4,3848725,Americas
Dominican Republic,1999,7.8955135927599205,72.6,8429116,Americas
Ecuador,1999,7.15186663498022,73.1,12398691,Americas
El Salvador,1999,7.6848395672631105,72.4,5775660,Americas
Guatemala,1999,7.43636128020414,68.2,11408815,Americas
Honduras,1999,7.00606507906027,68.6,6114534,Americas
Mexico,1999,8.61911224768008,74.6,101266570,Americas
Nicaragua,1999,6.8898514264556505,73.6,4949661,Americas
Panama,1999,8.26914923319891,76.7,2970193,Americas
Paraguay,1999,7.24272092340592,74.1,5196935,Americas
Peru,1999,7.61659431142165,73.6,25561297,Americas
Trinidad and Tobago,1999,8.694557019122259,69.4,1264781,Americas
Uruguay,1999,8.864494704470811,74.3,3309318,Americas
Venezuela,1999,8.46248730855617,74.0,24023355,Americas
Argentina,2000,8.94840324576216,74.3,37057453,Americas
Bolivia,2000,6.91860358969899,67.6,8339512,Americas
Brazil,2000,8.21504614301207,71.9,175786441,Americas
Chile,2000,8.54570081106764,77.2,15170387,Americas
Colombia,2000,7.8288244419480595,72.5,40403959,Americas
Costa Rica,2000,8.31110864214721,77.7,3925450,Americas
Dominican Republic,2000,7.9348420975553795,72.7,8562623,Americas
Ecuador,2000,7.163436966997429,73.2,12628596,Americas
El Salvador,2000,7.70121033865298,72.9,5811836,Americas
Guatemala,2000,7.448150583765451,68.5,11688660,Americas
Honduras,2000,7.041157614029091,68.8,6243080,Americas
Mexico,2000,8.66847366717437,75.1,102808590,Americas
Nicaragua,2000,6.91436072491005,73.9,5026792,Americas
Panama,2000,8.276646431447231,76.9,3028751,Americas
Paraguay,2000,7.18802137140399,74.1,5302703,Americas
Peru,2000,7.63074095907246,74.3,25914875,Americas
Trinidad and Tobago,2000,8.75006630481995,69.4,1267980,Americas
Uruguay,2000,8.841356060819018,74.6,3321242,Americas
Venezuela,2000,8.48026115867476,74.3,24481477,Americas
Argentina,2001,8.893306782928368,74.4,37471535,Americas
Bolivia,2001,6.915107495081981,68.2,8496378,Americas
Brazil,2001,8.21415113663473,72.2,178419396,Americas
Chile,2001,8.56674789087312,77.4,15358418,Americas
Colombia,2001,7.82904140785887,72.7,40988909,Americas
Costa Rica,2001,8.3006670067064,77.9,3996800,Americas
Dominican Republic,2001,7.93726395967509,72.7,8697127,Americas
Ecuador,2001,7.198798872436099,73.4,12852753,Americas
El Salvador,2001,7.71383760536901,73.2,5844738,Americas
Guatemala,2001,7.44698373731058,68.8,11976725,Americas
Honduras,2001,7.04747308473112,69.0,6371304,Americas
Mexico,2001,8.65329062855567,75.3,104239563,Americas
Nicaragua,2001,6.92887878647303,74.1,5100750,Americas
Panama,2001,8.263437250266941,77.1,3086887,Americas
Paraguay,2001,7.188007378670809,74.1,5406625,Americas
Peru,2001,7.61881995226457,74.7,26261363,Americas
Trinidad and Tobago,2001,8.786408369614131,69.5,1272383,Americas
Uruguay,2001,8.79988410392643,74.9,3327105,Americas
Venezuela,2001,8.4951377463907,74.3,24940223,Americas
Argentina,2002,8.76847999380444,74.3,37889443,Americas
Bolivia,2002,6.919808557486111,68.7,8653343,Americas
Brazil,2002,8.22681933643298,72.5,181045592,Americas
Chile,2002,8.57672945007442,77.6,15544554,Americas
Colombia,2002,7.837685804491401,72.9,41572493,Americas
Costa Rica,2002,8.30942599692966,78.1,4063208,Americas
Dominican Republic,2002,7.978236696969,72.6,8832286,Americas
Ecuador,2002,7.23163759771062,73.5,13072056,Americas
El Salvador,2002,7.733254692481,73.8,5874301,Americas
Guatemala,2002,7.46023732906532,69.3,12272208,Americas
Honduras,2002,7.06401559510393,69.3,6499001,Americas
Mexico,2002,8.64873074604117,75.4,105578297,Americas
Nicaragua,2002,6.9226770012725805,74.2,5171736,Americas
Panama,2002,8.26690461402747,77.2,3144728,Americas
Paraguay,2002,7.1255551992969695,74.0,5508615,Americas
Peru,2002,7.65450939631875,75.2,26601463,Americas
Trinidad and Tobago,2002,8.85994420888759,69.7,1277840,Americas
Uruguay,2002,8.71935976611115,75.0,3327770,Americas
Venezuela,2002,8.38420613838346,74.3,25399143,Americas
Argentina,2003,8.844070341211939,74.5,38309475,Americas
Bolivia,2003,6.927175746009481,69.2,8810420,Americas
Brazil,2003,8.22523329383715,72.7,183627339,Americas
Chile,2003,8.604457773296799,77.8,15729268,Americas
Colombia,2003,7.8603302109029505,73.4,42152147,Americas
Costa Rica,2003,8.352763678386161,78.3,4125970,Americas
Dominican Republic,2003,7.960619320157441,72.4,8967759,Americas
Ecuador,2003,7.24671940255826,73.6,13289600,Americas
El Salvador,2003,7.752611968993219,73.8,5900929,Americas
Guatemala,2003,7.46027227170089,69.5,12573346,Americas
Honduras,2003,7.08833763173717,69.5,6626304,Americas
Mexico,2003,8.64987264459338,75.4,106888418,Americas
Nicaragua,2003,6.934525043042849,74.3,5240876,Americas
Panama,2003,8.289878652614991,77.2,3202511,Americas
Paraguay,2003,7.1264928309209,73.8,5607948,Americas
Peru,2003,7.681437736960139,75.6,26937737,Americas
Trinidad and Tobago,2003,8.99132530199292,70.0,1284052,Americas
Uruguay,2003,8.728888841322862,75.0,3325637,Americas
Venezuela,2003,8.285639304419862,74.2,25857553,Americas
Argentina,2004,8.921624366266249,75.0,38728778,Americas
Bolivia,2004,6.949294870687929,69.7,8967740,Americas
Brazil,2004,8.26854087927202,73.0,186116363,Americas
Chile,2004,8.65236900661154,78.1,15913119,Americas
Colombia,2004,7.896741830334459,73.7,42724157,Americas
Costa Rica,2004,8.37657024494341,78.5,4187039,Americas
Dominican Republic,2004,7.958804838324361,72.0,9102997,Americas
Ecuador,2004,7.314417601476411,73.7,13509645,Americas
El Salvador,2004,7.76758048646594,73.6,5925089,Americas
Guatemala,2004,7.46631317726385,69.6,12877711,Americas
Honduras,2004,7.12875529376253,69.9,6753352,Americas
Mexico,2004,8.67742586539242,75.6,108257822,Americas
Nicaragua,2004,6.97355552974151,74.4,5309703,Americas
Panama,2004,8.34451957053099,77.2,3260611,Americas
Paraguay,2004,7.141973184248299,73.6,5703742,Americas
Peru,2004,7.7179787695267,75.9,27273188,Americas
Trinidad and Tobago,2004,9.0638769544075,70.4,1290535,Americas
Uruguay,2004,8.77826593792565,75.2,3324096,Americas
Venezuela,2004,8.43608921257696,74.6,26314483,Americas
Argentina,2005,9.0006034692101,75.4,39145491,Americas
Bolivia,2005,6.97449606055058,70.0,9125405,Americas
Brazil,2005,8.288187282010519,73.4,188479240,Americas
Chile,2005,8.696019986638559,78.4,16096571,Americas
Colombia,2005,7.92740182051314,74.1,43285636,Americas
Costa Rica,2005,8.41649113095402,78.8,4247843,Americas
Dominican Republic,2005,8.03278730448787,72.1,9237565,Americas
Ecuador,2005,7.35393156779093,73.8,13735232,Americas
El Salvador,2005,7.798992229962501,73.4,5947206,Americas
Guatemala,2005,7.47352344786332,69.5,13183505,Americas
Honduras,2005,7.16751937902702,70.1,6880181,Americas
Mexico,2005,8.69661953428684,75.6,109747906,Americas
Nicaragua,2005,7.00281210396757,74.6,5379327,Americas
Panama,2005,8.39640947780042,77.2,3319301,Americas
Paraguay,2005,7.19376626745051,73.5,5795493,Americas
Peru,2005,7.77245670508275,76.2,27610406,Americas
Trinidad and Tobago,2005,9.11629581291594,70.9,1296933,Americas
Uruguay,2005,8.84900763663501,75.4,3325608,Americas
Venezuela,2005,8.5172084317001,75.0,26769115,Americas
Argentina,2006,9.07305064519619,75.5,39558750,Americas
Bolivia,2006,7.0040090689009205,70.3,9283345,Americas
Brazil,2006,8.316436132958241,73.7,190698241,Americas
Chile,2006,8.73070803951277,78.6,16279728,Americas
Colombia,2006,7.97710346292779,74.5,43835744,Americas
Costa Rica,2006,8.48398263646456,79.2,4308790,Americas
Dominican Republic,2006,8.1198178693712,72.2,9371333,Americas
Ecuador,2006,7.38459011171142,73.8,13967490,Americas
El Salvador,2006,7.83341145743067,73.4,5967556,Americas
Guatemala,2006,7.50124527945763,69.9,13490041,Americas
Honduras,2006,7.21118547547625,70.4,7007029,Americas
Mexico,2006,8.73422647042019,75.8,111382857,Americas
Nicaragua,2006,7.0308189590171395,74.8,5450217,Americas
Panama,2006,8.461020676336,77.2,3378600,Americas
Paraguay,2006,7.210061633921679,73.5,5882797,Americas
Peru,2006,7.8359116263802395,76.5,27949958,Americas
Trinidad and Tobago,2006,9.236463597824411,71.2,1303141,Americas
Uruguay,2006,8.88653444463697,75.5,3331041,Americas
Venezuela,2006,8.594417479196219,74.8,27221228,Americas
Argentina,2007,9.14726089503577,75.4,39969903,Americas
Bolivia,2007,7.03193018084556,70.6,9441482,Americas
Brazil,2007,8.3658640931146,73.8,192784521,Americas
Chile,2007,8.76574039722182,78.8,16462701,Americas
Colombia,2007,8.02893671297003,74.9,44374647,Americas
Costa Rica,2007,8.54431898892203,79.5,4369465,Americas
Dominican Republic,2007,8.18704144860492,72.2,9504336,Americas
Ecuador,2007,7.3894824197794104,73.9,14205479,Americas
El Salvador,2007,7.86675674793882,73.7,5986414,Americas
Guatemala,2007,7.53783031181998,70.6,13797629,Americas
Honduras,2007,7.25133012226888,70.6,7133737,Americas
Mexico,2007,8.753542345905991,75.9,113139374,Americas
Nicaragua,2007,7.06720060539765,75.0,5522119,Americas
Panama,2007,8.55847314364985,77.1,3438398,Americas
Paraguay,2007,7.27944611421088,73.6,5966160,Americas
Peru,2007,7.91052283483125,76.6,28292768,Americas
Trinidad and Tobago,2007,9.27937603641417,71.3,1309260,Americas
Uruguay,2007,8.947054868298132,75.7,3339750,Americas
Venezuela,2007,8.66174859512465,74.6,27670659,Americas
Argentina,2008,9.203903121868251,75.5,40381860,Americas
Bolivia,2008,7.07535621547919,70.9,9599916,Americas
Brazil,2008,8.40711248404956,73.9,194769696,Americas
Chile,2008,8.791996378710719,78.9,16645940,Americas
Colombia,2008,8.04916446452645,75.1,44901660,Americas
Costa Rica,2008,8.55577699871111,79.7,4429506,Americas
Dominican Republic,2008,8.22440741104236,72.5,9636491,Americas
Ecuador,2008,7.44456033191285,74.0,14447600,Americas
El Salvador,2008,7.87471551462692,74.1,6004199,Americas
Guatemala,2008,7.545565530673059,70.8,14106687,Americas
Honduras,2008,7.27287054150686,70.9,7259470,Americas
Mexico,2008,8.75258355149022,75.7,114972821,Americas
Nicaragua,2008,7.08295032239489,75.2,5594524,Americas
Panama,2008,8.63832984823809,77.1,3498679,Americas
Paraguay,2008,7.30232058010063,73.6,6047131,Americas
Peru,2008,7.993548412927541,76.8,28642048,Americas
Trinidad and Tobago,2008,9.3019768766371,71.3,1315372,Americas
Uruguay,2008,9.01331059146504,76.0,3350832,Americas
Venezuela,2008,8.69686874279008,74.4,28116716,Americas
Argentina,2009,9.203640882830651,75.6,40798641,Americas
Bolivia,2009,7.09239122634025,71.1,9758799,Americas
Brazil,2009,8.394971023073701,74.0,196701298,Americas
Chile,2009,8.772088265571039,78.8,16829957,Americas
Colombia,2009,8.05124383966941,75.3,45416276,Americas
Costa Rica,2009,8.5304974959606,79.6,4488261,Americas
Dominican Republic,2009,8.244809443770809,72.7,9767737,Americas
Ecuador,2009,7.43370625391657,74.1,14691310,Americas
El Salvador,2009,7.83787237345101,74.0,6021368,Americas
Guatemala,2009,7.526083462131339,70.7,14418033,Americas
Honduras,2009,7.231382233512419,71.1,7383098,Americas
Mexico,2009,8.678566864848571,75.5,116815612,Americas
Nicaragua,2009,7.05520784473009,75.5,5666595,Americas
Panama,2009,8.66003051196442,77.1,3559401,Americas
Paraguay,2009,7.24876129462041,73.5,6127847,Americas
Peru,2009,7.99131694714391,76.7,29001563,Americas
Trinidad and Tobago,2009,9.264439416213788,71.2,1321624,Americas
Uruguay,2009,9.03394072791309,76.3,3362761,Americas
Venezuela,2009,8.64837653969094,74.5,28558607,Americas
Argentina,2010,9.282597703178391,75.8,41222875,Americas
Bolivia,2010,7.1169530244167305,71.3,9918245,Americas
Brazil,2010,8.45884647476526,74.2,198614208,Americas
Chile,2010,8.82198256851397,78.8,17015048,Americas
Colombia,2010,8.07653760946692,75.3,45918101,Americas
Costa Rica,2010,8.561509778903499,79.6,4545273,Americas
Dominican Republic,2010,8.3062348744197,73.1,9897983,Americas
Ecuador,2010,7.45475013177888,74.2,14934692,Americas
El Salvador,2010,7.84615486930489,73.8,6038306,Americas
Guatemala,2010,7.52976475024842,70.8,14732261,Americas
Honduras,2010,7.23872370596314,71.3,7503875,Americas
Mexico,2010,8.72008661730912,75.7,118617542,Americas
Nicaragua,2010,7.0725773956568805,75.8,5737722,Americas
Panama,2010,8.71761451633359,77.2,3620506,Americas
Paraguay,2010,7.36431667614024,73.4,6209877,Americas
Peru,2010,8.06475427009406,76.8,29373644,Americas
Trinidad and Tobago,2010,9.26061838398896,71.1,1328095,Americas
Uruguay,2010,9.11567737319503,76.5,3374414,Americas
Venezuela,2010,8.617647049614419,74.7,28995745,Americas
Argentina,2011,9.358900903427061,75.9,41655616,Americas
Bolivia,2011,7.1515862534961405,71.5,10078238,Americas
Brazil,2011,8.47707891390521,74.5,200517584,Americas
Chile,2011,8.87107562404211,78.9,17201305,Americas
Colombia,2011,8.120429793374491,75.4,46406446,Americas
Costa Rica,2011,8.58817339740516,79.6,4600487,Americas
Dominican Republic,2011,8.33719159144018,73.3,10027140,Americas
Ecuador,2011,7.51589375804035,74.4,15177280,Americas
El Salvador,2011,7.855201831165941,73.7,6055208,Americas
Guatemala,2011,7.542438052499441,71.4,15049280,Americas
Honduras,2011,7.25422910964042,71.6,7621414,Americas
Mexico,2011,8.74643860683498,76.2,120365271,Americas
Nicaragua,2011,7.10782831269826,76.0,5807787,Americas
Panama,2011,8.803032803930652,77.4,3681979,Americas
Paraguay,2011,7.41311593678717,73.5,6293763,Americas
Peru,2011,8.11955261228428,76.8,29759891,Americas
Trinidad and Tobago,2011,9.21511925390838,71.1,1334790,Americas
Uruguay,2011,9.16754315611501,76.6,3385610,Americas
Venezuela,2011,8.64328158889611,75.0,29427631,Americas
